ID,Pred
2026_1163_1181,0.374741381
2026_1155_1181,0.293896169
2026_1104_1181,0.349465814
2026_1103_1181,0.282296528
2026_1112_1181,0.263111609
2026_1116_1181,0.076320919
2026_1140_1181,0.239407623
2026_1155_1163,0.502003933
2026_1104_1163,0.565413772
2026_1103_1163,0.487865651
2026_1112_1163,0.463737131
2026_1116_1163,0.1667461
2026_1140_1163,0.43256873
2026_1181_1277,0.83883385
2026_1163_1277,0.682443786
2026_1242_1277,0.290401223
2026_1257_1277,0.492809069
2026_1202_1277,0.371608813
2026_1196_1277,0.812782397
2026_1222_1277,0.771854817
2026_1228_1277,0.58808406
2026_1155_1277,0.598788268
2026_1234_1277,0.41312002
2026_1270_1277,0.633482753
2026_1225_1277,0.1666996
2026_1250_1277,0.092423612
2026_1276_1277,0.303876236
2026_1235_1277,0.476324513
2026_1104_1277,0.658263742
2026_1246_1277,0.515702913
2026_1208_1277,0.3830289
2026_1275_1277,0.297132723
2026_1103_1277,0.585126901
2026_1220_1277,0.079189973
2026_1224_1277,0.09987203
2026_1112_1277,0.561461693
2026_1211_1277,0.750559409
2026_1116_1277,0.228559475
2026_1140_1277,0.530219269
2026_1274_1277,0.2028782
2026_1219_1277,0.763562324
2026_1218_1277,0.099508783
2026_1244_1277,0.163578916
2026_1254_1277,0.104708398
2026_1181_1242,0.948613959
2026_1163_1242,0.884022246
2026_1202_1242,0.677157078
2026_1196_1242,0.939017682
2026_1222_1242,0.92307452
2026_1228_1242,0.835085799
2026_1155_1242,0.841105587
2026_1234_1242,0.714017397
2026_1225_1242,0.415046381
2026_1235_1242,0.763377335
2026_1104_1242,0.872319526
2026_1208_1242,0.687691056
2026_1103_1242,0.833399528
2026_1220_1242,0.233734023
2026_1224_1242,0.282399809
2026_1112_1242,0.819528294
2026_1211_1242,0.914327471
2026_1116_1242,0.512396312
2026_1140_1242,0.80012617
2026_1219_1242,0.9197067
2026_1218_1242,0.281580361
2026_1181_1385,0.815214358
2026_1163_1385,0.645588379
2026_1277_1385,0.551640233
2026_1242_1385,0.257546795
2026_1257_1385,0.451629772
2026_1326_1385,0.339968626
2026_1378_1385,0.125560483
2026_1320_1385,0.241184008
2026_1295_1385,0.437359556
2026_1202_1385,0.333889971
2026_1373_1385,0.165061268
2026_1196_1385,0.786317541
2026_1222_1385,0.74144491
2026_1228_1385,0.547538078
2026_1304_1385,0.191904095
2026_1314_1385,0.380178451
2026_1155_1385,0.558504923
2026_1234_1385,0.373693394
2026_1270_1385,0.594322839
2026_1335_1385,0.090448661
2026_1225_1385,0.14498075
2026_1250_1385,0.079459214
2026_1341_1385,0.047288097
2026_1276_1385,0.270077548
2026_1235_1385,0.435340351
2026_1104_1385,0.620163961
2026_1246_1385,0.474399935
2026_1208_1385,0.34478691
2026_1365_1385,0.417602492
2026_1275_1385,0.263799849
2026_1374_1385,0.522439176
2026_1103_1385,0.544515287
2026_1220_1385,0.067942912
2026_1224_1385,0.08596179
2026_1112_1385,0.520432162
2026_1345_1385,0.526261764
2026_1211_1385,0.71834678
2026_1116_1385,0.200722424
2026_1140_1385,0.488927407
2026_1274_1385,0.17744949
2026_1281_1385,0.677752989
2026_1301_1385,0.224542537
2026_1219_1385,0.732430264
2026_1218_1385,0.085644323
2026_1244_1385,0.142197271
2026_1254_1385,0.090192042
2026_1181_1257,0.886045076
2026_1163_1257,0.762496095
2026_1242_1257,0.379411185
2026_1202_1257,0.469056312
2026_1196_1257,0.866409655
2026_1222_1257,0.834823027
2026_1228_1257,0.680797372
2026_1155_1257,0.690360837
2026_1234_1257,0.512573809
2026_1225_1257,0.230088281
2026_1250_1257,0.132043839
2026_1235_1257,0.576058855
2026_1104_1257,0.742108103
2026_1246_1257,0.614014878
2026_1208_1257,0.481177968
2026_1103_1257,0.678141526
2026_1220_1257,0.113848831
2026_1224_1257,0.142185021
2026_1112_1257,0.656668845
2026_1211_1257,0.818019413
2026_1116_1257,0.306810079
2026_1140_1257,0.62771174
2026_1219_1257,0.828310166
2026_1218_1257,0.141692102
2026_1244_1257,0.226102918
2026_1254_1257,0.148731853
2026_1181_1417,0.860517875
2026_1163_1417,0.718097968
2026_1277_1417,0.632427129
2026_1242_1417,0.326641395
2026_1385_1417,0.669951478
2026_1257_1417,0.535255247
2026_1326_1417,0.418705248
2026_1395_1417,0.220740639
2026_1416_1417,0.272584298
2026_1378_1417,0.167220966
2026_1320_1417,0.307708148
2026_1295_1417,0.520852436
2026_1202_1417,0.412097763
2026_1373_1417,0.216581803
2026_1196_1417,0.837291623
2026_1222_1417,0.800406252
2026_1228_1417,0.628566432
2026_1304_1417,0.249301386
2026_1314_1417,0.461713205
2026_1388_1417,0.799275444
2026_1155_1417,0.638864664
2026_1234_1417,0.454857987
2026_1401_1417,0.541578185
2026_1270_1417,0.671991969
2026_1407_1417,0.429355598
2026_1335_1417,0.122085699
2026_1225_1417,0.191672407
2026_1250_1417,0.10770756
2026_1341_1417,0.064905779
2026_1276_1417,0.34098993
2026_1235_1417,0.518803198
2026_1104_1417,0.695421124
2026_1403_1417,0.743693381
2026_1397_1417,0.699452738
2026_1246_1417,0.557951741
2026_1208_1417,0.42392272
2026_1387_1417,0.149063242
2026_1365_1417,0.500680019
2026_1275_1417,0.333817757
2026_1374_1417,0.60471741
2026_1103_1417,0.62571493
2026_1220_1417,0.09250856
2026_1398_1417,0.178678486
2026_1224_1417,0.116229967
2026_1112_1417,0.602793283
2026_1345_1417,0.608375093
2026_1211_1417,0.781019791
2026_1116_1417,0.259908916
2026_1140_1417,0.572252113
2026_1274_1417,0.231763426
2026_1281_1417,0.74626831
2026_1301_1417,0.288220026
2026_1400_1417,0.536469768
2026_1219_1417,0.792873045
2026_1218_1417,0.11581488
2026_1244_1417,0.188189801
2026_1254_1417,0.121751334
2026_1181_1326,1
2026_1163_1326,0.836957099
2026_1277_1326,0.776147715
2026_1242_1326,0.494324728
2026_1257_1326,0.698879631
2026_1320_1326,0.472492102
2026_1295_1326,0.686578407
2026_1202_1326,0.585504802
2026_1196_1326,0.912049971
2026_1222_1326,0.889883183
2026_1228_1326,0.773255335
2026_1304_1326,0.400921101
2026_1314_1326,0.633500931
2026_1155_1326,0.780940044
2026_1234_1326,0.627066382
2026_1270_1326,0.805012343
2026_1225_1326,0.323339533
2026_1250_1326,0.195657247
2026_1276_1326,0.510455272
2026_1235_1326,0.684809036
2026_1104_1326,0.821464397
2026_1246_1326,0.717798284
2026_1208_1326,0.597250637
2026_1275_1326,0.502436228
2026_1103_1326,0.771110126
2026_1220_1326,0.170417691
2026_1224_1326,0.209504768
2026_1112_1326,0.753586081
2026_1211_1326,0.877861392
2026_1116_1326,0.414418518
2026_1140_1326,0.729435165
2026_1274_1326,0.378088962
2026_1281_1326,0.855637694
2026_1301_1326,0.44934151
2026_1219_1326,0.88524289
2026_1218_1326,0.208835285
2026_1244_1326,0.318406953
2026_1254_1326,0.218362253
2026_1181_1395,1
2026_1163_1395,0.928841228
2026_1277_1395,0.898130356
2026_1242_1395,0.713115294
2026_1385_1395,0.912291714
2026_1257_1395,0.855107264
2026_1326_1395,0.786824101
2026_1378_1395,0.507130905
2026_1320_1395,0.694898642
2026_1295_1395,0.847798277
2026_1202_1395,0.782224616
2026_1373_1395,0.586200296
2026_1196_1395,0.96346237
2026_1222_1395,0.953594174
2026_1228_1395,0.896604138
2026_1304_1395,0.629864626
2026_1314_1395,0.814652658
2026_1388_1395,0.953280601
2026_1155_1395,0.900645518
2026_1234_1395,0.810446916
2026_1270_1395,0.913028459
2026_1335_1395,0.416089357
2026_1225_1395,0.548546109
2026_1250_1395,0.382158539
2026_1341_1395,0.262361058
2026_1276_1395,0.726133265
2026_1235_1395,0.846735877
2026_1104_1395,0.921258136
2026_1246_1395,0.866091198
2026_1208_1395,0.790391547
2026_1387_1395,0.47302887
2026_1365_1395,0.837085118
2026_1275_1395,0.719707211
2026_1374_1395,0.886867726
2026_1103_1395,0.895468162
2026_1220_1395,0.343123599
2026_1224_1395,0.402598803
2026_1112_1395,0.886058245
2026_1345_1395,0.888396419
2026_1211_1395,0.948122421
2026_1116_1395,0.642799543
2026_1140_1395,0.872697572
2026_1274_1395,0.607209438
2026_1281_1395,0.937776893
2026_1301_1395,0.6747906
2026_1219_1395,0.951492298
2026_1218_1395,0.401625778
2026_1244_1395,0.542934573
2026_1254_1395,0.415330718
2026_1181_1416,0.959835194
2026_1163_1416,0.90798021
2026_1277_1416,0.869530727
2026_1242_1416,0.652661181
2026_1385_1416,0.887168375
2026_1257_1416,0.816891575
2026_1326_1416,0.736155563
2026_1395_1416,0.523187611
2026_1378_1416,0.437508537
2026_1320_1416,0.63258362
2026_1295_1416,0.808087479
2026_1202_1416,0.730836833
2026_1373_1416,0.517111862
2026_1196_1416,0.952228939
2026_1222_1416,0.939517245
2026_1228_1416,0.867639175
2026_1304_1416,0.562627075
2026_1314_1416,0.768653724
2026_1388_1416,0.939114625
2026_1155_1416,0.872651892
2026_1234_1416,0.763706962
2026_1401_1416,0.820666587
2026_1270_1416,0.888090269
2026_1407_1416,0.744538289
2026_1335_1416,0.350087818
2026_1225_1416,0.478760989
2026_1250_1416,0.318602491
2026_1341_1416,0.211895391
2026_1276_1416,0.667141935
2026_1235_1416,0.806811053
2026_1104_1416,0.898417173
2026_1403_1416,0.918296755
2026_1397_1416,0.900147607
2026_1246_1416,0.830197261
2026_1208_1416,0.740291057
2026_1387_1416,0.40424831
2026_1365_1416,0.795254199
2026_1275_1416,0.659979857
2026_1374_1416,0.855614467
2026_1103_1416,0.866232448
2026_1220_1416,0.283084927
2026_1398_1416,0.457315623
2026_1224_1416,0.33750031
2026_1112_1416,0.854618022
2026_1345_1416,0.857497611
2026_1211_1416,0.932503153
2026_1116_1416,0.576331206
2026_1140_1416,0.838243729
2026_1274_1416,0.538869397
2026_1281_1416,0.919307894
2026_1301_1416,0.610669631
2026_1400_1416,0.817620874
2026_1219_1416,0.936820021
2026_1218_1416,0.336595972
2026_1244_1416,0.4731152
2026_1254_1416,0.349377514
2026_1181_1378,0.978068859
2026_1163_1378,0.948491255
2026_1277_1378,0.925581525
2026_1242_1378,0.778105393
2026_1257_1378,0.892767802
2026_1326_1378,0.838888866
2026_1320_1378,0.762641917
2026_1295_1378,0.88710776
2026_1202_1378,0.835177414
2026_1373_1378,0.666495325
2026_1196_1378,0.973821447
2026_1222_1378,0.96665423
2026_1228_1378,0.924431978
2026_1304_1378,0.705937186
2026_1314_1378,0.861120405
2026_1155_1378,0.927473649
2026_1234_1378,0.857785
2026_1270_1378,0.936747722
2026_1335_1378,0.501312206
2026_1225_1378,0.631555296
2026_1250_1378,0.465977759
2026_1341_1378,0.334114037
2026_1276_1378,0.789046696
2026_1235_1378,0.886282944
2026_1104_1378,0.942873396
2026_1246_1378,0.901226564
2026_1208_1378,0.841760248
2026_1365_1378,0.878765847
2026_1275_1378,0.783657033
2026_1374_1378,0.917073649
2026_1103_1378,0.923575677
2026_1220_1378,0.424260321
2026_1224_1378,0.487364789
2026_1112_1378,0.916459938
2026_1345_1378,0.918231817
2026_1211_1378,0.962662105
2026_1116_1378,0.717406378
2026_1140_1378,0.906287097
2026_1274_1378,0.685614156
2026_1281_1378,0.955078731
2026_1301_1378,0.745362536
2026_1219_1378,0.965122253
2026_1218_1378,0.486353682
2026_1244_1378,0.626272589
2026_1254_1378,0.500531379
2026_1181_1320,0.952712902
2026_1163_1320,0.892690674
2026_1277_1320,0.848915656
2026_1242_1320,0.613029135
2026_1257_1320,0.78996817
2026_1295_1320,0.780217846
2026_1202_1320,0.695969564
2026_1196_1320,0.943836777
2026_1222_1320,0.929058331
2026_1228_1320,0.846777891
2026_1304_1320,0.520272996
2026_1314_1320,0.73692183
2026_1155_1320,0.852446299
2026_1234_1320,0.731533542
2026_1270_1320,0.869969201
2026_1225_1320,0.436420656
2026_1250_1320,0.282742975
2026_1276_1320,0.628220972
2026_1235_1320,0.778806795
2026_1104_1320,0.881745635
2026_1246_1320,0.804762681
2026_1208_1320,0.706156076
2026_1275_1320,0.620697571
2026_1103_1320,0.84518901
2026_1220_1320,0.249757736
2026_1224_1320,0.300451663
2026_1112_1320,0.832101619
2026_1211_1320,0.920933409
2026_1116_1320,0.534205527
2026_1140_1320,0.813744016
2026_1274_1320,0.496274464
2026_1281_1320,0.905705045
2026_1301_1320,0.569407334
2026_1219_1320,0.925931463
2026_1218_1320,0.299601704
2026_1244_1320,0.430861441
2026_1254_1320,0.311638369
2026_1181_1465,0.964107615
2026_1163_1465,0.917293269
2026_1277_1465,0.882230419
2026_1242_1465,0.678669642
2026_1385_1465,0.89835194
2026_1257_1465,0.833735351
2026_1417_1465,0.863385967
2026_1326_1465,0.75822802
2026_1395_1465,0.55223975
2026_1416_1465,0.619995621
2026_1378_1465,0.466457352
2026_1320_1465,0.659310702
2026_1295_1465,0.825568193
2026_1202_1465,0.753205071
2026_1373_1465,0.546213107
2026_1196_1465,0.957274439
2026_1222_1465,0.945828956
2026_1228_1465,0.880497683
2026_1304_1465,0.591154033
2026_1435_1465,0.834314713
2026_1314_1465,0.78878751
2026_1388_1465,0.945465912
2026_1155_1465,0.885087923
2026_1234_1465,0.784150365
2026_1401_1465,0.837232299
2026_1433_1465,0.89320658
2026_1270_1465,0.899192841
2026_1407_1465,0.766132258
2026_1335_1465,0.377130465
2026_1225_1465,0.507974356
2026_1250_1465,0.344502236
2026_1341_1465,0.232075121
2026_1276_1465,0.69257683
2026_1235_1465,0.824382765
2026_1438_1465,0.458272452
2026_1104_1465,0.908600654
2026_1403_1465,0.926650053
2026_1397_1465,0.910174959
2026_1246_1465,0.846047743
2026_1208_1465,0.762129341
2026_1387_1465,0.432689275
2026_1365_1465,0.813634269
2026_1275_1465,0.685704205
2026_1374_1465,0.869465396
2026_1103_1465,0.87920859
2026_1220_1465,0.307399934
2026_1460_1465,0.565157264
2026_1398_1465,0.486441631
2026_1224_1465,0.36411538
2026_1420_1465,0.390095679
2026_1112_1465,0.868549854
2026_1345_1465,0.871195085
2026_1211_1465,0.939499689
2026_1116_1465,0.604592507
2026_1458_1465,0.840683629
2026_1140_1465,0.853475667
2026_1274_1465,0.567755447
2026_1437_1465,0.822588218
2026_1429_1465,0.904806799
2026_1281_1465,0.927565968
2026_1301_1465,0.638078776
2026_1400_1465,0.834411162
2026_1219_1465,0.943396244
2026_1218_1465,0.363178821
2026_1244_1465,0.502316061
2026_1254_1465,0.37639707
2026_1181_1295,0.891751895
2026_1163_1295,0.772803681
2026_1277_1295,0.696736996
2026_1242_1295,0.393111701
2026_1257_1295,0.60597385
2026_1202_1295,0.48347205
2026_1196_1295,0.872958819
2026_1222_1295,0.842639455
2026_1228_1295,0.69322411
2026_1155_1295,0.702577917
2026_1234_1295,0.526999482
2026_1270_1295,0.732309633
2026_1225_1295,0.240486242
2026_1250_1295,0.138809889
2026_1276_1295,0.408608269
2026_1235_1295,0.59010814
2026_1104_1295,0.753013908
2026_1246_1295,0.627619422
2026_1208_1295,0.495618492
2026_1275_1295,0.40087901
2026_1103_1295,0.690624673
2026_1220_1295,0.119811249
2026_1224_1295,0.149381281
2026_1112_1295,0.669579019
2026_1211_1295,0.826465722
2026_1116_1295,0.319237565
2026_1140_1295,0.641115689
2026_1274_1295,0.287160207
2026_1281_1295,0.797052301
2026_1219_1295,0.836374386
2026_1218_1295,0.148867744
2026_1244_1295,0.23637607
2026_1254_1295,0.156199126
2026_1181_1202,0.92740675
2026_1163_1202,1
2026_1196_1202,0.914208231
2026_1155_1202,0.785559221
2026_1104_1202,0.82542009
2026_1103_1202,0.775877094
2026_1112_1202,0.75860376
2026_1116_1202,0.421036564
2026_1140_1202,0.73477154
2026_1181_1373,0
2026_1163_1373,0.930433472
2026_1277_1373,0.90033605
2026_1242_1373,0.71806945
2026_1257_1373,0.858097318
2026_1326_1373,0.790878661
2026_1320_1373,0.700035053
2026_1295_1373,0.850912865
2026_1202_1373,0.786342903
2026_1196_1373,0.9643097
2026_1222_1373,0.954659585
2026_1228_1373,0.898839156
2026_1304_1373,0.635521634
2026_1314_1373,0.818300154
2026_1155_1373,0.902802647
2026_1234_1373,0.814158297
2026_1270_1373,0.914942128
2026_1335_1373,0.422015479
2026_1225_1373,0.554567035
2026_1250_1373,0.387922457
2026_1341_1373,0.267099246
2026_1276_1373,0.730947434
2026_1235_1373,0.849868355
2026_1104_1373,0.923005994
2026_1246_1373,0.868889338
2026_1208_1373,0.794395986
2026_1365_1373,0.840377658
2026_1275_1373,0.724591496
2026_1103_1373,0.897724934
2026_1220_1373,0.348630985
2026_1224_1373,0.408467195
2026_1112_1373,0.888492874
2026_1345_1373,0.890787245
2026_1211_1373,0.949306777
2026_1116_1373,0.648369223
2026_1140_1373,0.875377529
2026_1274_1373,0.612999955
2026_1281_1373,0.939182285
2026_1301_1373,0.680109697
2026_1219_1373,0.952603566
2026_1218_1373,0.407489661
2026_1244_1373,0.548968804
2026_1254_1373,0.42125383
2026_1181_1196,0.63506482
2026_1163_1196,0.418108215
2026_1155_1196,1
2026_1104_1196,0.391740231
2026_1103_1196,0.320448063
2026_1112_1196,0.299753252
2026_1116_1196,0.090131315
2026_1140_1196,0.273975529
2026_1181_1222,0.690698072
2026_1163_1222,0.479719468
2026_1202_1222,0.202375489
2026_1196_1222,0.65067325
2026_1155_1222,0.390366195
2026_1104_1222,0.452487402
2026_1208_1222,0.210335599
2026_1103_1222,0.376991881
2026_1220_1222,0.035585051
2026_1112_1222,0.354550639
2026_1211_1222,0.563506669
2026_1116_1222,0.112779888
2026_1140_1222,0.326256107
2026_1219_1222,0.580814563
2026_1218_1222,0.045265572
2026_1181_1228,0.841061647
2026_1163_1228,0.686024206
2026_1202_1228,0.375486732
2026_1196_1228,0.815291008
2026_1222_1228,0.774759859
2026_1155_1228,0.602762874
2026_1225_1228,0.169014323
2026_1104_1228,0.661981757
2026_1208_1228,0.386952607
2026_1103_1228,0.589143983
2026_1220_1228,0.080406823
2026_1224_1228,0.101371697
2026_1112_1228,0.565537777
2026_1211_1228,0.753649066
2026_1116_1228,0.231494537
2026_1140_1228,0.534344905
2026_1219_1228,0.766541019
2026_1218_1228,0.101003608
2026_1181_1304,0.964241782
2026_1163_1304,0.91758747
2026_1277_1304,0.882633386
2026_1242_1304,0.679516104
2026_1257_1304,0.834273081
2026_1295_1304,0.826126829
2026_1202_1304,0.75392638
2026_1196_1304,0.957433021
2026_1222_1304,0.946027623
2026_1228_1304,0.880905779
2026_1155_1304,0.885482382
2026_1234_1304,0.78480707
2026_1270_1304,0.899544377
2026_1225_1304,0.508945122
2026_1250_1304,0.345379892
2026_1276_1304,0.693403207
2026_1235_1304,0.824944392
2026_1104_1304,0.908922706
2026_1246_1304,0.846552981
2026_1208_1304,0.762832779
2026_1275_1304,0.686540695
2026_1103_1304,0.879620486
2026_1220_1304,0.308227514
2026_1224_1304,0.365015179
2026_1112_1304,0.86899268
2026_1211_1304,0.939720089
2026_1116_1304,0.605520682
2026_1140_1304,0.853960736
2026_1274_1304,0.568708408
2026_1281_1304,0.927826503
2026_1301_1304,0.638975284
2026_1219_1304,0.943603301
2026_1218_1304,0.36407763
2026_1244_1304,0.503287074
2026_1254_1304,0.37730921
2026_1181_1435,0.885621803
2026_1163_1435,0.761737318
2026_1277_1435,0.683483039
2026_1242_1435,0.378426214
2026_1385_1435,0.718118375
2026_1257_1435,0.591081246
2026_1417_1435,0.645611443
2026_1326_1435,0.4747941
2026_1395_1435,0.262275708
2026_1416_1435,0.31987015
2026_1378_1435,0.201286883
2026_1320_1435,0.358087586
2026_1295_1435,0.577041409
2026_1202_1435,0.468014125
2026_1373_1435,0.257593012
2026_1196_1435,0.865924485
2026_1222_1435,0.834245089
2026_1228_1435,0.679887162
2026_1304_1435,0.294181726
2026_1314_1435,0.518425161
2026_1388_1435,0.833266059
2026_1155_1435,0.689465458
2026_1234_1435,0.511528086
2026_1401_1435,0.597216209
2026_1433_1435,0.706827056
2026_1270_1435,0.719985542
2026_1407_1435,0.485679124
2026_1335_1435,0.148597442
2026_1225_1435,0.229347698
2026_1250_1435,0.131564904
2026_1341_1435,0.080133907
2026_1276_1435,0.393719441
2026_1235_1435,0.575036412
2026_1104_1435,0.741306289
2026_1403_1435,0.784559216
2026_1397_1435,0.744953289
2026_1246_1435,0.613022482
2026_1208_1435,0.480133204
2026_1387_1435,0.180230657
2026_1365_1435,0.557223596
2026_1275_1435,0.386087954
2026_1374_1435,0.657538017
2026_1103_1435,0.677227334
2026_1220_1435,0.113427267
2026_1398_1435,0.214477372
2026_1224_1435,0.141675308
2026_1420_1435,0.155669571
2026_1112_1435,0.655724626
2026_1345_1435,0.660980948
2026_1211_1435,0.817395541
2026_1116_1435,0.305920675
2026_1140_1435,0.626733151
2026_1274_1435,0.274641582
2026_1429_1435,0.73261185
2026_1281_1435,0.786841268
2026_1301_1435,0.336961792
2026_1400_1435,0.592261012
2026_1219_1435,0.827714143
2026_1218_1435,0.141183865
2026_1244_1435,0.225371408
2026_1254_1435,0.148202725
2026_1181_1314,0.912589266
2026_1163_1314,0.811703348
2026_1277_1314,0.744352143
2026_1242_1314,0.450823187
2026_1257_1314,0.660903984
2026_1295_1314,0.647833133
2026_1202_1314,0.542589006
2026_1196_1314,0.896995928
2026_1222_1314,0.871569225
2026_1228_1314,0.741185928
2026_1304_1314,0.359790897
2026_1155_1314,0.749605565
2026_1234_1314,0.585406705
2026_1270_1314,0.776134113
2026_1225_1314,0.286363891
2026_1250_1314,0.169622608
2026_1276_1314,0.466844727
2026_1235_1314,0.645957822
2026_1104_1314,0.794400459
2026_1246_1314,0.681119923
2026_1208_1314,0.554625902
2026_1275_1314,0.458868613
2026_1103_1314,0.738839787
2026_1220_1314,0.147127178
2026_1224_1314,0.18204457
2026_1112_1314,0.71974304
2026_1211_1314,0.857867387
2026_1116_1314,0.37276522
2026_1140_1314,0.693623711
2026_1274_1314,0.337979627
2026_1281_1314,0.832699009
2026_1301_1314,0.406615446
2026_1219_1314,0.866273161
2026_1218_1314,0.181442696
2026_1244_1314,0.281760501
2026_1254_1314,0.190020162
2026_1181_1388,0.69220501
2026_1163_1388,0.481482647
2026_1277_1388,0.38544349
2026_1242_1388,0.150259805
2026_1385_1388,0.425268047
2026_1257_1388,0.29569264
2026_1326_1388,0.207964233
2026_1378_1388,0.068204555
2026_1320_1388,0.139433205
2026_1295_1388,0.283799622
2026_1202_1388,0.203518051
2026_1373_1388,0.091550544
2026_1196_1388,0.65227702
2026_1222_1388,0.593797288
2026_1228_1388,0.381525562
2026_1304_1388,0.107984924
2026_1314_1388,0.238195668
2026_1155_1388,0.39204843
2026_1234_1388,0.233221239
2026_1270_1388,0.427528644
2026_1335_1388,0.048246837
2026_1225_1388,0.079560801
2026_1250_1388,0.042147281
2026_1341_1388,0.024677884
2026_1276_1388,0.158686264
2026_1235_1388,0.28213387
2026_1104_1388,0.454237875
2026_1246_1388,0.315118668
2026_1208_1388,0.211511184
2026_1387_1388,0.060023605
2026_1365_1388,0.26767916
2026_1275_1388,0.154449884
2026_1374_1388,0.358015156
2026_1103_1388,0.378652279
2026_1220_1388,0.035828253
2026_1224_1388,0.045748167
2026_1112_1388,0.356168704
2026_1345_1388,0.361545481
2026_1211_1388,0.565243234
2026_1116_1388,0.113488587
2026_1140_1388,0.327810626
2026_1274_1388,0.099076301
2026_1281_1388,0.517407493
2026_1301_1388,0.128622406
2026_1219_1388,0.582533282
2026_1218_1388,0.045571809
2026_1244_1388,0.077918857
2026_1254_1388,0.04810362
2026_1104_1155,0.651983637
2026_1103_1155,0.578363651
2026_1112_1155,0.554606313
2026_1116_1155,0.223695418
2026_1140_1155,0.523290167
2026_1181_1234,0.914767049
2026_1163_1234,0.815887546
2026_1202_1234,0.549433814
2026_1196_1234,1
2026_1222_1234,0.874628596
2026_1228_1234,0.746447634
2026_1155_1234,0.754752737
2026_1225_1234,0.292040103
2026_1104_1234,0.798873879
2026_1208_1234,0.561436177
2026_1103_1234,0.744132724
2026_1220_1234,0.150626014
2026_1224_1234,0.186192498
2026_1112_1234,0.725279101
2026_1211_1234,0.861201173
2026_1116_1234,0.379243923
2026_1140_1234,0.699460278
2026_1219_1234,0.869439792
2026_1218_1234,0.185580021
2026_1181_1401,0.883450847
2026_1163_1401,0.757857876
2026_1277_1401,0.678866602
2026_1242_1401,0.373439228
2026_1385_1401,0.713795565
2026_1257_1401,0.585933574
2026_1326_1401,0.4694964
2026_1395_1401,0.258183589
2026_1378_1401,0.19789108
2026_1320_1401,0.353216318
2026_1295_1401,0.57184502
2026_1202_1401,0.462725425
2026_1373_1401,0.253548844
2026_1196_1401,0.863437314
2026_1222_1401,0.831284748
2026_1228_1401,0.675243198
2026_1304_1401,0.289787344
2026_1314_1401,0.513116255
2026_1388_1401,0.83029179
2026_1155_1401,0.684896049
2026_1234_1401,0.506215566
2026_1270_1401,0.71568003
2026_1335_1401,0.145928129
2026_1225_1401,0.225612217
2026_1250_1401,0.12915514
2026_1341_1401,0.078580922
2026_1276_1401,0.388656935
2026_1235_1401,0.569833753
2026_1104_1401,0.73720895
2026_1397_1401,0.740893523
2026_1246_1401,0.607967823
2026_1208_1401,0.47482979
2026_1387_1401,0.177111311
2026_1365_1401,0.55197277
2026_1275_1401,0.3810619
2026_1374_1401,0.652735432
2026_1103_1401,0.672563367
2026_1220_1401,0.111307135
2026_1398_1401,0.210917803
2026_1224_1401,0.139110023
2026_1112_1401,0.650910112
2026_1345_1401,0.656201401
2026_1211_1401,0.814201293
2026_1116_1401,0.301425826
2026_1140_1401,0.621747078
2026_1274_1401,0.270427252
2026_1281_1401,0.783254268
2026_1301_1401,0.33222917
2026_1400_1401,0.587117817
2026_1219_1401,0.824661676
2026_1218_1401,0.138626042
2026_1244_1401,0.22168206
2026_1254_1401,0.145539291
2026_1181_1433,0.823374361
2026_1163_1433,0.658097386
2026_1277_1433,0.56523207
2026_1242_1433,0.268227429
2026_1385_1433,0.605335352
2026_1257_1433,0.465314793
2026_1417_1433,0.523084301
2026_1326_1433,0.35244477
2026_1395_1433,0.176306445
2026_1416_1433,0.220669412
2026_1378_1433,0.13173877
2026_1320_1433,0.251415851
2026_1295_1433,0.450967772
2026_1202_1433,0.346260069
2026_1373_1433,0.172799128
2026_1196_1433,0.795433396
2026_1222_1433,0.751870993
2026_1228_1433,0.561155343
2026_1304_1433,0.200597987
2026_1314_1433,0.393251031
2026_1388_1433,0.750550903
2026_1155_1433,0.5720501
2026_1234_1433,0.386682098
2026_1401_1433,0.471650007
2026_1270_1433,0.607541307
2026_1407_1433,0.362460624
2026_1335_1433,0.09508712
2026_1225_1433,0.151948575
2026_1250_1433,0.083585894
2026_1341_1433,0.049834434
2026_1276_1433,0.281081106
2026_1235_1433,0.44893587
2026_1104_1433,0.633060286
2026_1403_1433,0.686764245
2026_1397_1433,0.637487056
2026_1246_1433,0.488160712
2026_1208_1433,0.357344143
2026_1387_1433,0.116893084
2026_1365_1433,0.431066953
2026_1275_1433,0.274643875
2026_1374_1433,0.536171926
2026_1103_1433,0.558150112
2026_1220_1433,0.071517964
2026_1398_1433,0.141177289
2026_1224_1433,0.090393017
2026_1420_1433,0.099911409
2026_1112_1433,0.534171165
2026_1345_1433,0.53998138
2026_1211_1433,0.729364303
2026_1116_1433,0.209712139
2026_1140_1433,0.502706539
2026_1274_1433,0.185638973
2026_1429_1433,0.622580035
2026_1281_1433,0.689672448
2026_1301_1433,0.234286368
2026_1400_1433,0.466529924
2026_1219_1433,0.743093903
2026_1218_1433,0.090060797
2026_1244_1433,0.149054642
2026_1254_1433,0.094818712
2026_1181_1270,0.813817983
2026_1163_1270,0.643470781
2026_1242_1270,0.255783406
2026_1257_1270,0.449341764
2026_1202_1270,0.331837495
2026_1196_1270,0.784760454
2026_1222_1270,0.739669097
2026_1228_1270,0.545247304
2026_1155_1270,0.556224671
2026_1234_1270,0.371532713
2026_1225_1270,0.14383877
2026_1250_1270,0.078785776
2026_1235_1270,0.433069695
2026_1104_1270,0.617984343
2026_1246_1270,0.472095882
2026_1208_1270,0.342701911
2026_1103_1270,0.542222004
2026_1220_1270,0.067359935
2026_1224_1270,0.085238345
2026_1112_1270,0.51812493
2026_1211_1270,0.716472989
2026_1116_1270,0.199243694
2026_1140_1270,0.486618121
2026_1219_1270,0.730615031
2026_1218_1270,0.084923301
2026_1244_1270,0.141073598
2026_1254_1270,0.089436478
2026_1181_1407,0.922492248
2026_1163_1407,0.830918307
2026_1277_1407,0.768479685
2026_1242_1407,0.483428066
2026_1385_1407,0.79658226
2026_1257_1407,0.689623235
2026_1326_1407,0.581519048
2026_1395_1407,0.353371414
2026_1378_1407,0.279216939
2026_1320_1407,0.461637353
2026_1295_1407,0.677118573
2026_1202_1407,0.574883224
2026_1373_1407,0.347829132
2026_1196_1407,0.90848837
2026_1222_1407,0.885536579
2026_1228_1407,0.765518159
2026_1304_1407,0.390493422
2026_1314_1407,0.623318008
2026_1388_1407,0.884818675
2026_1155_1407,0.773388244
2026_1234_1407,0.616812818
2026_1401_1407,0.695042544
2026_1270_1407,0.79807583
2026_1335_1407,0.211530814
2026_1225_1407,0.313872499
2026_1250_1407,0.188885064
2026_1341_1407,0.118093689
2026_1276_1407,0.499554306
2026_1235_1407,0.675321052
2026_1104_1407,0.814978636
2026_1403_1407,0.848432243
2026_1397_1407,0.817842235
2026_1246_1407,0.708881196
2026_1208_1407,0.586717593
2026_1387_1407,0.252586642
2026_1365_1407,0.659220665
2026_1275_1407,0.491534566
2026_1374_1407,0.746922076
2026_1103_1407,0.763322155
2026_1220_1407,0.16434062
2026_1398_1407,0.295624083
2026_1224_1407,0.20237388
2026_1112_1407,0.745398723
2026_1345_1407,0.74980831
2026_1211_1407,0.873107922
2026_1116_1407,0.403876451
2026_1140_1407,0.720742728
2026_1274_1407,0.367890453
2026_1281_1407,0.850166931
2026_1301_1407,0.438576423
2026_1400_1407,0.690667484
2026_1219_1407,0.88073767
2026_1218_1407,0.201721369
2026_1244_1407,0.309018385
2026_1254_1407,0.211010359
2026_1181_1335,0.984708461
2026_1163_1335,0.96375356
2026_1277_1335,0.947254606
2026_1242_1335,0.835075306
2026_1257_1335,0.923204409
2026_1326_1335,0.882607473
2026_1320_1335,0.822677214
2026_1295_1335,0.919005154
2026_1202_1335,0.879758793
2026_1196_1335,0.981722914
2026_1222_1335,0.976667144
2026_1228_1335,0.946420465
2026_1304_1335,0.776104256
2026_1314_1335,0.899528848
2026_1155_1335,0.948626268
2026_1234_1335,0.897005552
2026_1270_1335,0.955325803
2026_1225_1335,0.712235942
2026_1250_1335,0.557512793
2026_1276_1335,0.843771518
2026_1235_1335,0.918391948
2026_1104_1335,0.959729627
2026_1246_1335,0.929451976
2026_1208_1335,0.884806679
2026_1275_1335,0.839495615
2026_1103_1335,0.945798718
2026_1220_1335,0.515511295
2026_1224_1335,0.578549523
2026_1112_1335,0.940619093
2026_1211_1335,0.973841317
2026_1116_1335,0.785667653
2026_1140_1335,0.933173643
2026_1274_1335,0.758974869
2026_1281_1335,0.968454052
2026_1301_1335,0.808671879
2026_1219_1335,0.975583563
2026_1218_1335,0.577562377
2026_1244_1335,0.707574402
2026_1254_1335,0.591337913
2026_1181_1225,0.974203967
2026_1163_1225,0.939735114
2026_1202_1225,0.810997077
2026_1196_1225,0.969231587
2026_1222_1225,1
2026_1155_1225,0.915463097
2026_1104_1225,0.933229485
2026_1208_1225,0.818335584
2026_1103_1225,0.910981566
2026_1220_1225,0.384242128
2026_1224_1225,0.446005333
2026_1112_1225,0.902816599
2026_1211_1225,0.956203681
2026_1116_1225,0.682516318
2026_1140_1225,0.891179653
2026_1219_1225,0.959071274
2026_1218_1225,0.445005547
2026_1181_1250,0.9866999
2026_1163_1250,0.968386372
2026_1242_1250,0.853657632
2026_1202_1250,0.893945947
2026_1196_1250,1
2026_1222_1250,0.979684209
2026_1228_1250,0.953161023
2026_1155_1250,0.95510249
2026_1234_1250,0.909367414
2026_1225_1250,0.740355436
2026_1235_1250,0.928391833
2026_1104_1250,0.964858001
2026_1246_1250,0.938187829
2026_1208_1250,0.898466974
2026_1103_1250,0.952613579
2026_1220_1250,0.55072824
2026_1224_1250,0.612627492
2026_1112_1250,0.94804943
2026_1211_1250,0.977215252
2026_1116_1250,0.808540497
2026_1140_1250,0.941477665
2026_1219_1250,0.97873769
2026_1218_1250,0.611666589
2026_1244_1250,0.735980553
2026_1181_1341,0.992308597
2026_1163_1341,0.981573723
2026_1277_1341,0.972958702
2026_1242_1341,0.910268509
2026_1257_1341,0.960135505
2026_1326_1341,0.937745176
2026_1320_1341,0.90286551
2026_1295_1341,0.957863507
2026_1202_1341,0.936137671
2026_1196_1341,1
2026_1222_1341,0.988216113
2026_1228_1341,0.972519264
2026_1304_1341,0.874131295
2026_1314_1341,0.947194314
2026_1155_1341,0.973680492
2026_1234_1341,0.945795983
2026_1270_1341,0.977191319
2026_1335_1341,0.744122569
2026_1225_1341,0.832179504
2026_1250_1341,0.716254695
2026_1276_1341,0.915401566
2026_1235_1341,0.9575309
2026_1104_1341,0.979486002
2026_1246_1341,0.963497402
2026_1208_1341,0.938982854
2026_1275_1341,0.912883732
2026_1103_1341,0.972191474
2026_1220_1341,0.68069118
2026_1224_1341,0.733354035
2026_1112_1341,0.969452553
2026_1211_1341,0.986770027
2026_1116_1341,0.880154172
2026_1140_1341,0.965489734
2026_1274_1341,0.863179446
2026_1281_1341,0.984001631
2026_1301_1341,0.8943805
2026_1219_1341,0.987662092
2026_1218_1341,0.73256187
2026_1244_1341,0.828994446
2026_1254_1341,0.743527422
2026_1181_1276,0.945375831
2026_1163_1276,0.87724056
2026_1242_1276,0.576419733
2026_1257_1276,0.763644182
2026_1202_1276,0.662891865
2026_1196_1276,0.935216136
2026_1222_1276,0.918365505
2026_1228_1276,0.826005807
2026_1155_1276,0.832290475
2026_1234_1276,0.700660924
2026_1270_1276,0.851790839
2026_1225_1276,0.399470576
2026_1250_1276,0.252964042
2026_1235_1276,0.751523921
2026_1104_1276,0.864958068
2026_1246_1276,0.779776019
2026_1208_1276,1
2026_1275_1276,0.584321719
2026_1103_1276,0.824246232
2026_1220_1276,0.222375776
2026_1224_1276,1
2026_1112_1276,0.809786832
2026_1211_1276,0.909135711
2026_1116_1276,0.496266611
2026_1140_1276,0.789606289
2026_1274_1276,0.458378438
2026_1219_1276,0.914810549
2026_1218_1276,0.268712387
2026_1244_1276,0.394052941
2026_1254_1276,0.280004181
2026_1181_1235,0.892541853
2026_1163_1235,0.774241927
2026_1202_1235,0.485522543
2026_1196_1235,0.873866524
2026_1222_1235,0.84372501
2026_1228_1235,0.694967284
2026_1155_1235,0.704290612
2026_1234_1235,0.529045501
2026_1225_1235,0.241988991
2026_1104_1235,0.75453764
2026_1208_1235,0.497670866
2026_1103_1235,0.692376063
2026_1220_1235,0.12067974
2026_1224_1235,0.150427487
2026_1112_1235,0.671392861
2026_1211_1235,0.827640029
2026_1116_1235,0.321024417
2026_1140_1235,0.643002474
2026_1219_1235,0.837494825
2026_1218_1235,0.149910987
2026_1181_1438,0.978764139
2026_1163_1438,0.950076367
2026_1277_1438,0.927818
2026_1242_1438,0.783738375
2026_1385_1438,0.938136614
2026_1257_1438,0.895879484
2026_1417_1438,0.915569981
2026_1326_1438,0.843289576
2026_1395_1438,0.679101555
2026_1416_1438,0.7368095
2026_1378_1438,0.600020186
2026_1320_1438,0.768550687
2026_1295_1438,0.890363517
2026_1202_1438,0.839660125
2026_1373_1438,0.673773736
2026_1196_1438,0.974647892
2026_1222_1438,0.967699436
2026_1228_1438,0.926700264
2026_1304_1438,0.712725832
2026_1435_1438,0.896269243
2026_1314_1438,0.865011582
2026_1388_1438,0.967477924
2026_1155_1438,0.929657583
2026_1234_1438,0.861754626
2026_1401_1438,0.898228937
2026_1433_1438,0.9348591
2026_1270_1438,0.938670858
2026_1407_1438,0.848966838
2026_1335_1438,0.509542776
2026_1225_1438,0.639183431
2026_1250_1438,0.474179819
2026_1341_1438,0.341479239
2026_1276_1438,0.794475289
2026_1235_1438,0.889559527
2026_1104_1438,0.944621296
2026_1403_1438,0.955902627
2026_1397_1438,0.945612303
2026_1246_1438,0.904119151
2026_1208_1438,0.846096916
2026_1387_1438,0.566855817
2026_1365_1438,0.882230242
2026_1275_1438,0.789187265
2026_1374_1438,0.919543583
2026_1103_1438,0.925867605
2026_1220_1438,0.432322539
2026_1398_1438,0.619087011
2026_1224_1438,0.495593938
2026_1420_1438,0.523236146
2026_1112_1438,0.918946536
2026_1345_1438,0.92067024
2026_1211_1438,0.963827759
2026_1116_1438,0.724033755
2026_1140_1438,0.909046442
2026_1274_1438,0.692667718
2026_1437_1438,0.888340781
2026_1429_1438,0.942227537
2026_1281_1438,0.956470426
2026_1301_1438,0.751561331
2026_1400_1438,0.896334108
2026_1219_1438,0.966213799
2026_1218_1438,0.49458223
2026_1244_1438,0.633946702
2026_1254_1438,0.508762208
2026_1103_1104,0.515223285
2026_1181_1403,0.755278528
2026_1163_1403,0.560308542
2026_1277_1403,0.462572979
2026_1242_1403,0.195282011
2026_1385_1403,0.503833314
2026_1257_1403,0.365545072
2026_1326_1403,0.264886634
2026_1395_1403,0.124119207
2026_1378_1403,0.091281742
2026_1320_1403,0.181905891
2026_1295_1403,0.352247666
2026_1202_1403,0.25962239
2026_1373_1403,0.121496933
2026_1196_1403,0.720225588
2026_1222_1403,0.667345463
2026_1228_1403,0.458455911
2026_1304_1403,0.142464008
2026_1314_1403,0.300255893
2026_1388_1403,0.665775581
2026_1155_1403,0.469489905
2026_1234_1403,0.294486419
2026_1401_1403,0.371465632
2026_1270_1403,0.506143752
2026_1335_1403,0.065042645
2026_1225_1403,0.106043117
2026_1250_1403,0.056946746
2026_1341_1403,0.033558107
2026_1276_1403,0.205622321
2026_1235_1403,0.350376704
2026_1104_1403,0.533189987
2026_1397_1403,0.537942207
2026_1246_1403,0.387038338
2026_1208_1403,0.269074609
2026_1387_1403,0.080572099
2026_1365_1403,0.334052656
2026_1275_1403,0.200431428
2026_1374_1403,0.433527889
2026_1103_1403,0.455429894
2026_1220_1403,0.048521273
2026_1398_1403,0.098149347
2026_1224_1403,0.061730549
2026_1112_1403,0.43155378
2026_1345_1403,0.437295627
2026_1211_1403,0.6408343
2026_1116_1403,0.149430583
2026_1140_1403,0.400931257
2026_1274_1403,0.131129052
2026_1281_1403,0.595361758
2026_1301_1403,0.168446601
2026_1400_1403,0.366678338
2026_1219_1403,0.656942664
2026_1218_1403,0.06149655
2026_1244_1403,0.103916344
2026_1254_1403,0.064852967
2026_1181_1397,0.793725035
2026_1163_1397,0.613719811
2026_1277_1397,0.517635811
2026_1242_1397,0.232279204
2026_1385_1397,0.55870172
2026_1257_1397,0.418042212
2026_1326_1397,0.309990946
2026_1395_1397,0.150149832
2026_1378_1397,0.111300723
2026_1320_1397,0.217052438
2026_1295_1397,0.4040513
2026_1202_1397,0.304201255
2026_1373_1397,0.147069949
2026_1196_1397,0.762446962
2026_1222_1397,0.714382388
2026_1228_1397,0.513496921
2026_1304_1397,0.17158825
2026_1314_1397,0.348527407
2026_1388_1397,0.712939
2026_1155_1397,0.52457243
2026_1234_1397,0.342284101
2026_1270_1397,0.56097929
2026_1335_1397,0.079812551
2026_1225_1397,0.128840418
2026_1250_1397,0.070015905
2026_1341_1397,0.041495808
2026_1276_1397,0.243984577
2026_1235_1397,0.402075979
2026_1104_1397,0.587470089
2026_1246_1397,0.4404792
2026_1208_1397,0.314586865
2026_1387_1397,0.098496932
2026_1365_1397,0.384769909
2026_1275_1397,0.238115529
2026_1374_1397,0.48827451
2026_1103_1397,0.510450044
2026_1220_1397,0.059779375
2026_1224_1397,0.075809327
2026_1112_1397,0.486265103
2026_1345_1397,0.492104711
2026_1211_1397,0.689877837
2026_1116_1397,0.179680605
2026_1140_1397,0.454866881
2026_1274_1397,0.158363994
2026_1281_1397,0.647196094
2026_1301_1397,0.201633582
2026_1219_1397,0.70479986
2026_1218_1397,0.075526256
2026_1244_1397,0.126321035
2026_1254_1397,0.079583467
2026_1181_1246,0.876464413
2026_1163_1246,0.745511574
2026_1242_1246,0.358094032
2026_1202_1246,0.446324834
2026_1196_1246,0.855447483
2026_1222_1246,0.821802011
2026_1228_1246,0.660571175
2026_1155_1246,0.670447287
2026_1234_1246,0.489678422
2026_1225_1246,0.214264193
2026_1235_1246,0.553548149
2026_1104_1246,0.724192965
2026_1208_1246,0.45836619
2026_1103_1246,0.657831623
2026_1220_1246,0.104929475
2026_1224_1246,0.131374817
2026_1112_1246,0.635731804
2026_1211_1246,0.803984781
2026_1116_1246,0.287681103
2026_1140_1246,0.606068166
2026_1219_1246,0.814889579
2026_1218_1246,0.130913655
2026_1244_1246,0.210477989
2026_1181_1208,0.924065434
2026_1163_1208,0.834015747
2026_1202_1208,0.580301914
2026_1196_1208,0.910318161
2026_1155_1208,0.77725707
2026_1104_1208,0.818304226
2026_1103_1208,0.767311128
2026_1112_1208,0.74959068
2026_1116_1208,0.409234924
2026_1140_1208,0.725190976
2026_1181_1387,0.980813725
2026_1163_1387,0.954766803
2026_1277_1387,0.934455388
2026_1242_1387,0.800779656
2026_1385_1387,0.943882558
2026_1257_1387,0.90515351
2026_1326_1387,0.856497474
2026_1378_1387,0.624604195
2026_1320_1387,0.786462673
2026_1295_1387,0.90007405
2026_1202_1387,0.853120641
2026_1373_1387,0.696120416
2026_1196_1387,0.977085458
2026_1222_1387,0.970785059
2026_1228_1387,0.933433058
2026_1304_1387,0.733459809
2026_1314_1387,0.876656479
2026_1155_1387,0.936137458
2026_1234_1387,0.873639445
2026_1270_1387,0.944370123
2026_1335_1387,0.535381698
2026_1225_1387,0.662713433
2026_1250_1387,0.500053829
2026_1341_1387,0.365140577
2026_1276_1387,0
2026_1235_1387,0.899333218
2026_1104_1387,0.949797166
2026_1246_1387,0.912730759
2026_1208_1387,0.859107737
2026_1365_1387,0.892574227
2026_1275_1387,0.805905511
2026_1374_1387,0.926881872
2026_1103_1387,0.932671324
2026_1220_1387,0.457901534
2026_1224_1387,0.521477598
2026_1112_1387,0.926334918
2026_1345_1387,0.927913824
2026_1211_1387,0.967270729
2026_1116_1387,0.744244453
2026_1140_1387,0.917256004
2026_1274_1387,0.714269009
2026_1281_1387,0.960585048
2026_1301_1387,0.770395331
2026_1219_1387,0.969436861
2026_1218_1387,0.520467573
2026_1244_1387,0.65763529
2026_1254_1387,0.534604693
2026_1181_1365,0.899302652
2026_1163_1365,0.786666652
2026_1277_1365,0.713520799
2026_1242_1365,0.412530817
2026_1257_1365,0.62507781
2026_1326_1365,0.510451352
2026_1320_1365,0.391513764
2026_1295_1365,0.611437899
2026_1202_1365,0.503650479
2026_1196_1365,0.881646488
2026_1222_1365,0.853051484
2026_1228_1365,0.710121442
2026_1304_1365,0.324659631
2026_1314_1365,0.553903372
2026_1155_1365,0.719168754
2026_1234_1365,0.54707049
2026_1270_1365,0.747837225
2026_1335_1365,0.167573412
2026_1225_1365,0.255540512
2026_1250_1365,0.148745808
2026_1341_1365,0.091304631
2026_1276_1365,0.428252709
2026_1235_1365,0.609485608
2026_1104_1365,0.767721463
2026_1246_1365,0.646286502
2026_1208_1365,0.515797639
2026_1275_1365,0.420416019
2026_1103_1365,0.707604792
2026_1220_1365,0.128590316
2026_1224_1365,0.159933367
2026_1112_1365,0.687191048
2026_1345_1365,0.692192465
2026_1211_1365,0.837741844
2026_1116_1365,0.337034024
2026_1140_1365,0.659473292
2026_1274_1365,0.30396691
2026_1281_1365,0.809799832
2026_1301_1365,0.36955125
2026_1219_1365,0.847125747
2026_1218_1365,0.159390351
2026_1244_1365,0.251258163
2026_1254_1365,0.167138184
2026_1181_1275,0.94700909
2026_1163_1275,0.880653874
2026_1242_1275,0.584233096
2026_1257_1275,0.769385697
2026_1202_1275,0.670023273
2026_1196_1275,0.937132969
2026_1222_1275,0.920738661
2026_1228_1275,0.830568554
2026_1155_1275,0.836720993
2026_1234_1275,0.707346079
2026_1270_1275,0.855795458
2026_1225_1275,0.407191135
2026_1250_1275,0.259074623
2026_1235_1275,0.757466351
2026_1104_1275,0.868661765
2026_1246_1275,0.785235871
2026_1208_1275,0.680680255
2026_1103_1275,0.828845561
2026_1220_1275,0.227972956
2026_1224_1275,0.275871077
2026_1112_1275,0.814679475
2026_1211_1275,0.911751398
2026_1116_1275,0.504286985
2026_1140_1275,0.794886534
2026_1274_1275,0.466353374
2026_1219_1275,0.917277741
2026_1218_1275,0.275063313
2026_1244_1275,0.40173884
2026_1254_1275,0.286517422
2026_1181_1374,0.854091662
2026_1163_1374,0.70734175
2026_1277_1374,0.620131261
2026_1242_1374,0.315192733
2026_1257_1374,0.522164808
2026_1326_1374,0.405975258
2026_1320_1374,0.296630756
2026_1295_1374,0.507729418
2026_1202_1374,0.399430623
2026_1373_1374,0.207800241
2026_1196_1374,0.830006723
2026_1222_1374,0.791880384
2026_1228_1374,0.616219789
2026_1304_1374,0.239598911
2026_1314_1374,0.448684918
2026_1155_1374,0.626657016
2026_1234_1374,0.44186435
2026_1270_1374,0.66030872
2026_1335_1374,0.116565505
2026_1225_1374,0.183664045
2026_1250_1374,0.102761387
2026_1341_1374,0.06178905
2026_1276_1374,0.32928429
2026_1235_1374,0.505677321
2026_1104_1374,0.684180191
2026_1246_1374,0.544957105
2026_1208_1374,0.411146299
2026_1365_1374,0.487548091
2026_1275_1374,0.322237937
2026_1103_1374,0.61333181
2026_1220_1374,0.088191374
2026_1224_1374,0.110941086
2026_1112_1374,0.59014854
2026_1345_1374,0.595788888
2026_1211_1374,0.771901802
2026_1116_1374,0.249931054
2026_1140_1374,0.559345854
2026_1274_1374,0.222541164
2026_1281_1374,0.736192082
2026_1301_1374,0.277562919
2026_1219_1374,0.784112182
2026_1218_1374,0.110542524
2026_1244_1374,0.180294493
2026_1254_1374,0.116244257
2026_1181_1220,0.988744769
2026_1163_1220,0.973170354
2026_1202_1220,0.908935427
2026_1196_1220,0.986536503
2026_1155_1220,0.961817416
2026_1104_1220,0.970159466
2026_1208_1220,0.912879735
2026_1103_1220,0.959685036
2026_1112_1220,0.95577037
2026_1211_1220,0.980689831
2026_1116_1220,0.833350741
2026_1140_1220,0.950123923
2026_1219_1220,0.981984384
2026_1218_1220,0.65097595
2026_1181_1460,0.967741408
2026_1163_1460,0.925299381
2026_1277_1460,0.893235613
2026_1242_1460,0.702277639
2026_1385_1460,0.908007716
2026_1257_1460,0.848494022
2026_1417_1460,0.875904418
2026_1326_1460,0.777903727
2026_1395_1460,0.579379589
2026_1416_1460,0.645663709
2026_1378_1460,0.49403286
2026_1320_1460,0.683678074
2026_1295_1460,0.840913499
2026_1202_1460,0.773167263
2026_1373_1460,0.573436077
2026_1196_1460,0.961572458
2026_1222_1460,0.951219673
2026_1228_1460,0.891644909
2026_1304_1460,0.617568598
2026_1435_1460,0.849031269
2026_1314_1460,0.80661056
2026_1388_1460,0.950890881
2026_1155_1460,0.895857613
2026_1234_1460,0.802266627
2026_1401_1460,0.85173576
2026_1433_1460,0.903298513
2026_1270_1460,0.908776849
2026_1407_1460,0.785346814
2026_1335_1460,0.403418068
2026_1225_1460,0.535540673
2026_1250_1460,0.369866029
2026_1341_1460,0.252348088
2026_1276_1460,0.715591257
2026_1235_1460,0.839812122
2026_1438_1460,0.485804666
2026_1104_1460,0.917372426
2026_1403_1460,0.933815769
2026_1397_1460,0.918809142
2026_1246_1460,0.859897148
2026_1208_1460,0.781579014
2026_1387_1460,0.459989582
2026_1365_1460,0.829813014
2026_1275_1460,0.709016967
2026_1374_1460,0.881503223
2026_1103_1460,0.890461104
2026_1220_1460,0.331413179
2026_1398_1460,0.514060278
2026_1224_1460,0.390063902
2026_1420_1460,0.416682442
2026_1112_1460,0.880660523
2026_1345_1460,0.883094848
2026_1211_1460,0.945483947
2026_1116_1460,0.630681262
2026_1458_1460,0.854932844
2026_1140_1460,0.866762094
2026_1274_1460,0.594645147
2026_1437_1460,0.838144285
2026_1429_1460,0.913908175
2026_1281_1460,0.934648516
2026_1301_1460,0.663188959
2026_1400_1460,0.8491207
2026_1219_1460,0.949015998
2026_1218_1460,0.38910144
2026_1244_1460,0.529906017
2026_1254_1460,0.4026666
2026_1181_1398,0.976282686
2026_1163_1398,0.944433005
2026_1277_1398,0.91987076
2026_1242_1398,0.763963547
2026_1385_1398,0.931241261
2026_1257_1398,0.884852223
2026_1326_1398,0.827763392
2026_1395_1398,0.653982997
2026_1378_1398,0.572607251
2026_1320_1398,0.747833934
2026_1295_1398,0.878831078
2026_1202_1398,0.823849464
2026_1373_1398,0.648454025
2026_1196_1398,0.971699355
2026_1222_1398,0.963972642
2026_1228_1398,0.918640752
2026_1304_1398,0.689034041
2026_1314_1398,0.851257921
2026_1388_1398,0.96372653
2026_1155_1398,0.921895831
2026_1234_1398,0.847727538
2026_1270_1398,0.931830725
2026_1335_1398,0.48128954
2026_1225_1398,0.61272216
2026_1250_1398,0.446103905
2026_1341_1398,0.316530657
2026_1276_1398,0.775400885
2026_1235_1398,1
2026_1104_1398,0.938401273
2026_1397_1398,0.939496458
2026_1246_1398,0.893861154
2026_1208_1398,0.830793062
2026_1387_1398,0.538916573
2026_1365_1398,0.869967226
2026_1275_1398,0.769764313
2026_1374_1398,0.91077294
2026_1103_1398,0.917724668
2026_1220_1398,0.404816949
2026_1224_1398,0.467377099
2026_1112_1398,0.91011717
2026_1345_1398,0.912010663
2026_1211_1398,0.959672872
2026_1116_1398,0.700883157
2026_1140_1398,0.899256861
2026_1274_1398,0.668092061
2026_1281_1398,0.95151296
2026_1301_1398,0.729858397
2026_1219_1398,0.962322268
2026_1218_1398,0.466369735
2026_1244_1398,0.607337312
2026_1254_1398,0.48050985
2026_1181_1224,0.985526355
2026_1163_1224,0.965653166
2026_1202_1224,0.88553759
2026_1196_1224,0.982697688
2026_1222_1224,0.97790549
2026_1155_1224,0.951278588
2026_1104_1224,0.961831768
2026_1208_1224,0.890373105
2026_1103_1224,0.948589107
2026_1220_1224,0.52943232
2026_1112_1224,0.943660256
2026_1211_1224,0.975225833
2026_1116_1224,0.794914318
2026_1140_1224,0.936570407
2026_1219_1224,0.976878056
2026_1218_1224,0.591114626
2026_1181_1420,0.983860432
2026_1163_1420,0.96178852
2026_1277_1420,0.944446663
2026_1242_1420,0.827383665
2026_1385_1420,0.952509836
2026_1257_1420,0.919225311
2026_1417_1420,0.934822023
2026_1326_1420,0.876805575
2026_1395_1420,0.736771769
2026_1416_1420,0.787356153
2026_1378_1420,0.664889371
2026_1320_1420,0.814535777
2026_1295_1420,0.914828548
2026_1202_1420,0.87383623
2026_1373_1420,0.732023609
2026_1196_1420,0.980712557
2026_1222_1420,0.975384312
2026_1228_1420,0.943570761
2026_1304_1420,0.766431603
2026_1314_1420,0.894463256
2026_1388_1420,0.975214152
2026_1155_1420,0.945887175
2026_1234_1420,0.891828038
2026_1401_1420,0.921094369
2026_1270_1420,0.952926183
2026_1407_1420,0.881439338
2026_1335_1420,0.578784705
2026_1225_1420,0.700867555
2026_1250_1420,0.543945827
2026_1341_1420,0.406826911
2026_1276_1420,0.836405993
2026_1235_1420,0.914186675
2026_1104_1420,0.957556044
2026_1403_1420,0.96629642
2026_1397_1420,0.958325794
2026_1246_1420,0.925770562
2026_1208_1420,0.879098583
2026_1387_1420,0.633821177
2026_1365_1420,0.908323315
2026_1275_1420,0.831968644
2026_1374_1420,0.937950955
2026_1103_1420,0.94291794
2026_1220_1420,0.501807306
2026_1398_1420,0.682500191
2026_1224_1420,0.565124439
2026_1112_1420,0.937481218
2026_1345_1420,0.938836993
2026_1211_1420,0.97240751
2026_1116_1420,0.776289063
2026_1140_1420,0.929671743
2026_1274_1420,0.748801717
2026_1281_1420,0.966735046
2026_1301_1420,0.800043705
2026_1400_1420,0.919587149
2026_1219_1420,0.974242726
2026_1218_1420,0.564129538
2026_1244_1420,0.696100433
2026_1254_1420,0.578023075
2026_1104_1112,0.685915491
2026_1103_1112,0.615237472
2026_1181_1345,0.852171268
2026_1163_1345,0.704158911
2026_1277_1345,0.616514166
2026_1242_1345,0.311893914
2026_1257_1345,0.518339418
2026_1326_1345,0.402284453
2026_1320_1345,0.293442961
2026_1295_1345,0.50389826
2026_1202_1345,0.395759677
2026_1196_1345,0.827833231
2026_1222_1345,0.78934314
2026_1228_1345,0.612588717
2026_1304_1345,0.23681766
2026_1314_1345,0.444896636
2026_1155_1345,0.62306429
2026_1234_1345,0.438087895
2026_1270_1345,0.656862507
2026_1335_1345,0.114996436
2026_1225_1345,0.18137721
2026_1250_1345,0.101356814
2026_1341_1345,0.060906484
2026_1276_1345,0.325908176
2026_1235_1345,0.501845862
2026_1104_1345,0.680859106
2026_1246_1345,0.541153842
2026_1208_1345,0.407440728
2026_1275_1345,0.318899719
2026_1103_1345,0.60969072
2026_1220_1345,0.086966646
2026_1224_1345,0.109438348
2026_1112_1345,0.586436345
2026_1211_1345,0.769191986
2026_1116_1345,0.247068838
2026_1140_1345,0.555564774
2026_1274_1345,0.219900658
2026_1281_1345,0.733204662
2026_1301_1345,0.274500069
2026_1219_1345,0.781506364
2026_1218_1345,0.109044522
2026_1244_1345,0.178040462
2026_1254_1345,0.114678951
2026_1181_1211,0.715164571
2026_1163_1211,0.50901142
2026_1202_1211,0.221957215
2026_1196_1211,0.676824417
2026_1155_1211,0.418591779
2026_1104_1211,0.48165591
2026_1208_1211,0.230464995
2026_1103_1211,0.404892694
2026_1112_1211,0.381808446
2026_1116_1211,0.125051559
2026_1140_1211,0.352526713
2026_1104_1116,0.904188215
2026_1103_1116,0.873574641
2026_1112_1116,0.862496511
2026_1181_1458,0.880794628
2026_1163_1458,0.75313914
2026_1277_1458,0.673272167
2026_1242_1458,0.367481525
2026_1385_1458,0.708548385
2026_1257_1458,0.579722449
2026_1417_1458,0.634831576
2026_1326_1458,0.463138996
2026_1395_1458,0.253321218
2026_1416_1458,0.309774986
2026_1378_1458,0.193867447
2026_1320_1458,0.347402359
2026_1295_1458,0.565579248
2026_1202_1458,0.456380831
2026_1373_1458,0.24874449
2026_1196_1458,0.860397051
2026_1222_1458,0.827671544
2026_1228_1458,0.66961636
2026_1304_1458,0.284558094
2026_1435_1458,0.580741838
2026_1314_1458,0.506732385
2026_1388_1458,0.826661755
2026_1155_1458,0.67935704
2026_1234_1458,0.499829413
2026_1401_1458,0.58590844
2026_1433_1458,0.69703545
2026_1270_1458,0.710453384
2026_1407_1458,0.473997967
2026_1335_1458,0.142772976
2026_1225_1458,0.221180365
2026_1250_1458,0.126309007
2026_1341_1458,0.076751046
2026_1276_1458,0.382604705
2026_1235_1458,0.563561012
2026_1438_1458,0.188773345
2026_1104_1458,0.732229995
2026_1403_1458,0.776543015
2026_1397_1458,0.735959374
2026_1246_1458,0.601862633
2026_1208_1458,0.46846394
2026_1387_1458,0.173418837
2026_1365_1458,0.545647247
2026_1275_1458,0.375055383
2026_1374_1458,0.646922532
2026_1103_1458,0.666913001
2026_1220_1458,0.108805169
2026_1398_1458,0.206697558
2026_1224_1458,0.136078798
2026_1420_1458,0.149616615
2026_1112_1458,0.645083271
2026_1345_1458,0.650415445
2026_1211_1458,0.810305717
2026_1116_1458,0.29607411
2026_1140_1458,0.61572084
2026_1274_1458,0.265416797
2026_1437_1458,0.560522076
2026_1429_1458,0.723344353
2026_1281_1458,0.778886047
2026_1301_1458,0.32658623
2026_1400_1458,0.58091175
2026_1219_1458,0.820937186
2026_1218_1458,0.135603701
2026_1244_1458,0.217305747
2026_1254_1458,0.142391143
2026_1104_1140,0.712419509
2026_1103_1140,0.644615519
2026_1112_1140,0.622152395
2026_1116_1140,0.275905123
2026_1181_1274,0.967409493
2026_1163_1274,0.924564812
2026_1242_1274,0.700060882
2026_1257_1274,0.847128966
2026_1202_1274,0.771306446
2026_1196_1274,0.961179616
2026_1222_1274,0.950726419
2026_1228_1274,0.89061852
2026_1155_1274,0.894866424
2026_1234_1274,0.800582956
2026_1270_1274,0.907895978
2026_1225_1274,0.532908157
2026_1250_1274,0.367403693
2026_1235_1274,0.838383743
2026_1104_1274,0.916566936
2026_1246_1274,0.858617714
2026_1208_1274,0.779767547
2026_1103_1274,0.889424892
2026_1220_1274,0.32907315
2026_1224_1274,0.387549801
2026_1112_1274,0.879544142
2026_1211_1274,0.944936051
2026_1116_1274,0.628213635
2026_1140_1274,0.865535549
2026_1219_1274,0.948501667
2026_1218_1274,0.38658961
2026_1244_1274,0.527269756
2026_1254_1274,0.400124557
2026_1181_1437,0.893720231
2026_1163_1437,0.776392569
2026_1277_1437,0.701062668
2026_1242_1437,0.398026411
2026_1385_1437,0.734521521
2026_1257_1437,0.610871095
2026_1417_1437,0.664261256
2026_1326_1437,0.495407421
2026_1395_1437,0.278556011
2026_1416_1437,0.338087128
2026_1378_1437,0.214884132
2026_1320_1437,0.377273753
2026_1295_1437,0.597047518
2026_1202_1437,0.488606934
2026_1373_1437,0.273690481
2026_1196_1437,0.875221063
2026_1222_1437,0.845345952
2026_1228_1437,0.697578139
2026_1304_1437,0.311605995
2026_1435_1437,0.611865515
2026_1314_1437,0.538988772
2026_1388_1437,0.844420262
2026_1155_1437,0.706855327
2026_1234_1437,0.532120411
2026_1401_1437,0.616901586
2026_1433_1437,0.723634395
2026_1270_1437,0.73631993
2026_1407_1437,0.506309448
2026_1335_1437,0.159345517
2026_1225_1437,0.244260805
2026_1250_1437,0.14128545
2026_1341_1437,0.086432719
2026_1276_1437,0.413584688
2026_1235_1437,0.595070807
2026_1104_1437,0.756817033
2026_1403_1437,0.798182634
2026_1397_1437,0.760316067
2026_1246_1437,0.632410834
2026_1208_1437,0.500757315
2026_1387_1437,0.192748779
2026_1365_1437,0.577480722
2026_1275_1437,0.405825892
2026_1374_1437,0.675875292
2026_1103_1437,0.694999363
2026_1220_1437,0.121995983
2026_1398_1437,0.228710512
2026_1224_1437,0.152012096
2026_1420_1437,0.166828941
2026_1112_1437,0
2026_1345_1437,0.679223805
2026_1211_1437,0.829394075
2026_1116_1437,0.323721343
2026_1140_1437,0.645831441
2026_1274_1437,0.291386292
2026_1429_1437,0.748467012
2026_1281_1437,0.8003571
2026_1301_1437,0.355643169
2026_1400_1437,0.612031241
2026_1219_1437,0.839168071
2026_1218_1437,0.151491126
2026_1244_1437,0.240106516
2026_1254_1437,0.158927579
2026_1181_1429,0.804000403
2026_1163_1429,0.628768115
2026_1277_1429,0.533582527
2026_1242_1429,0.243879616
2026_1385_1429,0.574407033
2026_1257_1429,0.43367926
2026_1417_1429,0.491128819
2026_1326_1429,0.323835329
2026_1395_1429,0.158495354
2026_1416_1429,0.199461887
2026_1378_1429,0.117786231
2026_1320_1429,0.228118358
2026_1295_1429,0.419542292
2026_1202_1429,0.317906199
2026_1373_1429,0.155275564
2026_1196_1429,0.773836455
2026_1222_1429,0.727251972
2026_1228_1429,0.529456085
2026_1304_1429,0.180871747
2026_1314_1429,0.36318697
2026_1388_1429,0.725848663
2026_1155_1429,0.540493394
2026_1234_1429,0.356824895
2026_1401_1429,0.439938151
2026_1270_1429,0.576664964
2026_1407_1429,0.333456821
2026_1335_1429,0.084637983
2026_1225_1429,0.13619134
2026_1250_1429,0.07429686
2026_1341_1429,0.04411569
2026_1276_1429,0.255974661
2026_1235_1429,0.4175443
2026_1104_1429,0.6028793
2026_1403_1429,0.658618447
2026_1397_1429,0.607444396
2026_1246_1429,0.456297466
2026_1208_1429,0.328538775
2026_1387_1429,0.104323942
2026_1365_1429,0.400017862
2026_1275_1429,0.249912535
2026_1374_1429,0.504262289
2026_1103_1429,0.526416978
2026_1220_1429,0.063477162
2026_1398_1429,0.126370602
2026_1224_1429,0.080413877
2026_1420_1429,0.088984261
2026_1112_1429,1
2026_1345_1429,0.50809338
2026_1211_1429,0.703393132
2026_1116_1429,0.189301878
2026_1140_1429,0.470767106
2026_1274_1429,0.167076313
2026_1281_1429,0.661659227
2026_1301_1429,0.212126386
2026_1400_1429,0.43487897
2026_1219_1429,0.717930736
2026_1218_1429,0.080115103
2026_1244_1429,0.133550251
2026_1254_1429,0.084396319
2026_1181_1281,0.752764744
2026_1163_1281,0.556966791
2026_1277_1281,0.459205359
2026_1242_1281,0.193160918
2026_1257_1281,0.362407494
2026_1202_1281,0.257025662
2026_1196_1281,0.717486422
2026_1222_1281,0.664329862
2026_1228_1281,0.455092882
2026_1155_1281,0.466115602
2026_1234_1281,0.29167836
2026_1270_1281,0.502755667
2026_1225_1281,0.10476512
2026_1250_1281,0.056223229
2026_1276_1281,0.203417306
2026_1235_1281,0.347298052
2026_1104_1281,0.529815085
2026_1246_1281,0.383827884
2026_1208_1281,0.26641736
2026_1275_1281,0.198268184
2026_1103_1281,0.452070533
2026_1220_1281,0.047899366
2026_1224_1281,0.060950182
2026_1112_1281,0.428232043
2026_1211_1281,0.63770884
2026_1116_1281,0.147716096
2026_1140_1281,0.397680328
2026_1274_1281,0.129592554
2026_1219_1281,0.653881669
2026_1218_1281,0.060718949
2026_1244_1281,0.102661034
2026_1254_1281,0.064035821
2026_1181_1301,0.956738413
2026_1163_1301,0.901296457
2026_1277_1301,0.86048336
2026_1242_1301,0.63488972
2026_1257_1301,0.805012504
2026_1295_1301,0.795780035
2026_1202_1301,0.715320545
2026_1196_1301,0.948577121
2026_1222_1301,0.934960066
2026_1228_1301,0.858481986
2026_1155_1301,0.863787056
2026_1234_1301,0.749435879
2026_1270_1301,0.880152521
2026_1225_1301,0.459460999
2026_1250_1301,0.302017901
2026_1276_1301,0.64971373
2026_1235_1301,0.794442574
2026_1104_1301,0.891122111
2026_1246_1301,0.818990119
2026_1208_1301,0.725114783
2026_1275_1301,0.642377671
2026_1103_1301,0.856993977
2026_1220_1301,0.267623033
2026_1224_1301,0.320394552
2026_1112_1301,0.844721206
2026_1211_1301,0.92745829
2026_1116_1301,0.557303359
2026_1140_1301,0.827457286
2026_1274_1301,0.519561609
2026_1281_1301,0.913368412
2026_1219_1301,0.932074307
2026_1218_1301,0.319513944
2026_1244_1301,0.453844638
2026_1254_1301,0.331971422
2026_1181_1400,0.885551091
2026_1163_1400,0.761610633
2026_1277_1400,0.683332043
2026_1242_1400,0.378262071
2026_1385_1400,0.717977084
2026_1257_1400,0.590912554
2026_1326_1400,0.474620075
2026_1395_1400,0.262140698
2026_1378_1400,0.201174707
2026_1320_1400,0.357927185
2026_1295_1400,0.576871071
2026_1202_1400,0.467840371
2026_1373_1400,0.257459571
2026_1196_1400,0.865843441
2026_1222_1400,0.834148562
2026_1228_1400,0.679735255
2026_1304_1400,0.294036839
2026_1314_1400,0.518250925
2026_1388_1400,0.833169077
2026_1155_1400,0.689316019
2026_1234_1400,0.511353706
2026_1270_1400,0.719844822
2026_1335_1400,0.14850917
2026_1225_1400,0.229224372
2026_1250_1400,0.131485187
2026_1341_1400,0.080082479
2026_1276_1400,0.393552865
2026_1235_1400,0.574865861
2026_1104_1400,0.741172432
2026_1397_1400,0.744820669
2026_1246_1400,0.612856912
2026_1208_1400,0.47995901
2026_1387_1400,0.180127569
2026_1365_1400,0.557051403
2026_1275_1400,0.385922552
2026_1374_1400,0.657380848
2026_1103_1400,0.677074764
2026_1220_1400,0.113357105
2026_1398_1400,0.214359818
2026_1224_1400,0.141590464
2026_1112_1400,0.655567061
2026_1345_1400,0.660824544
2026_1211_1400,0.817291352
2026_1116_1400,0.305772511
2026_1140_1400,0.626569874
2026_1274_1400,0.274502576
2026_1281_1400,0.786724194
2026_1301_1400,0.336805889
2026_1219_1400,0.827614599
2026_1218_1400,0.141099267
2026_1244_1400,0.225249595
2026_1254_1400,0.148114647
2026_1181_1219,0.700543867
2026_1163_1219,0.491335246
2026_1202_1219,0.209986143
2026_1196_1219,0.661168107
2026_1155_1219,0.401487977
2026_1104_1219,0.464031892
2026_1208_1219,0.218163727
2026_1103_1219,0.387975118
2026_1112_1219,0.365263392
2026_1211_1219,0.574909426
2026_1116_1219,0.117517583
2026_1140_1219,0.336559726
2026_1218_1219,0.047318365
2026_1181_1218,0.985583971
2026_1163_1218,0.965787149
2026_1202_1218,0.88594718
2026_1196_1218,0.982766369
2026_1155_1218,0.951465825
2026_1104_1218,0.96198007
2026_1208_1218,0.890767526
2026_1103_1218,0.948786123
2026_1112_1218,0.943875043
2026_1211_1218,0.975323428
2026_1116_1218,0.795573331
2026_1140_1218,0.936810413
2026_1181_1244,0.974766753
2026_1163_1244,0.941004361
2026_1242_1244,0.752319732
2026_1202_1244,0.814442314
2026_1196_1244,0.969899503
2026_1222_1244,0.961700758
2026_1228_1244,0.913765965
2026_1155_1244,0.917198498
2026_1234_1244,0.839346908
2026_1225_1244,0.597547845
2026_1235_1244,0.870983882
2026_1104_1244,0.934626216
2026_1208_1244,0.821676465
2026_1103_1244,0.912800202
2026_1220_1244,0.389611606
2026_1224_1244,0.4516049
2026_1112_1244,0.90478461
2026_1211_1244,0.957141899
2026_1116_1244,0.687400835
2026_1140_1244,0.893355481
2026_1219_1244,0.959950635
2026_1218_1244,0.450602771
2026_1181_1474,0.957765728
2026_1163_1474,0.903507547
2026_1277_1474,0.863470223
2026_1242_1474,0.640689528
2026_1385_1474,0.881815811
2026_1257_1474,0.808923218
2026_1417_1474,0.842160986
2026_1326_1474,0.725852894
2026_1395_1474,0.510103066
2026_1416_1474,0.579378612
2026_1378_1474,0.424658369
2026_1320_1474,0.620322525
2026_1465_1474,0.55065456
2026_1295_1474,0.799829874
2026_1202_1474,0.720405358
2026_1373_1474,0.504018647
2026_1196_1474,0.949788068
2026_1222_1474,0.936470201
2026_1228_1474,0.8615048
2026_1304_1474,0.549693294
2026_1435_1474,0.809569292
2026_1314_1474,0.759204966
2026_1388_1474,0.936048678
2026_1155_1474,0.866714146
2026_1234_1474,0.754120795
2026_1401_1474,0.812824867
2026_1433_1474,0.875948989
2026_1270_1474,0.882775659
2026_1407_1474,0.734444873
2026_1335_1474,0.338261214
2026_1225_1474,0.465702333
2026_1250_1474,0.307336539
2026_1341_1474,0.203277017
2026_1276_1474,0.655405868
2026_1235_1474,0.79851222
2026_1438_1474,0.41663418
2026_1104_1474,0.893534197
2026_1403_1474,0.914278192
2026_1397_1474,0.89533812
2026_1246_1474,0.822682244
2026_1208_1474,0.730090665
2026_1387_1474,0.39169477
2026_1365_1474,0.786590234
2026_1275_1474,0.648124457
2026_1374_1474,0.849019773
2026_1103_1474,0.860043393
2026_1220_1474,0.272572502
2026_1460_1474,0.523186611
2026_1398_1474,0.44434326
2026_1224_1474,0.325885712
2026_1420_1474,0.350642407
2026_1112_1474,0.847985902
2026_1345_1474,1
2026_1211_1474,0.929129404
2026_1116_1474,0.563488264
2026_1458_1474,0.816680414
2026_1140_1474,0.831012339
2026_1274_1474,0.525825166
2026_1437_1474,0.796518566
2026_1429_1474,0.889191224
2026_1281_1474,0.915334478
2026_1301_1474,0.598141807
2026_1400_1474,0.80967686
2026_1219_1474,0.933646691
2026_1218_1474,0.324997229
2026_1244_1474,0.460074614
2026_1254_1474,0.337562442
2026_1181_1254,0.98475542
2026_1163_1254,0.963862508
2026_1242_1254,0.835505013
2026_1202_1254,0.880088797
2026_1196_1254,0.981778872
2026_1222_1254,0.976738214
2026_1228_1254,0.946578624
2026_1155_1254,0.948778268
2026_1234_1254,0.897293747
2026_1225_1254,0.71287566
2026_1250_1254,0.558283153
2026_1235_1254,0.91862573
2026_1104_1254,0.959850166
2026_1246_1254,0.9296565
2026_1208_1254,0.885124637
2026_1103_1254,0.945958607
2026_1220_1254,0.516291335
2026_1224_1254,0.579310894
2026_1112_1254,1
2026_1211_1254,0.973920764
2026_1116_1254,0.786193131
2026_1140_1254,0.933368152
2026_1219_1254,0.975657851
2026_1218_1254,0.578324231
2026_1244_1254,0.708220237
2026_3160_3163,0
2026_3155_3163,0.052341149
2026_3113_3163,0.024476689
2026_3161_3163,0.056221646
2026_3104_3163,0.189176847
2026_3124_3163,0.225548577
2026_3158_3163,0.118508417
2026_3163_3435,0
2026_3326_3435,0.287629201
2026_3314_3435,0.210363339
2026_3268_3435,0.41927075
2026_3323_3435,0.476622182
2026_3228_3435,0
2026_3235_3435,0.245253378
2026_3393_3435,0.184984451
2026_3160_3435,0
2026_3193_3435,0.267752594
2026_3293_3435,0.440782896
2026_3224_3435,0.101304841
2026_3219_3435,0
2026_3427_3435,0.21618296
2026_3376_3435,0.632184903
2026_3234_3435,0.22904365
2026_3395_3435,0.648666735
2026_3328_3435,0.340484837
2026_3277_3435,0.305914084
2026_3208_3435,0.059326522
2026_3155_3435,0.135429784
2026_3425_3435,0.445816141
2026_3113_3435,0.066432904
2026_3355_3435,0.406119563
2026_3161_3435,0.144530858
2026_3225_3435,0.052625718
2026_3192_3435,0.340778855
2026_3359_3435,0.023453912
2026_3380_3435,0.042845837
2026_3400_3435,0.636763884
2026_3276_3435,0.328179266
2026_3257_3435,0.284138562
2026_3246_3435,0.270589926
2026_3104_3435,0.398208528
2026_3301_3435,0.326181927
2026_3332_3435,0.144730016
2026_3397_3435,0.567204188
2026_3348_3435,0.148581658
2026_3241_3435,0.219788262
2026_3275_3435,0.046589904
2026_3221_3435,0.057101606
2026_3283_3435,0.255657453
2026_3372_3435,0.179894914
2026_3417_3435,0.568734079
2026_3261_3435,0.552252855
2026_3181_3435,0.420752599
2026_3278_3435,0.374483207
2026_3279_3435,0.505966029
2026_3124_3435,0.452348341
2026_3403_3435,0.068634302
2026_3329_3435,0.30168114
2026_3343_3435,0.316338877
2026_3304_3435,0.343396289
2026_3350_3435,0.359764081
2026_3211_3435,0.248635964
2026_3158_3435,0.276038281
2026_3239_3435,0.088075166
2026_3163_3326,1
2026_3314_3326,0.395146307
2026_3268_3326,0.63904889
2026_3323_3326,0.690707006
2026_3228_3326,0.434888538
2026_3235_3326,0.443471702
2026_3160_3326,0.300010702
2026_3193_3326,0.47276477
2026_3293_3326,0.659040406
2026_3224_3326,0.216563959
2026_3219_3326,0.107384494
2026_3234_3326,0.421477031
2026_3277_3326,0.519418911
2026_3208_3326,0.133943343
2026_3155_3326,0.277524754
2026_3113_3326,0.148575932
2026_3161_3326,0.292939362
2026_3225_3326,0.119888853
2026_3192_3326,0.559018806
2026_3276_3326,0.545021395
2026_3257_3326,0.493245807
2026_3246_3326,0.476361283
2026_3104_3326,0.618708722
2026_3301_3326,0.542770549
2026_3241_3326,0.408566512
2026_3275_3326,0.107009811
2026_3221_3326,0.129304741
2026_3283_3326,0.457190898
2026_3261_3326,0.751528978
2026_3181_3326,0.640450857
2026_3278_3326,0.594831461
2026_3279_3326,0.715219635
2026_3124_3326,0.669476725
2026_3304_3326,0.561883746
2026_3211_3326,0.447965521
2026_3158_3326,0.483208125
2026_3239_3326,0.191489488
2026_3163_3314,1
2026_3268_3314,0.728504598
2026_3228_3314,0.538393538
2026_3235_3314,0.547042021
2026_3160_3314,0.393783335
2026_3193_3314,0.576094568
2026_3293_3314,0.745514583
2026_3224_3314,0.295255715
2026_3219_3314,0.154213386
2026_3234_3314,0.524754076
2026_3277_3314,0.620936485
2026_3208_3314,0.189890298
2026_3155_3314,0.367963654
2026_3113_3314,0.209158724
2026_3161_3314,0.385719674
2026_3225_3314,0.17112532
2026_3192_3314,0.6576842
2026_3276_3314,0.644828804
2026_3257_3314,0.595991833
2026_3246_3314,0.579612989
2026_3104_3314,0.710925108
2026_3301_3314,0.642748067
2026_3241_3314,0.511476929
2026_3275_3314,0.153703444
2026_3221_3314,0.183725215
2026_3283_3314,0.560736987
2026_3261_3314,0.820920118
2026_3181_3314,0.72970607
2026_3278_3314,0.689928546
2026_3279_3314,0.791943724
2026_3124_3314,0.754290867
2026_3304_3314,0.660297659
2026_3211_3314,0.551545238
2026_3158_3314,0.586282291
2026_3239_3314,0.264141971
2026_3163_3268,1
2026_3228_3268,0.300883997
2026_3235_3268,0.308265095
2026_3160_3268,0.193347239
2026_3193_3268,0.333986912
2026_3224_3268,0.133893618
2026_3219_3268,0.063038368
2026_3234_3268,0.289488075
2026_3208_3268,0.079607486
2026_3155_3268,0.176836148
2026_3113_3268,0.088913584
2026_3161_3268,0.188114354
2026_3225_3268,0.070788372
2026_3192_3268,0.414843553
2026_3257_3268,0.352475144
2026_3246_3268,0.337202903
2026_3104_3268,0.475747135
2026_3241_3268,0.278673071
2026_3221_3268,0.076683979
2026_3261_3268,0.628462108
2026_3181_3268,0.499040718
2026_3124_3268,0.531124868
2026_3211_3268,0.312157311
2026_3158_3268,0.343361135
2026_3239_3268,0.11696197
2026_3163_3323,0.753277894
2026_3314_3323,0.224596617
2026_3268_3323,0.439766819
2026_3228_3323,0.254400247
2026_3235_3323,0.261066854
2026_3160_3323,0.159682302
2026_3193_3323,0.284469993
2026_3293_3323,0.461494882
2026_3224_3323,0.109179425
2026_3219_3323,0.050638042
2026_3234_3323,0.244150052
2026_3277_3323,0.323960005
2026_3208_3323,0.064171062
2026_3155_3323,0.145527415
2026_3113_3323,0.071813442
2026_3161_3323,0.155185264
2026_3225_3323,0.056956209
2026_3192_3323,0.359815269
2026_3276_3323,0.346882205
2026_3257_3323,0.301457848
2026_3246_3323,0.287414943
2026_3104_3323,0.418416819
2026_3301_3323,0.344829462
2026_3241_3323,0.234469882
2026_3275_3323,0.050450166
2026_3221_3323,0.061776394
2026_3283_3323,0.271900093
2026_3261_3323,0.572837269
2026_3181_3323,0.441266065
2026_3278_3323,0.39427632
2026_3279_3323,0.526855265
2026_3124_3323,0.473143974
2026_3304_3323,0.362498515
2026_3211_3323,0.264591083
2026_3158_3323,0.293065958
2026_3239_3323,0.095030128
2026_3163_3228,1
2026_3160_3228,0.355434861
2026_3193_3228,0.535680288
2026_3224_3228,0.262349899
2026_3219_3228,0.134036906
2026_3208_3228,0.165961957
2026_3155_3228,0.330757718
2026_3113_3228,0.18335188
2026_3161_3228,0.347706067
2026_3225_3228,0.149126301
2026_3192_3228,0.619916516
2026_3104_3228,0.676138946
2026_3221_3228,0.160419907
2026_3181_3228,0.696214202
2026_3124_3228,0.722687591
2026_3211_3228,0.510778023
2026_3158_3228,0.546073983
2026_3163_3235,1
2026_3228_3235,0.488809515
2026_3160_3235,0.347491699
2026_3193_3235,0.527002442
2026_3224_3235,0.255661864
2026_3219_3235,0.130043261
2026_3234_3235,0.475133244
2026_3208_3235,0.161194165
2026_3155_3235,0.323089604
2026_3113_3235,0.178191241
2026_3161_3235,0.33984456
2026_3225_3235,0.144758221
2026_3192_3235,0.611671726
2026_3104_3235,0.66846149
2026_3221_3235,0.15578159
2026_3181_3235,0.688793607
2026_3124_3235,0.715649549
2026_3211_3235,0.502067381
2026_3158_3235,0.537422646
2026_3163_3393,1
2026_3326_3393,0.637860196
2026_3314_3393,0.53749908
2026_3268_3393,0.759007794
2026_3323_3393,0.798900356
2026_3228_3393,0.577879801
2026_3235_3393,0.586356866
2026_3160_3393,0.432603221
2026_3193_3393,0.614664014
2026_3293_3393,0.774697708
2026_3224_3393,0.329644252
2026_3219_3393,0.176283762
2026_3376_3393,0.882323223
2026_3234_3393,0.564463236
2026_3328_3393,0.692510153
2026_3277_3393,0.657849108
2026_3208_3393,0.215764059
2026_3155_3393,0.405942639
2026_3113_3393,0.236890205
2026_3355_3393,0.748943361
2026_3161_3393,0.424301014
2026_3225_3393,0.19505787
2026_3192_3393,0.692788835
2026_3359_3393,0.094835794
2026_3380_3393,0.16337322
2026_3276_3393,0.680611551
2026_3257_3393,0.633901369
2026_3246_3393,0.618074538
2026_3104_3393,0.742705836
2026_3301_3393,0.678635971
2026_3332_3393,0.424694299
2026_3348_3393,0.432231191
2026_3241_3393,0.551346972
2026_3275_3393,0.175716002
2026_3221_3393,0.208975639
2026_3283_3393,0.599732905
2026_3372_3393,0.488990677
2026_3261_3393,0.843273957
2026_3181_3393,0.760118727
2026_3278_3393,0.723118599
2026_3279_3393,0.817108745
2026_3124_3393,0.782760837
2026_3329_3393,0.65333022
2026_3343_3393,0.66871233
2026_3304_3393,0.695258467
2026_3350_3393,0.710255848
2026_3211_3393,0.590761621
2026_3158_3393,0.624528932
2026_3239_3393,0.296430941
2026_3155_3160,0.470173868
2026_3113_3160,0.287309444
2026_3104_3160,0.789414151
2026_3124_3160,0.823921596
2026_3158_3160,0.683549861
2026_3163_3193,1
2026_3160_3193,0.321231461
2026_3155_3193,0.297831736
2026_3113_3193,0.161557413
2026_3161_3193,0.313884228
2026_3192_3193,0.583293785
2026_3104_3193,0.641803312
2026_3181_3193,0.662945951
2026_3124_3193,0.691031901
2026_3158_3193,0.507983289
2026_3163_3293,1
2026_3268_3293,0.475593751
2026_3228_3293,0.282747369
2026_3235_3293,0.289868022
2026_3160_3293,0.180023544
2026_3193_3293,0.314753261
2026_3224_3293,0.124036931
2026_3219_3293,0.058048156
2026_3234_3293,0.271771338
2026_3277_3293,0.356353521
2026_3208_3293,0.073408401
2026_3155_3293,0.164418331
2026_3113_3293,0.082054433
2026_3161_3293,0.175072998
2026_3225_3293,0.065227368
2026_3192_3293,0.39370609
2026_3276_3293,0.38027847
2026_3257_3293,0.332708666
2026_3246_3293,0.317872443
2026_3104_3293,0.453913663
2026_3241_3293,0.261374729
2026_3275_3293,0.057834462
2026_3221_3293,0.070695064
2026_3283_3293,0.301408904
2026_3261_3293,0.607744811
2026_3181_3293,0.477111119
2026_3278_3293,0.429236692
2026_3279_3293,0.56265157
2026_3124_3293,0.509218513
2026_3211_3293,0.293626553
2026_3158_3293,0.323850141
2026_3239_3293,0.108196012
2026_3163_3442,1
2026_3435_3442,0.91307131
2026_3326_3442,0.810723732
2026_3314_3442,0.738639514
2026_3268_3442,0.884512906
2026_3323_3442,0.906197568
2026_3228_3442,0.769005932
2026_3235_3442,0.775138288
2026_3393_3442,0.706554966
2026_3160_3442,0.649625391
2026_3193_3442,0.795042189
2026_3293_3442,0.893181698
2026_3224_3442,0.544590316
2026_3219_3442,0.342291245
2026_3427_3442,0.745280085
2026_3376_3442,0.948006746
2026_3234_3442,0.759132055
2026_3395_3442,0.951423985
2026_3328_3442,0.845601554
2026_3277_3442,0.823806756
2026_3208_3442,0.400857477
2026_3155_3442,0.624306282
2026_3425_3442,0.895112043
2026_3113_3442,0.430165907
2026_3438_3442,0.591731371
2026_3355_3442,0.878853288
2026_3161_3442,0.641869848
2026_3225_3442,0.370786726
2026_3192_3442,0.845772388
2026_3359_3442,0.203050179
2026_3380_3442,0.321975074
2026_3400_3442,0.948971376
2026_3276_3442,0.838243232
2026_3257_3442,0.808086051
2026_3246_3442,0.797382491
2026_3104_3442,0.875306009
2026_3301_3442,0.837009186
2026_3332_3442,0.642239825
2026_3439_3442,0.729182893
2026_3397_3442,0.932899087
2026_3348_3442,0.649280296
2026_3241_3442,0.749274252
2026_3275_3442,0.341410426
2026_3436_3442,0.739373047
2026_3221_3442,0.391150144
2026_3283_3442,0.7846517
2026_3372_3442,0.699430297
2026_3417_3442,0.933288322
2026_3261_3442,0.928999641
2026_3181_3442,0.88513284
2026_3278_3442,0.863964389
2026_3279_3442,0.915715776
2026_3124_3442,0.897565194
2026_3403_3442,0.438755707
2026_3329_3442,0.820882929
2026_3343_3442,0.830756433
2026_3437_3442,0.478620383
2026_3304_3442,0.847283302
2026_3350_3442,0.856344887
2026_3211_3442,0.778292874
2026_3158_3442,0.801778471
2026_3239_3442,0.50606948
2026_3163_3224,1
2026_3160_3224,0.605548003
2026_3193_3224,0.762572347
2026_3219_3224,0.301143856
2026_3208_3224,0.356485692
2026_3155_3224,0.5791074
2026_3113_3224,0.384632602
2026_3161_3224,0.597421427
2026_3192_3224,0.819514872
2026_3104_3224,0.853203935
2026_3221_3224,0.347230149
2026_3181_3224,0.864502945
2026_3124_3224,0.878862543
2026_3211_3224,0.744023893
2026_3158_3224,0.770067168
2026_3163_3219,1
2026_3160_3219,0.779124733
2026_3193_3219,0.880667986
2026_3208_3219,0.560030655
2026_3155_3219,0.759702083
2026_3113_3219,0.589525881
2026_3161_3219,0.773235059
2026_3192_3219,0.912536043
2026_3104_3219,0.930337866
2026_3181_3219,0.93614416
2026_3124_3219,0.943408428
2026_3211_3219,0.869769884
2026_3158_3219,0.884997112
2026_3163_3427,1
2026_3326_3427,0.591749854
2026_3314_3427,0.488850255
2026_3268_3427,0.721590062
2026_3323_3427,0.765765066
2026_3228_3427,0.529762499
2026_3235_3427,0.538434057
2026_3393_3427,0.448976949
2026_3160_3427,0.385534342
2026_3193_3427,0.567602311
2026_3293_3427,0.738877983
2026_3224_3427,0.288089836
2026_3219_3427,0.149743276
2026_3376_3427,0.860533952
2026_3234_3427,0.516097226
2026_3395_3427,0.868905297
2026_3328_3427,0.649535017
2026_3277_3427,0.612738686
2026_3208_3427,0.184611765
2026_3155_3427,0.359934396
2026_3425_3427,0.742793811
2026_3113_3427,0.203479106
2026_3355_3427,0.710558878
2026_3161_3427,0.377534401
2026_3225_3427,0.166261358
2026_3192_3427,0.649832952
2026_3359_3427,0.079376096
2026_3380_3427,0.138449782
2026_3400_3427,0.862886742
2026_3276_3427,0.636845515
2026_3257_3427,0.587612848
2026_3246_3427,0.571138746
2026_3104_3427,0.703744923
2026_3301_3427,0.634744501
2026_3332_3427,0.377912794
2026_3397_3427,0.82470907
2026_3348_3427,0.385175313
2026_3241_3427,0.502807375
2026_3275_3427,0.149245508
2026_3221_3427,0.17858028
2026_3283_3427,0.552176227
2026_3372_3427,0.440550227
2026_3417_3427,0.825608571
2026_3261_3427,0.815764017
2026_3181_3427,0.722810491
2026_3278_3427,0.68245978
2026_3279_3427,0.786170643
2026_3124_3427,0.747805716
2026_3403_3427,0.209204156
2026_3329_3427,0.607979048
2026_3343_3427,0.62421601
2026_3304_3427,0.652474679
2026_3350_3427,0.668573899
2026_3211_3427,0.542951352
2026_3158_3427,0.57784457
2026_3239_3427,0.257455361
2026_3163_3376,0.617981743
2026_3326_3376,0.188704786
2026_3314_3376,0.13304975
2026_3268_3376,0.29373977
2026_3323_3376,0.3440943
2026_3228_3376,0.153103906
2026_3235_3376,0.157677388
2026_3160_3376,0.09147349
2026_3193_3376,0.173994632
2026_3293_3376,0.312274514
2026_3224_3376,0.060977673
2026_3219_3376,0.027484385
2026_3234_3376,0.146135164
2026_3328_3376,1
2026_3277_3376,1
2026_3208_3376,0.035058093
2026_3155_3376,0
2026_3113_3376,0.039379194
2026_3355_3376,0.282609916
2026_3161_3376,0
2026_3225_3376,0
2026_3192_3376,0.229462787
2026_3359_3376,0
2026_3276_3376,0.219607812
2026_3257_3376,0.186101054
2026_3246_3376,0.176077334
2026_3104_3376,0.275986725
2026_3301_3376,0.218056779
2026_3332_3376,0.088824831
2026_3348_3376,0.091347595
2026_3241_3376,0.139623271
2026_3275_3376,0.027379936
2026_3221_3376,0.033710697
2026_3283_3376,0.165179407
2026_3372_3376,0.112188257
2026_3261_3376,0.415385797
2026_3181_3376,0.295003328
2026_3278_3376,0.256440334
2026_3279_3376,0.371063631
2026_3124_3376,0.32241212
2026_3329_3376,0.19927577
2026_3343_3376,0.210457472
2026_3304_3376,0
2026_3350_3376,0
2026_3211_3376,0.160108338
2026_3158_3376,0.180092527
2026_3239_3376,0.052705574
2026_3163_3234,0.903463212
2026_3228_3234,0.511213001
2026_3160_3234,0.368081943
2026_3193_3234,0.549275512
2026_3224_3234,0.273088117
2026_3219_3234,0.140523666
2026_3208_3234,0
2026_3155_3234,0.342993983
2026_3113_3234,1
2026_3161_3234,0.360231837
2026_3225_3234,0.156211586
2026_3192_3234,0
2026_3104_3234,0.688016766
2026_3221_3234,0.16793587
2026_3181_3234,0.707674074
2026_3124_3234,0.733531024
2026_3211_3234,0.524455099
2026_3158_3234,0.559615069
2026_3163_3395,0.600945978
2026_3326_3395,0.177989229
2026_3314_3395,0.125007591
2026_3268_3395,0.279111769
2026_3323_3395,0.328123705
2026_3228_3395,0.144050991
2026_3235_3395,0.148401432
2026_3393_3395,0.108511201
2026_3160_3395,0.085695987
2026_3193_3395,0.163945589
2026_3293_3395,0.297111795
2026_3224_3395,0.057005444
2026_3219_3395,0.025634426
2026_3376_3395,0.47963565
2026_3234_3395,0.13742744
2026_3328_3395,0.216829615
2026_3277_3395,0.191174664
2026_3208_3395,0.0327155
2026_3155_3395,0.077494722
2026_3113_3395,0.036758863
2026_3355_3395,0.268325596
2026_3161_3395,0.083076586
2026_3225_3395,0.028927924
2026_3192_3395,0.217051995
2026_3359_3395,0.0127161
2026_3380_3395,0.023443026
2026_3276_3395,0.207586442
2026_3257_3395,0.175501366
2026_3246_3395,0.165932168
2026_3104_3395,0.261914949
2026_3301_3395,0.206097889
2026_3332_3395,0.083199299
2026_3348_3395,0.085577294
2026_3241_3395,0.131243928
2026_3275_3395,0.025536822
2026_3221_3395,0.031455203
2026_3283_3395,0.155543615
2026_3372_3395,0.105253975
2026_3261_3395,0.398114709
2026_3181_3395,0.280337379
2026_3278_3395,0.243030638
2026_3279_3395,0.354517864
2026_3124_3395,0.30697688
2026_3329_3395,0.188099115
2026_3343_3395,0.198809387
2026_3304_3395,0.219034869
2026_3350_3395,0.231565547
2026_3211_3395,0.150714962
2026_3158_3395,0.169763683
2026_3239_3395,0.049243949
2026_3163_3328,0.843397344
2026_3326_3328,0.436418021
2026_3314_3328,0.338156001
2026_3268_3328,0.580651006
2026_3323_3328,0.635905067
2026_3228_3328,0.375726928
2026_3235_3328,0.383935744
2026_3160_3328,0.251046459
2026_3193_3328,0.412209011
2026_3293_3328,0.601861838
2026_3224_3328,0.17776036
2026_3219_3328,0.085996157
2026_3234_3328,0.362968048
2026_3277_3328,0.458079315
2026_3208_3328,0.107904609
2026_3155_3328,0.23101922
2026_3113_3328,0.120087037
2026_3161_3328,0.24472573
2026_3225_3328,0.096278592
2026_3192_3328,0.497847225
2026_3276_3328,0.48370143
2026_3257_3328,0.432217262
2026_3246_3328,0.415708077
2026_3104_3328,0.559289484
2026_3301_3328,0.481435858
2026_3241_3328,0.350763113
2026_3275_3328,0.085688938
2026_3221_3328,0.104059409
2026_3283_3328,0.397127411
2026_3261_3328,0.702867766
2026_3181_3328,0.582131478
2026_3278_3328,0.53449087
2026_3279_3328,0.662639588
2026_3124_3328,0.613020647
2026_3304_3328,0.500754659
2026_3211_3328,0.388247141
2026_3158_3328,0.422386349
2026_3239_3328,0.156282454
2026_3163_3277,0.863171318
2026_3268_3277,0.618598426
2026_3228_3277,0.413487142
2026_3235_3277,0.42196331
2026_3160_3277,0.281935344
2026_3193_3277,0.450986951
2026_3224_3277,0.202064882
2026_3219_3277,0.099268843
2026_3234_3277,0.400268156
2026_3208_3277,0.124099549
2026_3155_3277,0.260300369
2026_3113_3277,0.137827898
2026_3161_3277,0.275122595
2026_3225_3277,0.110945637
2026_3192_3277,0.537316964
2026_3276_3277,0.523218216
2026_3257_3277,0.471368017
2026_3246_3277,0.454560628
2026_3104_3277,0.597831085
2026_3241_3277,0.387572069
2026_3275_3277,0.098919339
2026_3221_3277,0.11975471
2026_3261_3277,0.734806722
2026_3181_3277,0.620032595
2026_3124_3277,0.649805499
2026_3211_3277,0.42640617
2026_3158_3277,0.461370208
2026_3239_3277,0.178287126
2026_3163_3449,0.832902684
2026_3435_3449,0.637356276
2026_3326_3449,0.417486959
2026_3314_3449,0.321059168
2026_3268_3449,0.56169904
2026_3323_3449,0.617806586
2026_3228_3449,0.357757339
2026_3235_3449,0.365803608
2026_3393_3449,0.287182551
2026_3160_3449,0.236778182
2026_3193_3449,0.393594693
2026_3293_3449,0.583180342
2026_3442_3449,0.142126622
2026_3224_3449,0.166730061
2026_3219_3449,0.080105227
2026_3427_3449,0.328666518
2026_3376_3449,0.75313999
2026_3234_3449,0.345271176
2026_3395_3449,0.766206233
2026_3328_3449,0.478187297
2026_3277_3449,0.438940445
2026_3208_3449,0.100678213
2026_3155_3449,0.217558552
2026_3425_3449,0.588129519
2026_3113_3449,0.112147345
2026_3438_3449,0.195180929
2026_3355_3449,0.548298365
2026_3161_3449,0.230706034
2026_3225_3449,0.089752459
2026_3192_3449,0.478513949
2026_3359_3449,0.040888577
2026_3380_3449,0.073609085
2026_3400_3449,0.756792475
2026_3276_3449,0.464409444
2026_3257_3449,0.413334779
2026_3246_3449,0.397042482
2026_3104_3449,0.540136694
2026_3301_3449,0.462153348
2026_3332_3449,0.230991875
2026_3439_3449,0.310595436
2026_3397_3449,0.699366173
2026_3348_3449,0.236504363
2026_3241_3449,0.333349916
2026_3275_3449,0.079817215
2026_3436_3449,0.321888739
2026_3221_3449,0.097062509
2026_3283_3449,0.378755294
2026_3372_3449,0.280248063
2026_3417_3449,0.700675424
2026_3261_3449,0.686456659
2026_3181_3449,0.563196087
2026_3278_3449,0.515194552
2026_3279_3449,0.645128414
2026_3124_3449,0.594509987
2026_3403_3449,0.115675889
2026_3329_3449,0.43401781
2026_3343_3449,0.450953185
2026_3437_3449,0.133150123
2026_3304_3449,0.481416721
2026_3350_3449,0.499359975
2026_3211_3449,0.370033689
2026_3158_3449,0.403628037
2026_3239_3449,0.146347682
2026_3163_3208,0.977819937
2026_3160_3208,0.73289612
2026_3193_3208,0.851645334
2026_3155_3208,0.710916662
2026_3113_3208,0.527671461
2026_3161_3208,0.726206935
2026_3192_3208,0.890298534
2026_3104_3208,0.912190906
2026_3181_3208,0.919378664
2026_3124_3208,0.928404317
2026_3158_3208,0.856856208
2026_3113_3155,0.310247738
2026_3104_3155,0.807045216
2026_3124_3155,0.839251869
2026_3163_3425,0.775595685
2026_3326_3425,0.331977038
2026_3314_3425,0.246927444
2026_3268_3425,0.470509746
2026_3323_3425,0.528491642
2026_3228_3425,0.278629536
2026_3235_3425,0.285687792
2026_3393_3425,0.218357175
2026_3160_3425,0.177032493
2026_3193_3425,0.310371007
2026_3293_3425,0.492421666
2026_3224_3425,0.121837868
2026_3219_3425,0.056942963
2026_3376_3425,0
2026_3234_3425,0.267753682
2026_3395_3425,0.694417484
2026_3328_3425,0.388537318
2026_3277_3425,0.351689333
2026_3208_3425,0.072033124
2026_3155_3425,0.161635448
2026_3113_3425,0.080531254
2026_3355_3425,0.457016176
2026_3161_3425,0.172146931
2026_3225_3425,0.063994774
2026_3192_3425,0.388848365
2026_3359_3425,0.028711801
2026_3380_3425,0.052218541
2026_3400_3425,0.683307889
2026_3276_3425,0.375483816
2026_3257_3425,0.328196153
2026_3246_3425,0.313466626
2026_3104_3425,0.448863044
2026_3301_3425,0.373358574
2026_3332_3425,0.172376475
2026_3397_3425,0.617304545
2026_3348_3425,0.17681176
2026_3241_3425,0.257456432
2026_3275_3425,0.056733093
2026_3221_3425,0.069366815
2026_3283_3425,0.297131879
2026_3372_3425,0.212588946
2026_3417_3425,0.618776366
2026_3261_3425,0.602872181
2026_3181_3425,0.472025494
2026_3278_3425,0.424247334
2026_3279_3425,0.557626519
2026_3124_3425,0.504120604
2026_3403_3425,0.083158217
2026_3329_3425,0.347139781
2026_3343_3425,0.362858536
2026_3304_3425,0.391615677
2026_3350_3425,0.408850694
2026_3211_3425,0.289414211
2026_3158_3425,0.319400267
2026_3239_3425,0.106243732
2026_3104_3113,0.902028099
2026_3163_3438,0.953162924
2026_3435_3438,0.877683944
2026_3326_3438,0.745294609
2026_3314_3438,0.658779898
2026_3268_3438,0.839542865
2026_3323_3438,0.868415259
2026_3228_3438,0.694588393
2026_3235_3438,0.701930608
2026_3393_3438,0.621909979
2026_3160_3438,0.558812826
2026_3193_3438,0.726024168
2026_3293_3438,0.851018677
2026_3224_3438,0.449618745
2026_3219_3438,0.262280745
2026_3427_3438,0.666533483
2026_3376_3438,0.925683543
2026_3234_3438,0
2026_3395_3438,0.930460344
2026_3328_3438,0.78909253
2026_3277_3438,0.761570121
2026_3208_3438,0.313686341
2026_3155_3438,0.531662384
2026_3425_3438,0.853586062
2026_3113_3438,0.340240668
2026_3355_3438,0.832097762
2026_3161_3438,0.550438226
2026_3225_3438,0.287022173
2026_3192_3438,0.789310309
2026_3359_3438,0.148250861
2026_3380_3438,0.244944882
2026_3400_3438,0.927030457
2026_3276_3438,0.779742585
2026_3257_3438,0.742035258
2026_3246_3438,0.728883807
2026_3104_3438,0.827450233
2026_3301_3438,0.778180339
2026_3332_3438,0.55083656
2026_3397_3438,0.904741219
2026_3348_3438,0.558439083
2026_3241_3438,0.671217712
2026_3275_3438,0.261523949
2026_3436_3438,0.659634283
2026_3221_3438,0.305015313
2026_3283_3438,0.71339608
2026_3372_3438,0.61385335
2026_3417_3438,0.905277207
2026_3261_3438,0.899381919
2026_3181_3438,0.84036063
2026_3278_3438,0.812687337
2026_3279_3438,0.881264942
2026_3124_3438,0.856855119
2026_3403_3438,0.348131833
2026_3329_3438,0.757917005
2026_3343_3438,0.770290124
2026_3437_3438,0.385416967
2026_3304_3438,0.791237831
2026_3350_3438,0.802851135
2026_3211_3438,0.705722317
2026_3158_3438,0.734270671
2026_3239_3438,0.411742043
2026_3163_3355,0.802599707
2026_3326_3355,0.368928521
2026_3314_3355,0.278356917
2026_3268_3355,0.511083794
2026_3323_3355,0.568695471
2026_3228_3355,0.312420112
2026_3235_3355,0.319954692
2026_3160_3355,0.201951323
2026_3193_3355,0.346163784
2026_3293_3355,0.532983249
2026_3224_3355,0.140312183
2026_3219_3355,0.06632038
2026_3234_3355,0.300775238
2026_3328_3355,0.42775315
2026_3277_3355,0.389555444
2026_3208_3355,0.083675109
2026_3155_3355,0.184873874
2026_3113_3355,0.093408453
2026_3161_3355,0.19654231
2026_3225_3355,0.07444182
2026_3192_3355,0.428073613
2026_3276_3355,0.414274768
2026_3257_3355,0.364956711
2026_3246_3355,0.349435509
2026_3104_3355,0.489295387
2026_3301_3355,0.412074839
2026_3332_3355,0.196796651
2026_3348_3355,0.201707135
2026_3241_3355,0.289710495
2026_3275_3355,0.06607837
2026_3221_3355,0.080615307
2026_3283_3355,0.332133196
2026_3261_3355,0.641041529
2026_3181_3355,0.51260371
2026_3278_3355,0.46433044
2026_3279_3355,0.597239338
2026_3124_3355,0.544611877
2026_3329_3355,0.384806795
2026_3343_3355,0.401183054
2026_3304_3355,0.430923247
2026_3350_3355,0.448612571
2026_3211_3355,0.323925387
2026_3158_3355,0.355697251
2026_3239_3355,0.122683842
2026_3160_3161,0.505995634
2026_3155_3161,0.478627421
2026_3113_3161,0.294301449
2026_3104_3161,0.794995022
2026_3124_3161,0.828786306
2026_3158_3161,0.690837545
2026_3163_3225,0.980412492
2026_3160_3225,0.75700261
2026_3193_3225,0.866979726
2026_3224_3225,0.667690814
2026_3219_3225,0.466505928
2026_3208_3225,0.529224018
2026_3155_3225,0.736293072
2026_3113_3225,0.559158784
2026_3161_3225,0.750711787
2026_3192_3225,0.902096905
2026_3104_3225,0.921841458
2026_3221_3225,0.519101401
2026_3181_3225,0.928301345
2026_3124_3225,0.936397198
2026_3211_3225,0.855037303
2026_3158_3225,0.871733108
2026_3163_3471,0.982404998
2026_3435_3471,0.95166036
2026_3326_3471,0.889234939
2026_3314_3471,0.841194108
2026_3268_3471,0.934875268
2026_3323_3471,0.94766308
2026_3228_3471,0.861873321
2026_3235_3471,0.86596996
2026_3393_3471,0.818607431
2026_3160_3471,0.776541331
2026_3193_3471,0.879087941
2026_3293_3471,0.940020067
2026_3442_3471,0.649834133
2026_3224_3471,0.691484105
2026_3219_3471,0.493782863
2026_3427_3471,0.845773064
2026_3376_3471,0.971570267
2026_3234_3471,0.855221725
2026_3395_3471,0.973482122
2026_3328_3471,0.911229639
2026_3277_3471,0.897576762
2026_3449_3471,0.917293412
2026_3208_3471,0.556343886
2026_3155_3471,0.756962373
2026_3425_3471,0.941159742
2026_3113_3471,0.585903516
2026_3438_3471,0.7309323
2026_3355_3471,0.931492575
2026_3161_3471,0.770603053
2026_3225_3471,0.524826364
2026_3192_3471,0.911335472
2026_3359_3471,0.323199194
2026_3380_3471,0.470913003
2026_3400_3471,0.972110585
2026_3276_3471,0.906653752
2026_3257_3471,0.88753959
2026_3452_3471,0.901951814
2026_3246_3471,0.880612679
2026_3104_3471,0.929362736
2026_3301_3471,0.905883013
2026_3332_3471,0.770887509
2026_3439_3471,0.834617324
2026_3397_3471,0.963042531
2026_3348_3471,0.77627819
2026_3241_3471,0.848511739
2026_3275_3471,0.492804303
2026_3436_3471,0.841701497
2026_3221_3471,0.546304491
2026_3283_3471,0.872273707
2026_3372_3471,0.81348516
2026_3417_3471,0.963263797
2026_3261_3471,0.960821248
2026_3181_3471,0.935244649
2026_3278_3471,0.922502562
2026_3279_3471,0.953191086
2026_3124_3471,0.942604972
2026_3403_3471,0.59435947
2026_3329_3471,0.895722151
2026_3343_3471,0.901962967
2026_3437_3471,0.632430932
2026_3304_3471,0.912270711
2026_3350_3471,0.917850084
2026_3211_3471,0.868067157
2026_3453_3471,0.903623529
2026_3158_3471,0.883466803
2026_3239_3471,0.657575756
2026_3465_3471,0.418952139
2026_3163_3192,0.843224367
2026_3160_3192,0.250800406
2026_3155_3192,0.230786748
2026_3113_3192,0.119948783
2026_3161_3192,0.244483851
2026_3104_3192,0.558966796
2026_3181_3192,0.581813008
2026_3124_3192,0.612710057
2026_3158_3192,0.422067001
2026_3163_3359,0.991435913
2026_3326_3359,0.943328227
2026_3314_3359,0.916546846
2026_3268_3359,0.967494382
2026_3323_3359,0.974054901
2026_3228_3359,0.928250785
2026_3235_3359,0.930537428
2026_3160_3359,0.878126961
2026_3193_3359,0.937789948
2026_3293_3359,0.970144592
2026_3224_3359,0.822919616
2026_3219_3359,0.669144459
2026_3234_3359,0.924515695
2026_3328_3359,0.955123658
2026_3277_3359,0.947835213
2026_3208_3359,0.722224903
2026_3155_3359,0.865911795
2026_3113_3359,0.745782553
2026_3355_3359,0.9657439
2026_3161_3359,0.874451802
2026_3225_3359,0.696053566
2026_3192_3359,0.955179734
2026_3276_3359,0.952692931
2026_3257_3359,0.942407197
2026_3246_3359,0.938626117
2026_3104_3359,0.964638483
2026_3301_3359,0.95228232
2026_3332_3359,0.874628435
2026_3348_3359,0.877964646
2026_3241_3359,0.920719537
2026_3275_3359,0.668277156
2026_3221_3359,0.714009599
2026_3283_3359,0.934035737
2026_3261_3359,0.980712872
2026_3181_3359,0.967685146
2026_3278_3359,0.961060688
2026_3279_3359,0.976863369
2026_3124_3359,0.971470647
2026_3329_3359,0.946836746
2026_3343_3359,0.950188576
2026_3304_3359,0.955674995
2026_3350_3359,0.958619172
2026_3211_3359,0.931704002
2026_3158_3359,0.940187546
2026_3239_3359,0.799263484
2026_3163_3380,0.984155291
2026_3326_3380,0.899303485
2026_3314_3380,0.854917085
2026_3268_3380,0.941070044
2026_3323_3380,0.952702997
2026_3228_3380,0.874076834
2026_3235_3380,0.877862826
2026_3160_3380,0.794486241
2026_3193_3380,0.889964715
2026_3293_3380,0.945753857
2026_3224_3380,0.713741598
2026_3219_3380,0.520411015
2026_3376_3380,1
2026_3234_3380,0.867922851
2026_3328_3380,0.919479905
2026_3277_3380,0.906966369
2026_3208_3380,0.582463886
2026_3155_3380,0.776026088
2026_3113_3380,0.611498487
2026_3355_3380,0.937987775
2026_3161_3380,0.788895198
2026_3225_3380,0.551305407
2026_3192_3380,0.91957677
2026_3359_3380,0.346932812
2026_3276_3380,0.915289763
2026_3257_3380,0.897744522
2026_3246_3380,0.891369243
2026_3104_3380,0.936046003
2026_3301_3380,0.914583611
2026_3332_3380,0.789163178
2026_3348_3380,0.794238633
2026_3241_3380,0.861706331
2026_3275_3380,0.519433833
2026_3221_3380,0.572561441
2026_3283_3380,0.883682356
2026_3372_3380,0.829116149
2026_3261_3380,0.964641343
2026_3181_3380,0.941406491
2026_3278_3380,0.929785858
2026_3279_3380,0.957722418
2026_3124_3380,0.9481053
2026_3329_3380,0.905263833
2026_3343_3380,0.910990345
2026_3304_3380,0.920432669
2026_3350_3380,0.925535331
2026_3211_3380,0.879799763
2026_3158_3380,0.89399717
2026_3239_3380,0.681151529
2026_3163_3400,0.613309776
2026_3326_3400,0.185700592
2026_3314_3400,0.130788751
2026_3268_3400,0.289660432
2026_3323_3400,0.339651965
2026_3228_3400,0.150561299
2026_3235_3400,0.155072736
2026_3393_3400,0.113628534
2026_3160_3400,0.089845802
2026_3193_3400,0.171175214
2026_3293_3400,0.308050045
2026_3224_3400,0.05985688
2026_3219_3400,0.026961536
2026_3376_3400,0.49258442
2026_3234_3400,0.143688652
2026_3395_3400,0.51047791
2026_3328_3400,0.225761571
2026_3277_3400,0.199318767
2026_3208_3400,0.034396261
2026_3155_3400,0.081282699
2026_3113_3400,0.038639054
2026_3355_3400,0.278624168
2026_3161_3400,0.087111643
2026_3225_3400,0.030420217
2026_3192_3400,0.225990469
2026_3359_3400,0.013383607
2026_3380_3400,0.024659557
2026_3276_3400,0.216242772
2026_3257_3400,0.183128955
2026_3246_3400,1
2026_3104_3400,0.272058961
2026_3301_3400,0.214708966
2026_3332_3400,0
2026_3397_3400,0.425358812
2026_3348_3400,0.089721926
2026_3241_3400,1
2026_3275_3400,1
2026_3221_3400,0.033073429
2026_3283_3400,0
2026_3372_3400,0
2026_3261_3400,0.410599239
2026_3181_3400,0.29091367
2026_3278_3400,0.25269366
2026_3279_3400,0.366467651
2026_3124_3400,0.318113945
2026_3329_3400,0.196143972
2026_3343_3400,0.207195415
2026_3304_3400,0.228031218
2026_3350_3400,0.240917795
2026_3211_3400,0.157471037
2026_3158_3400,0.177195495
2026_3239_3400,0.051728448
2026_3163_3276,0.850563004
2026_3268_3276,0.594052431
2026_3228_3276,0.38878362
2026_3235_3276,0.397096243
2026_3160_3276,0.261585956
2026_3193_3276,0.425669027
2026_3224_3276,0.18598718
2026_3219_3276,0.090443235
2026_3234_3276,0.375848301
2026_3208_3276,0.113344134
2026_3155_3276,0.240988467
2026_3113_3276,0.126053908
2026_3161_3276,0.255090249
2026_3225_3276,0.101198527
2026_3192_3276,0.511669384
2026_3257_3276,0.445835064
2026_3246_3276,0.42919892
2026_3104_3276,0.572871404
2026_3241_3276,0.363457369
2026_3275_3276,0.090121695
2026_3221_3276,0
2026_3261_3276,0.714285293
2026_3181_3276,0.595518548
2026_3124_3276,0.626053817
2026_3211_3276,0.401459121
2026_3158_3276,0.435932222
2026_3239_3276,0.163713181
2026_3163_3257,0.875077257
2026_3228_3257,0.439095181
2026_3235_3257,0.447695595
2026_3160_3257,0.30361363
2026_3193_3257,0.47702852
2026_3224_3257,0.219478965
2026_3219_3257,0.109034445
2026_3234_3257,0.42565166
2026_3208_3257,0.13593922
2026_3155_3257,0.280966032
2026_3113_3257,0.150751896
2026_3161_3257,0.296493338
2026_3225_3257,0.121704737
2026_3192_3257,0.563229448
2026_3246_3257,0.4806279
2026_3104_3257,0.62273406
2026_3241_3257,0.412704488
2026_3221_3257,0.131241974
2026_3181_3257,0.644378592
2026_3124_3257,0.673249151
2026_3211_3257,0.452197438
2026_3158_3257,0.487478976
2026_3239_3257,0.194150626
2026_3163_3452,0.857339526
2026_3435_3452,0.679382181
2026_3326_3452,0.463546748
2026_3314_3452,0.363112004
2026_3268_3452,0.607087615
2026_3323_3452,0.660892655
2026_3228_3452,0.40177248
2026_3235_3452,0.410176449
2026_3393_3452,0.326934855
2026_3160_3452,0.272217896
2026_3193_3452,0.439005091
2026_3293_3452,0.627818367
2026_3442_3452,0.166489777
2026_3224_3452,0.194355211
2026_3219_3452,0.095014269
2026_3427_3452,0.371171041
2026_3376_3452,0.786247998
2026_3234_3452,0.388679819
2026_3395_3452,0.798031779
2026_3328_3452,0.524909326
2026_3277_3452,0.485394847
2026_3449_3452,0.544161095
2026_3208_3452,0.11892126
2026_3155_3452,0.251067884
2026_3425_3452,0.63257146
2026_3113_3452,0.132163203
2026_3438_3452,0.226240161
2026_3355_3452,0.594071783
2026_3161_3452,0.265553122
2026_3225_3452,0.10624964
2026_3192_3452,0.525235768
2026_3359_3452,0.048886579
2026_3380_3452,0.087423981
2026_3400_3452,0
2026_3276_3452,0.511103846
2026_3257_3452,0.459297671
2026_3246_3452,0.442560357
2026_3104_3452,0.586112861
2026_3301_3452,0.508836419
2026_3332_3452,0.265867217
2026_3439_3452,0.351988264
2026_3397_3452,0.73716931
2026_3348_3452,0.271917694
2026_3241_3452,0.37612078
2026_3275_3452,0.09467817
2026_3436_3452,0.36399198
2026_3221_3452,0.11473397
2026_3283_3452,0.423649715
2026_3372_3452,0.319470684
2026_3417_3452,0.738375516
2026_3261_3452,0.725245366
2026_3181_3452,0.608537678
2026_3278_3452,0.561640597
2026_3279_3452,0.686696376
2026_3124_3452,0.638686414
2026_3403_3452,0.136224889
2026_3329_3452,0.480397312
2026_3343_3452,0.497551495
2026_3437_3452,0.156254807
2026_3304_3452,0.528134926
2026_3350_3452,0.545986168
2026_3211_3452,0.414584216
2026_3158_3452,0.449338264
2026_3239_3452,0.171289931
2026_3163_3246,0.882282403
2026_3228_3246,0.455808602
2026_3235_3246,0.464465301
2026_3160_3246,0.31809469
2026_3193_3246,0.493914385
2026_3224_3246,0.231279892
2026_3219_3246,0.115777864
2026_3234_3246,0.44225684
2026_3208_3246,0.14407753
2026_3155_3246,0.294824212
2026_3113_3246,0.159613187
2026_3161_3246,0.310786352
2026_3225_3246,0.129118209
2026_3192_3246,0.579783835
2026_3104_3246,0.638480742
2026_3241_3246,0.429182008
2026_3221_3246,0.139144357
2026_3181_3246,0.659715516
2026_3124_3246,0.687943942
2026_3211_3246,0.468992581
2026_3158_3246,0.504377994
2026_3239_3246,0.204947293
2026_3163_3301,0.851712611
2026_3268_3301,0.596238622
2026_3228_3301,0.390941887
2026_3235_3301,0.399270513
2026_3160_3301,0.263342337
2026_3193_3301,0.427888711
2026_3293_3301,0.617180832
2026_3224_3301,0.187364761
2026_3219_3301,0.091192416
2026_3234_3301,0.377979167
2026_3277_3301,0.474096511
2026_3208_3301,0.114259183
2026_3155_3301,0.242651996
2026_3113_3301,0.127056862
2026_3161_3301,0.256818185
2026_3225_3301,0.102026805
2026_3192_3301,0.513936226
2026_3276_3301,0
2026_3257_3301,0.448077864
2026_3246_3301,0.431423185
2026_3104_3301,0.575090074
2026_3241_3301,0.36555913
2026_3275_3301,0.090868478
2026_3221_3301,0.110215513
2026_3283_3301,0.412636162
2026_3261_3301,0.71613339
2026_3181_3301,0.597702191
2026_3278_3301,0.550465935
2026_3279_3301,0.676875554
2026_3124_3301,0.628175538
2026_3211_3301,0.403641286
2026_3158_3301,0.438164595
2026_3239_3301,0.164959215
2026_3163_3332,0
2026_3326_3332,0.70259808
2026_3314_3332,0.609185602
2026_3268_3332,0.808587664
2026_3323_3332,0.841981699
2026_3228_3332,0.647413111
2026_3235_3332,0.655326661
2026_3160_3332,0.505593225
2026_3193_3332,0.681477881
2026_3293_3332,0.821807477
2026_3224_3332,0.397430541
2026_3219_3332,0.223025851
2026_3234_3332,0.634809951
2026_3328_3332,0.75128783
2026_3277_3332,0.720579003
2026_3208_3332,0.269548853
2026_3155_3332,0.478225707
2026_3113_3332,0.293967213
2026_3161_3332,0.497117515
2026_3225_3332,0.245295555
2026_3192_3332,0.751532353
2026_3276_3332,0.740812417
2026_3257_3332,0.69901301
2026_3246_3332,0.68460049
2026_3104_3332,0.794732527
2026_3301_3332,0.739066449
2026_3241_3332,0.62239499
2026_3275_3332,0.222348184
2026_3221_3332,0.261632783
2026_3283_3332,0.667736223
2026_3261_3332,0.878297333
2026_3181_3332,0.809527398
2026_3278_3332,0.777921675
2026_3279_3332,0.856987608
2026_3124_3332,0.828557748
2026_3329_3332,0.716531608
2026_3304_3332,0.753697643
2026_3211_3332,0.659423566
2026_3158_3332,0.690493606
2026_3239_3332,0.361066083
2026_3163_3439,0.916350024
2026_3435_3439,0.794346127
2026_3326_3439,0.611665522
2026_3314_3439,0.509625882
2026_3268_3439,0.737976393
2026_3323_3439,0.780342855
2026_3228_3439,0.550404597
2026_3235_3439,0.559012367
2026_3393_3439,0.469614879
2026_3160_3439,0.405401584
2026_3193_3439,0.587875557
2026_3293_3439,0.754592849
2026_3224_3439,0.305431617
2026_3219_3439,0.160636296
2026_3427_3439,0.518290447
2026_3376_3439,0.870213359
2026_3234_3439,0.536814711
2026_3395_3439,0.878086017
2026_3328_3439,0.668212296
2026_3277_3439,0.63226674
2026_3208_3439,0.197452238
2026_3155_3439,0.379296749
2026_3425_3439,0.758350088
2026_3113_3439,0.217282179
2026_3438_3439,0.347675246
2026_3355_3439,0.727349149
2026_3161_3439,0.397255915
2026_3225_3439,0.178104278
2026_3192_3439,0.668502458
2026_3359_3439,0.085666019
2026_3380_3439,0.148664905
2026_3400_3439,0
2026_3276_3439,0.655840735
2026_3257_3439,0.607596502
2026_3246_3439,0.591365554
2026_3104_3439,0.720775138
2026_3301_3439,0.653789874
2026_3332_3439,0.397641448
2026_3397_3439,0.836402155
2026_3348_3439,0.405036249
2026_3241_3439,0.523568591
2026_3275_3439,0.160109136
2026_3436_3439,0.510576277
2026_3221_3439,0.19109956
2026_3283_3439,0.57262816
2026_3372_3439,0.461124962
2026_3417_3439,0.837253494
2026_3261_3439,0.827929301
2026_3181_3439,0.739150958
2026_3278_3439,0.700192306
2026_3279_3439,0.799810472
2026_3124_3439,0.763155519
2026_3403_3439,0.223286722
2026_3329_3439,0.627601244
2026_3343_3439,0.643502035
2026_3437_3439,0.252377586
2026_3304_3439,0.67107463
2026_3350_3439,0.686725907
2026_3211_3439,0.563491537
2026_3158_3439,0.597977729
2026_3239_3439,0.273661946
2026_3163_3397,0.679644547
2026_3326_3397,0.233742188
2026_3314_3397,0.167547367
2026_3268_3397,0.352939927
2026_3323_3397,0.407586177
2026_3228_3397,0.191651766
2026_3235_3397,0.197108738
2026_3393_3397,0.146376402
2026_3160_3397,0.116641436
2026_3193_3397,0.216457925
2026_3293_3397,0.37323607
2026_3224_3397,0.078479816
2026_3219_3397,0.035738987
2026_3376_3397,0.564938146
2026_3234_3397,0.183308232
2026_3395_3397,0.58244301
2026_3328_3397,0.280595856
2026_3277_3397,0.249802671
2026_3208_3397,0.045480989
2026_3155_3397,0.105821402
2026_3113_3397,0.051018844
2026_3355_3397,0.34064888
2026_3161_3397,0.113193254
2026_3225_3397,0.04027705
2026_3192_3397,0.280860181
2026_3359_3397,0.017821663
2026_3380_3397,0.032712784
2026_3276_3397,0
2026_3257_3397,0.230693737
2026_3246_3397,0.2189142
2026_3104_3397,0.333297439
2026_3301_3397,0.26778723
2026_3332_3397,0.113354952
2026_3348_3397,0.116485343
2026_3241_3397,0.175480303
2026_3275_3397,0.035604317
2026_3221_3397,0.04375117
2026_3283_3397,0.206027955
2026_3372_3397,0.142163815
2026_3261_3397,0.482358282
2026_3181_3397,0.35433038
2026_3278_3397,0.311438074
2026_3279_3397,0.436222244
2026_3124_3397,0.384246984
2026_3329_3397,0.246070884
2026_3343_3397,0.259028926
2026_3304_3397,0.283215115
2026_3350_3397,0.298016348
2026_3211_3397,0.200003265
2026_3158_3397,0.223641081
2026_3239_3397,0.068005363
2026_3163_3348,0.940941971
2026_3326_3348,0.696127002
2026_3314_3348,0.601833839
2026_3268_3348,0.803778709
2026_3323_3348,0.837843469
2026_3228_3348,0.640355919
2026_3235_3348,0.648341827
2026_3160_3348,0.497898911
2026_3193_3348,0.674759986
2026_3293_3348,0.817255588
2026_3224_3348,0.390083557
2026_3219_3348,0.217737929
2026_3234_3348,0.627645585
2026_3328_3348,0.745492414
2026_3277_3348,0.714340097
2026_3208_3348,0.263532007
2026_3155_3348,0.470551489
2026_3113_3348,0.287619926
2026_3161_3348,0.489424501
2026_3225_3348,0.239642476
2026_3192_3348,0.745740707
2026_3276_3348,0.734859051
2026_3257_3348,0.692498067
2026_3246_3348,0.677917326
2026_3104_3348,0.789666028
2026_3301_3348,0.733087429
2026_3332_3348,0.48982679
2026_3241_3348,0.615134728
2026_3275_3348,0.217071841
2026_3221_3348,0.255730776
2026_3283_3348,0.66087273
2026_3261_3348,0.874968921
2026_3181_3348,0.804736351
2026_3278_3348,0.772558992
2026_3279_3348,0.853173829
2026_3124_3348,0.824141393
2026_3329_3348,0.710238673
2026_3343_3348,0.724161794
2026_3304_3348,0.74793954
2026_3211_3348,0.652477728
2026_3158_3348,0.683877654
2026_3239_3348,0.353996413
2026_3163_3241,0.908003089
2026_3228_3241,0.524490653
2026_3235_3241,0.533173761
2026_3160_3241,0.380536283
2026_3193_3241,0.56240427
2026_3224_3241,0.283771644
2026_3219_3241,0.147070375
2026_3234_3241,0.510813645
2026_3208_3241,0.181449288
2026_3155_3241,0.355076435
2026_3113_3241,0.200072728
2026_3161_3241,0.372577169
2026_3225_3241,0.163350255
2026_3192_3241,0.645005187
2026_3104_3241,0.699316518
2026_3221_3241,0.175498886
2026_3181_3241,0.718553102
2026_3124_3241,0.743796154
2026_3211_3241,0.537698335
2026_3158_3241,0.572676959
2026_3239_3241,0.253432887
2026_3163_3275,0.98272813
2026_3268_3275,0.93601443
2026_3228_3275,0.86410381
2026_3235_3275,0.868144417
2026_3160_3275,0.779797717
2026_3193_3275,0.881078802
2026_3224_3275,0.69549395
2026_3219_3275,0.498498687
2026_3234_3275,0.857541872
2026_3208_3275,0.560995056
2026_3155_3275,0.760416048
2026_3113_3275,0.590472906
2026_3161_3275,0.773920781
2026_3225_3275,0.529528535
2026_3192_3275,0.912848006
2026_3257_3275,0.889408798
2026_3246_3275,0.882581788
2026_3104_3275,0.930591164
2026_3241_3275,0.850920673
2026_3221_3275,0.550975964
2026_3261_3275,0.961525241
2026_3181_3275,0.936377789
2026_3124_3275,0.94361708
2026_3211_3275,0.870212689
2026_3158_3275,0.885394964
2026_3239_3275,0.661810772
2026_3163_3436,0.912258279
2026_3435_3436,0.785682319
2026_3326_3436,0.599188966
2026_3314_3436,0.496569216
2026_3268_3436,0.727751739
2026_3323_3436,0.771258993
2026_3228_3436,0.537448224
2026_3235_3436,0.546099486
2026_3393_3436,0.456628755
2026_3160_3436,0.392875826
2026_3193_3436,0.575165538
2026_3293_3436,0.744792368
2026_3224_3436,0.294464977
2026_3219_3436,0.153717989
2026_3427_3436,0.505240511
2026_3376_3436,0.864199284
2026_3234_3436,0.523805535
2026_3395_3436,0.872383248
2026_3328_3436,0.656532336
2026_3277_3436,0.620040914
2026_3208_3436,0.189305944
2026_3155_3436,0.367079618
2026_3425_3436,0.748649675
2026_3113_3436,0.208530338
2026_3355_3436,0.716868901
2026_3161_3436,0.384818952
2026_3225_3436,0.170586552
2026_3192_3436,0.656827466
2026_3359_3436,0.081662407
2026_3380_3436,0.142174851
2026_3400_3436,0.866499833
2026_3276_3436,0.643957313
2026_3257_3436,0.59507576
2026_3246_3436,0.578686031
2026_3104_3436,0.710142897
2026_3301_3436,0.641874307
2026_3332_3436,0.385200128
2026_3397_3436,0.82912897
2026_3348_3436,0.392514327
2026_3241_3436,0.510526606
2026_3275_3436,0.153209388
2026_3221_3436,0.183155544
2026_3283_3436,0.559800018
2026_3372_3436,0.448175227
2026_3417_3436,0.830010466
2026_3261_3436,0.820360335
2026_3181_3436,0.728955304
2026_3278_3436,0.689114365
2026_3279_3436,0.79131639
2026_3124_3436,0.753585327
2026_3403_3436,0.214359262
2026_3329_3436,0.61531468
2026_3343_3436,0.631431998
2026_3304_3436,0.659444079
2026_3350_3436,0.675381068
2026_3211_3436,0.550604375
2026_3158_3436,0.585359519
2026_3239_3436,0.263403415
2026_3163_3221,0.978683322
2026_3160_3221,0.740765869
2026_3193_3221,0.856700436
2026_3219_3221,0.445087327
2026_3208_3221,0.507666008
2026_3155_3221,0.719185871
2026_3113_3221,0.537774312
2026_3161_3221,0.734202293
2026_3192_3221,0.894200172
2026_3104_3221,0.91538792
2026_3181_3221,0.922336261
2026_3124_3221,0.931055637
2026_3211_3221,0.844001204
2026_3158_3221,0.861762573
2026_3163_3283,0.890050295
2026_3268_3283,0.675457754
2026_3228_3283,0.474971744
2026_3235_3283,0.483668919
2026_3160_3283,0.335032541
2026_3193_3283,0.513168854
2026_3224_3283,0.245257669
2026_3219_3283,0.123900194
2026_3234_3283,0.461333232
2026_3277_3283,0.559578399
2026_3208_3283,0.15383979
2026_3155_3283,0.311088245
2026_3113_3283,0.170218754
2026_3161_3283,0.327521962
2026_3225_3283,0.138030329
2026_3192_3283,0.598427512
2026_3276_3283,0.58475181
2026_3257_3283,0.533628665
2026_3246_3283,0.516771468
2026_3104_3283,0.656065064
2026_3241_3283,0.448147582
2026_3275_3283,0.123475856
2026_3221_3283,0.148630404
2026_3261_3283,0.780489291
2026_3181_3283,0.676789829
2026_3278_3283,0.63314004
2026_3279_3283,0.746987187
2026_3124_3283,0.704236851
2026_3211_3283,0.488212739
2026_3158_3283,0.523618332
2026_3239_3283,0.217784487
2026_3163_3372,0.926875223
2026_3326_3372,0.645705033
2026_3314_3372,0.545970482
2026_3268_3372,0.76519434
2026_3323_3372,0.804326825
2026_3228_3372,0.586181011
2026_3235_3372,0.594608317
2026_3160_3372,0.440997758
2026_3193_3372,0.622714124
2026_3293_3372,0.780597905
2026_3224_3372,0.337228333
2026_3219_3372,0.181293718
2026_3234_3372,0.572833257
2026_3328_3372,0.699728435
2026_3277_3372,0.665488019
2026_3208_3372,0.221594195
2026_3155_3372,0.414197493
2026_3113_3372,0.243114224
2026_3355_3372,0.755304979
2026_3161_3372,0.432657294
2026_3225_3372,0.200471529
2026_3192_3372,0.700003408
2026_3359_3372,0.097805858
2026_3276_3372,0.687983302
2026_3257_3372,0.641783804
2026_3246_3372,0.62609674
2026_3104_3372,0.749172575
2026_3301_3372,0.686032285
2026_3332_3372,0.433052499
2026_3348_3372,0.440624116
2026_3241_3372,0.559772471
2026_3275_3372,0.180713362
2026_3221_3372,0.214672556
2026_3283_3372,0.607895959
2026_3261_3372,0.847731267
2026_3181_3372,0.766285536
2026_3278_3372,0.729898601
2026_3279_3372,0.822153258
2026_3124_3372,0.788507524
2026_3329_3372,0.661018033
2026_3343_3372,0.676228074
2026_3304_3372,0.702439954
2026_3350_3372,0.717227653
2026_3211_3372,0.598985298
2026_3158_3372,0.632496173
2026_3239_3372,0.303596955
2026_3163_3417,0.678285544
2026_3326_3417,0.232627351
2026_3314_3417,0.166679571
2026_3268_3417,0.351517378
2026_3323_3417,0.4060816
2026_3228_3417,0.190687721
2026_3235_3417,0.196123904
2026_3393_3417,0.14559908
2026_3160_3417,0.116000561
2026_3193_3417,0.215402351
2026_3293_3417,0.371778718
2026_3224_3417,0.078030095
2026_3219_3417,0.035524747
2026_3376_3417,0.563405127
2026_3234_3417,0.182376688
2026_3395_3417,0.580925917
2026_3328_3417,0.279339014
2026_3277_3417,0.248636088
2026_3208_3417,0.045211087
2026_3155_3417,0.105232895
2026_3113_3417,0.050717825
2026_3355_3417,0.339249897
2026_3161_3417,0.112568911
2026_3225_3417,0.040036735
2026_3192_3417,0.279602616
2026_3359_3417,0.017712856
2026_3380_3417,0.032516073
2026_3400_3417,0.56825559
2026_3276_3417,0.268344171
2026_3257_3417,0.229589082
2026_3246_3417,0.217849979
2026_3104_3417,0.331913449
2026_3301_3417,0.266566502
2026_3332_3417,0.112729831
2026_3397_3417,0.495961338
2026_3348_3417,0.115845214
2026_3241_3417,0.174580036
2026_3275_3417,0.035390854
2026_3221_3417,0.043491066
2026_3283_3417,0.205009935
2026_3372_3417,0.141405157
2026_3261_3417,0.480801703
2026_3181_3417,0.352905283
2026_3278_3417,0
2026_3279_3417,0
2026_3124_3417,0.382772896
2026_3403_3417,0.052427715
2026_3329_3417,0
2026_3343_3417,0
2026_3304_3417,0.28195114
2026_3350_3417,0.29671366
2026_3211_3417,1
2026_3158_3417,0.222560428
2026_3239_3417,0.067611262
2026_3163_3261,0.692708981
2026_3228_3261,0.201227996
2026_3235_3261,0.206887849
2026_3160_3261,0.123040132
2026_3193_3261,0.226925683
2026_3224_3261,0.082981706
2026_3219_3261,0.037889916
2026_3234_3261,0.192566877
2026_3208_3261,0.048188932
2026_3155_3261,0.111701591
2026_3113_3261,0.054037845
2026_3161_3261,0.119428364
2026_3225_3261,0.042689007
2026_3192_3261,0.293276662
2026_3257_3261,0.241637621
2026_3246_3261,0.229465955
2026_3104_3261,0.34691381
2026_3241_3261,0.184432858
2026_3221_3261,0.046361122
2026_3181_3261,0.368331303
2026_3124_3261,0.398700068
2026_3211_3261,0.20988844
2026_3158_3261,0.234352314
2026_3239_3261,1
2026_3163_3181,0.792864102
2026_3160_3181,0.192400266
2026_3155_3181,0.175952404
2026_3113_3181,0.088422036
2026_3161_3181,0.187187063
2026_3104_3181,0.474230171
2026_3124_3181,0.529609708
2026_3158_3181,0.341990928
2026_3163_3278,0.822827579
2026_3268_3278,0.544219977
2026_3228_3278,0.341677321
2026_3235_3278,0.349558776
2026_3160_3278,0.224237251
2026_3193_3278,0.376849056
2026_3224_3278,0.157135371
2026_3219_3278,0.075046516
2026_3234_3278,0.329464473
2026_3277_3278,0.421606879
2026_3208_3278,0.094453701
2026_3155_3278,0.205761148
2026_3113_3278,0.105296767
2026_3161_3278,0.218394685
2026_3225_3278,0.084140241
2026_3192_3278,0.46090141
2026_3276_3278,0.446871184
2026_3257_3278,0.396298151
2026_3246_3278,0.380242137
2026_3104_3278,0.522528689
2026_3241_3278,0.317824047
2026_3275_3278,0.074775213
2026_3221_3278,0.091038911
2026_3261_3278,0.671039064
2026_3181_3278,0.545728442
2026_3124_3278,0.577354848
2026_3211_3278,0.353705775
2026_3158_3278,0.38672776
2026_3239_3278,0.137732047
2026_3163_3279,0.730808184
2026_3268_3279,0.411067724
2026_3228_3279,0.232771947
2026_3235_3279,0.239053499
2026_3160_3279,0.144545502
2026_3193_3279,0.261180768
2026_3224_3279,0.098270106
2026_3219_3279,0.045280903
2026_3234_3279,0.223132399
2026_3277_3279,0.298787801
2026_3208_3279,0.057468894
2026_3155_3279,0.131522392
2026_3113_3279,0.064367988
2026_3161_3279,0.140403526
2026_3225_3279,0.050966538
2026_3192_3279,0.333230321
2026_3276_3279,0.320774019
2026_3257_3279,0.277316869
2026_3246_3279,0.263973565
2026_3104_3279,0.390140743
2026_3241_3279,0.214049559
2026_3275_3279,0.045111959
2026_3221_3279,0.055309549
2026_3261_3279,0.543884758
2026_3181_3279,0.412541177
2026_3278_3279,0.366603279
2026_3124_3279,0.443992938
2026_3211_3279,0.242378035
2026_3158_3279,0.269337892
2026_3239_3279,0.085399085
2026_3113_3124,0.078597744
2026_3104_3124,0.442340522
2026_3163_3403,0.974180124
2026_3326_3403,0.844357324
2026_3314_3403,0.781632054
2026_3268_3403,0.906545928
2026_3323_3403,0.924446896
2026_3228_3403,0.808299736
2026_3235_3403,0.813641729
2026_3393_3403,0.75306082
2026_3160_3403,0.701339846
2026_3193_3403,0.830881045
2026_3293_3403,0.913722181
2026_3224_3403,0.602317233
2026_3219_3403,0.397281065
2026_3376_3403,0.95849462
2026_3234_3403,0.799667925
2026_3395_3403,0.961250723
2026_3328_3403,0.874000716
2026_3277_3403,0.855529826
2026_3208_3403,0.458694281
2026_3155_3403,0.677904891
2026_3113_3403,0.488781629
2026_3355_3403,0.901846251
2026_3161_3403,0.694190137
2026_3225_3403,0.42737971
2026_3192_3403,0.874144804
2026_3359_3403,0.243968244
2026_3380_3403,0.375564773
2026_3400_3403,0.959273029
2026_3276_3403,0.86778422
2026_3257_3403,0.842097059
2026_3246_3403,0.832898133
2026_3104_3403,0.898894773
2026_3301_3403,0.866739715
2026_3332_3403,0.694531786
2026_3397_3403,0.946261672
2026_3348_3403,0.701022244
2026_3241_3403,0.791012386
2026_3275_3403,0.396344014
2026_3221_3403,0.44863511
2026_3283_3403,0.821900429
2026_3372_3403,0.746660428
2026_3261_3403,1
2026_3181_3403,0.907060017
2026_3278_3403,0.889427652
2026_3279_3403,0.932251771
2026_3124_3403,0.917340766
2026_3329_3403,0.853038515
2026_3343_3403,0.861438694
2026_3304_3403,0.875418706
2026_3350_3403,0.883041301
2026_3211_3403,0.816384105
2026_3158_3403,0.836681389
2026_3239_3403,0.564776991
2026_3163_3329,0.865517936
2026_3326_3329,0.480624348
2026_3314_3329,0.379104305
2026_3268_3329,0.623309014
2026_3323_3329,0.676077947
2026_3228_3329,0.418349037
2026_3235_3329,0.426852336
2026_3160_3329,0.286004703
2026_3193_3329,0.455947004
2026_3293_3329,0.643686225
2026_3224_3329,0.205311036
2026_3219_3329,0.101072769
2026_3234_3329,0.40508197
2026_3328_3329,0.541963704
2026_3277_3329,0.502523356
2026_3208_3329,0.126291435
2026_3155_3329,0.264172339
2026_3113_3329,0.14022344
2026_3161_3329,0.279131846
2026_3225_3329,0.11293515
2026_3192_3329,0.542288646
2026_3276_3329,0.528208373
2026_3257_3329,0.476357734
2026_3246_3329,0.459527087
2026_3104_3329,0.602633403
2026_3301_3329,0.525946696
2026_3241_3329,0.39233308
2026_3275_3329,0.100717623
2026_3221_3329,0.121880535
2026_3283_3329,0.44046431
2026_3261_3329,0.738688342
2026_3181_3329,0.624736216
2026_3278_3329,0.578435379
2026_3279_3329,0.701248505
2026_3124_3329,0.654346024
2026_3304_3329,0.545173845
2026_3211_3329,0.431308263
2026_3158_3329,0.466347456
2026_3239_3329,0.181238055
2026_3163_3343,0.8573241
2026_3326_3343,0.463515387
2026_3314_3343,0.363082839
2026_3268_3343,0.607057532
2026_3323_3343,0.660864391
2026_3228_3343,0.401742168
2026_3235_3343,0.410145938
2026_3160_3343,0.272192911
2026_3193_3343,0.438974031
2026_3293_3343,0.627788898
2026_3224_3343,0.194335465
2026_3219_3343,0.095003426
2026_3234_3343,0.388649853
2026_3328_3343,0.524877875
2026_3277_3343,0.485363345
2026_3208_3343,0.118908046
2026_3155_3343,0.251044171
2026_3113_3343,0.132148738
2026_3161_3343,0.265528526
2026_3225_3343,0.106237665
2026_3192_3343,0.52520432
2026_3276_3343,0.511072332
2026_3257_3343,0.459266351
2026_3246_3343,0.442529244
2026_3104_3343,0.586082267
2026_3301_3343,0.508804899
2026_3332_3343,0.265842602
2026_3241_3343,0.376091187
2026_3275_3343,0.094667361
2026_3221_3343,0.114721161
2026_3283_3343,0.423618921
2026_3261_3343,0.725220235
2026_3181_3343,0.608507634
2026_3278_3343,0.561609547
2026_3279_3343,0.686669242
2026_3124_3343,0.638657311
2026_3329_3343,0.480365832
2026_3304_3343,0.528103497
2026_3211_3343,0.414553608
2026_3158_3343,0.449307059
2026_3239_3343,0.171272029
2026_3163_3437,0.969816422
2026_3435_3437,0.918891202
2026_3326_3437,0.822060456
2026_3314_3437,0.752978222
2026_3268_3437,0.892018673
2026_3323_3437,0.912433524
2026_3228_3437,0.782169985
2026_3235_3437,0.788049188
2026_3393_3437,0.72199138
2026_3160_3437,0.666643606
2026_3193_3437,0.807094675
2026_3293_3437,0.900187637
2026_3224_3437,0.563280548
2026_3219_3437,0.359519601
2026_3427_3437,0.759373162
2026_3376_3437,0.951611656
2026_3234_3437,0.772692482
2026_3395_3437,0.954803259
2026_3328_3437,0.85522232
2026_3277_3437,0.834519817
2026_3208_3437,0.419155007
2026_3155_3437,0.641876331
2026_3425_3437,0.902005266
2026_3113_3437,0.448799136
2026_3355_3437,0.886679761
2026_3161_3437,0.659067064
2026_3225_3437,0.388601917
2026_3192_3437,0.855384328
2026_3359_3437,0.21556721
2026_3380_3437,0.338707468
2026_3400_3437,0.952512755
2026_3276_3437,0.848240215
2026_3257_3437,0.819545595
2026_3246_3437,0.809330361
2026_3104_3437,0.883331226
2026_3301_3437,0.847068522
2026_3332_3437,0.659428702
2026_3397_3437,0.937482397
2026_3348_3437,0.666306663
2026_3241_3437,0.76321655
2026_3275_3437,0.358618622
2026_3436_3437,0.753684932
2026_3221_3437,0.40930728
2026_3283_3437,0.797159307
2026_3372_3437,0.71509037
2026_3417_3437,0.937846817
2026_3261_3437,1
2026_3181_3437,0.892603208
2026_3278_3437,0.872613314
2026_3279_3437,0.921373866
2026_3124_3437,0.904314431
2026_3403_3437,0.45746231
2026_3329_3437,0.831737456
2026_3343_3437,0.841128424
2026_3304_3437,0.856817019
2026_3350_3437,0.865402777
2026_3211_3437,0.791071467
2026_3158_3437,0.81352774
2026_3239_3437,0.524961616
2026_3163_3304,0.841680799
2026_3268_3304,0.577497207
2026_3228_3304,0.372696954
2026_3235_3304,0.38087996
2026_3160_3304,0.248621513
2026_3193_3304,0.409077621
2026_3293_3304,0.598757328
2026_3224_3304,0.175877074
2026_3219_3304,0.084984586
2026_3234_3304,0.359981634
2026_3277_3304,0.454869126
2026_3208_3304,0.106665404
2026_3155_3304,0.228728645
2026_3113_3304,0.118726545
2026_3161_3304,0.242342083
2026_3225_3304,0.095158661
2026_3192_3304,0.494612707
2026_3276_3304,0.48047088
2026_3257_3304,0.429044823
2026_3246_3304,0.412568763
2026_3104_3304,0.55609785
2026_3301_3304,0.478206424
2026_3241_3304,0.347822289
2026_3275_3304,0.084680645
2026_3221_3304,0.102859271
2026_3283_3304,0.394033788
2026_3261_3304,0.700158481
2026_3181_3304,0.57898074
2026_3278_3304,0.531270157
2026_3279_3304,0.659741069
2026_3124_3304,0.609946758
2026_3211_3304,0.385178497
2026_3158_3304,0.419232788
2026_3239_3304,0.154583937
2026_3163_3350,0.831875823
2026_3326_3350,0.415698136
2026_3314_3350,0.319456926
2026_3268_3350,0.559886215
2026_3323_3350,0.616067204
2026_3228_3350,0.356068004
2026_3235_3350,0.364097817
2026_3160_3350,0.235450682
2026_3193_3350,0.391839379
2026_3293_3350,0.58139015
2026_3224_3350,0.165710018
2026_3219_3350,0.079564546
2026_3234_3350,0.343609256
2026_3328_3350,0.476351074
2026_3277_3350,0.437128679
2026_3208_3350,0.100013769
2026_3155_3350,0.216308268
2026_3113_3350,0.111416585
2026_3161_3350,0.229402345
2026_3225_3350,0.089152973
2026_3192_3350,0.476677617
2026_3276_3350,0.462579227
2026_3257_3350,0.411551177
2026_3246_3350,0.395281815
2026_3104_3350,0.53830799
2026_3301_3350,0.46032438
2026_3332_3350,0.229687054
2026_3348_3350,0.235177925
2026_3241_3350,0.331716306
2026_3275_3350,0.07927831
2026_3221_3350,0.096419368
2026_3283_3350,0.377025013
2026_3261_3350,0.684870343
2026_3181_3350,0.561384619
2026_3278_3350,0.513356026
2026_3279_3350,0.643441612
2026_3124_3350,0.592734473
2026_3329_3350,0.43221071
2026_3343_3350,0.449131527
2026_3304_3350,0.479579494
2026_3211_3350,0.36831963
2026_3158_3350,0.40185763
2026_3239_3350,0.145430574
2026_3163_3211,0.893641812
2026_3160_3211,0.343378847
2026_3193_3211,0.522466155
2026_3208_3211,0.158749844
2026_3155_3211,0.319124318
2026_3113_3211,0.175543118
2026_3161_3211,0.335775642
2026_3192_3211,0.607342442
2026_3104_3211,0.664417978
2026_3181_3211,0.684881171
2026_3124_3211,0.711933539
2026_3158_3211,0.532897718
2026_3163_3453,0.854993815
2026_3435_3453,0.675218859
2026_3326_3453,0.458813321
2026_3314_3453,0.358718364
2026_3268_3453,0.602534741
2026_3323_3453,0.656610594
2026_3228_3453,0.397202792
2026_3235_3453,0.40557598
2026_3393_3453,0.322757121
2026_3160_3453,0.268460477
2026_3193_3453,0.434319375
2026_3293_3453,0.623356677
2026_3442_3453,0.16386314
2026_3224_3453,0.191389899
2026_3219_3453,0.093388927
2026_3427_3453,0.366736037
2026_3376_3453,0.783029183
2026_3234_3453,0.384163417
2026_3395_3453,0.794944133
2026_3328_3453,0.520156864
2026_3277_3453,0.480638208
2026_3449_3453,0.539432239
2026_3208_3453,0.116939802
2026_3155_3453,0.247503118
2026_3425_3453,0.628133
2026_3113_3453,0.129993661
2026_3438_3453,0.222922983
2026_3355_3453,0.589470077
2026_3161_3453,0.261854598
2026_3225_3453,0.104454285
2026_3192_3453,0.520483589
2026_3359_3453,0.048008451
2026_3380_3453,0.085916153
2026_3400_3453,0.786364878
2026_3276_3453,0.506343162
2026_3257_3453,0.454570866
2026_3452_3453,0.492758282
2026_3246_3453,0.437866313
2026_3104_3453,0.581484493
2026_3301_3453,0.504075078
2026_3332_3453,0.26216588
2026_3439_3453,0.347655748
2026_3397_3453,0.733461978
2026_3348_3453,0.268162893
2026_3241_3453,0.37166159
2026_3275_3453,0.093057986
2026_3436_3453,0.359593704
2026_3221_3453,0.112813347
2026_3283_3453,0.419005481
2026_3372_3453,0.315343643
2026_3417_3453,1
2026_3261_3453,0.721433399
2026_3181_3453,0.603990646
2026_3278_3453,0.556945433
2026_3279_3453,0.682583656
2026_3124_3453,0.634279115
2026_3403_3453,0.133998967
2026_3329_3453,0.475644381
2026_3343_3453,0.492789805
2026_3437_3453,0.153759856
2026_3304_3453,0.523385433
2026_3350_3453,0.541260284
2026_3211_3453,0.409968672
2026_3158_3453,0.444629671
2026_3239_3453,0.168602883
2026_3155_3158,0.289153162
2026_3113_3158,0.155967728
2026_3104_3158,0.632124909
2026_3124_3158,0.682024636
2026_3163_3239,0.966429448
2026_3228_3239,0.762875102
2026_3235_3239,0.769121352
2026_3160_3239,0.641801935
2026_3193_3239,0.789413155
2026_3224_3239,0.536096358
2026_3219_3239,0.334634066
2026_3234_3239,0.752823395
2026_3208_3239,0.392672349
2026_3155_3239,0.616251443
2026_3113_3239,0.421803645
2026_3161_3239,0.633970793
2026_3225_3239,0.362843763
2026_3192_3239,0.841258439
2026_3104_3239,0.87152515
2026_3221_3239,0.38303651
2026_3181_3239,0.88160964
2026_3124_3239,0.894377816
2026_3211_3239,0.772335557
2026_3158_3239,0.796287041
2026_3163_3465,0.987125455
2026_3435_3465,0.96432962
2026_3326_3465,0.91683541
2026_3314_3465,0.879138376
2026_3268_3465,0.951720528
2026_3323_3465,0.961337418
2026_3228_3465,0.895490468
2026_3235_3465,0.898707249
2026_3393_3465,0.861057044
2026_3160_3465,0.82675185
2026_3193_3465,0.908957977
2026_3293_3465,0.95559777
2026_3442_3465,0.718182988
2026_3224_3465,0.754771204
2026_3219_3465,0.572555789
2026_3427_3465,0.882775723
2026_3376_3465,0.979135774
2026_3234_3465,0.890251591
2026_3395_3465,0.980549046
2026_3328_3465,0.933757737
2026_3277_3465,0.923277956
2026_3449_3465,0.938386699
2026_3208_3465,0.632624624
2026_3155_3465,0.810498646
2026_3425_3465,0.956455166
2026_3113_3465,0.660206
2026_3438_3465,0.78860115
2026_3355_3465,0.949165229
2026_3161_3465,0.82184176
2026_3225_3465,0.602655824
2026_3192_3465,0.933838662
2026_3359_3465,0.396049763
2026_3380_3465,0.550001492
2026_3400_3465,0.979535335
2026_3276_3465,0.930254232
2026_3257_3465,0.915522376
2026_3452_3465,0.926644892
2026_3246_3465,0.910144546
2026_3104_3465,0.947553884
2026_3301_3465,0.92966324
2026_3332_3465,0.822077349
2026_3439_3465,0.873897444
2026_3397_3465,0.972813875
2026_3348_3465,0.826534628
2026_3241_3465,0.88494671
2026_3275_3465,0.571597391
2026_3436_3465,0.879541892
2026_3221_3465,0.623142111
2026_3283_3465,0.90364261
2026_3372_3465,0.856923979
2026_3417_3465,1
2026_3261_3465,0.971162301
2026_3181_3465,0.95199927
2026_3278_3465,0.942350815
2026_3279_3465,0.965473715
2026_3124_3465,0.957541659
2026_3403_3465,0.668004425
2026_3329_3465,0.921848204
2026_3343_3465,0.926653464
2026_3437_3465,0.70262221
2026_3304_3465,0.934553582
2026_3350_3465,0.938810869
2026_3211_3465,0.900351144
2026_3453_3465,0.927929233
2026_3158_3465,0.912362928
2026_3239_3465,0.725052871
