ID,Pred
2026_1163_1181,0.26502
2026_1155_1181,0.27696
2026_1104_1181,0.32776
2026_1103_1181,0.17704
2026_1112_1181,0.3199
2026_1116_1181,0.22076
2026_1140_1181,0.29472
2026_1155_1163,0.51652
2026_1104_1163,0.57708
2026_1103_1163,0.38174
2026_1112_1163,0.56672
2026_1116_1163,0.447
2026_1140_1163,0.5415
2026_1181_1277,0.6256
2026_1163_1277,0.37676
2026_1242_1277,0.29076
2026_1257_1277,0.42744
2026_1202_1277,0.12412
2026_1196_1277,0.60178
2026_1222_1277,0.64224
2026_1228_1277,0.40624
2026_1155_1277,0.38694
2026_1234_1277,0.22624
2026_1270_1277,0.27318
2026_1225_1277,0.05024
2026_1250_1277,0.0175
2026_1276_1277,0.49206
2026_1235_1277,0.3919
2026_1104_1277,0.44414
2026_1246_1277,0.34052
2026_1208_1277,0.27332
2026_1275_1277,0.15804
2026_1103_1277,0.26332
2026_1220_1277,0.05866
2026_1224_1277,0.02066
2026_1112_1277,0.44006
2026_1211_1277,0.44108
2026_1116_1277,0.3222
2026_1140_1277,0.41642
2026_1274_1277,0.08732
2026_1219_1277,0.24408
2026_1218_1277,0.06244
2026_1244_1277,0.10624
2026_1254_1277,0.0499
2026_1181_1242,0.80568
2026_1163_1242,0.59248
2026_1202_1242,0.2822
2026_1196_1242,0.79364
2026_1222_1242,0.81892
2026_1228_1242,0.62698
2026_1155_1242,0.60768
2026_1234_1242,0.42
2026_1225_1242,0.13452
2026_1235_1242,0.60746
2026_1104_1242,0.66526
2026_1208_1242,0.47796
2026_1103_1242,0.47134
2026_1220_1242,0.15474
2026_1224_1242,0.07116
2026_1112_1242,0.65702
2026_1211_1242,0.65922
2026_1116_1242,0.53336
2026_1140_1242,0.63114
2026_1219_1242,0.44598
2026_1218_1242,0.1621
2026_1181_1385,0.62748
2026_1163_1385,0.37552
2026_1277_1385,0.50126
2026_1242_1385,0.2937
2026_1257_1385,0.42664
2026_1326_1385,0.22584
2026_1378_1385,0.08022
2026_1320_1385,0.18526
2026_1295_1385,0.10092
2026_1202_1385,0.12958
2026_1373_1385,0.04108
2026_1196_1385,0.60102
2026_1222_1385,0.6403
2026_1228_1385,0.41056
2026_1304_1385,0.19674
2026_1314_1385,0.30732
2026_1155_1385,0.38896
2026_1234_1385,0.22404
2026_1270_1385,0.26954
2026_1335_1385,0.04356
2026_1225_1385,0.0491
2026_1250_1385,0.01804
2026_1341_1385,0.00472
2026_1276_1385,0.49842
2026_1235_1385,0.39362
2026_1104_1385,0.44882
2026_1246_1385,0.34342
2026_1208_1385,0.27692
2026_1365_1385,0.2144
2026_1275_1385,0.1587
2026_1374_1385,0.23706
2026_1103_1385,0.2695
2026_1220_1385,0.06148
2026_1224_1385,0.0215
2026_1112_1385,0.44344
2026_1345_1385,0.36944
2026_1211_1385,0.44636
2026_1116_1385,0.32206
2026_1140_1385,0.41284
2026_1274_1385,0.08596
2026_1281_1385,0.25084
2026_1301_1385,0.1085
2026_1219_1385,0.24582
2026_1218_1385,0.06232
2026_1244_1385,0.10822
2026_1254_1385,0.04926
2026_1181_1257,0.68948
2026_1163_1257,0.43848
2026_1242_1257,0.35188
2026_1202_1257,0.16976
2026_1196_1257,0.67376
2026_1222_1257,0.70484
2026_1228_1257,0.47872
2026_1155_1257,0.46102
2026_1234_1257,0.2819
2026_1225_1257,0.07212
2026_1250_1257,0.02824
2026_1235_1257,0.46198
2026_1104_1257,0.5197
2026_1246_1257,0.41022
2026_1208_1257,0.3339
2026_1103_1257,0.33128
2026_1220_1257,0.08434
2026_1224_1257,0.03136
2026_1112_1257,0.5148
2026_1211_1257,0.5146
2026_1116_1257,0.38568
2026_1140_1257,0.48488
2026_1219_1257,0.30806
2026_1218_1257,0.08874
2026_1244_1257,0.14268
2026_1254_1257,0.0709
2026_1181_1417,0.7839
2026_1163_1417,0.55754
2026_1277_1417,0.6832
2026_1242_1417,0.46842
2026_1385_1417,0.67828
2026_1257_1417,0.61692
2026_1326_1417,0.3889
2026_1395_1417,0.29182
2026_1416_1417,0.30766
2026_1378_1417,0.1732
2026_1320_1417,0.3384
2026_1295_1417,0.20914
2026_1202_1417,0.25854
2026_1373_1417,0.1028
2026_1196_1417,0.772
2026_1222_1417,0.80118
2026_1228_1417,0.59586
2026_1304_1417,0.35224
2026_1314_1417,0.4902
2026_1388_1417,0.60338
2026_1155_1417,0.57676
2026_1234_1417,0.38954
2026_1401_1417,0.47634
2026_1270_1417,0.44318
2026_1407_1417,0.29998
2026_1335_1417,0.10374
2026_1225_1417,0.11764
2026_1250_1417,0.05308
2026_1341_1417,0.01686
2026_1276_1417,0.67918
2026_1235_1417,0.5816
2026_1104_1417,0.63296
2026_1403_1417,0.58124
2026_1397_1417,0.66264
2026_1246_1417,0.52792
2026_1208_1417,0.45042
2026_1387_1417,0.35618
2026_1365_1417,0.37334
2026_1275_1417,0.29792
2026_1374_1417,0.40046
2026_1103_1417,0.4401
2026_1220_1417,0.13672
2026_1398_1417,0.13674
2026_1224_1417,0.0578
2026_1112_1417,0.62618
2026_1345_1417,0.55448
2026_1211_1417,0.63584
2026_1116_1417,0.50388
2026_1140_1417,0.60318
2026_1274_1417,0.18792
2026_1281_1417,0.419
2026_1301_1417,0.22432
2026_1400_1417,0.42436
2026_1219_1417,0.41598
2026_1218_1417,0.14444
2026_1244_1417,0.2197
2026_1254_1417,0.1242
2026_1112_1254,1
2026_1163_1326,0.67396
2026_1277_1326,0.77408
2026_1242_1326,0.58398
2026_1257_1326,0.72268
2026_1320_1326,0.4482
2026_1295_1326,0.30504
2026_1202_1326,0.35334
2026_1196_1326,0.8493
2026_1222_1326,0.86976
2026_1228_1326,0.70482
2026_1304_1326,0.46602
2026_1314_1326,0.60578
2026_1155_1326,0.68488
2026_1234_1326,0.50222
2026_1270_1326,0.55516
2026_1225_1326,0.18626
2026_1250_1326,0.09156
2026_1276_1326,0.77478
2026_1235_1326,0.68754
2026_1104_1326,0.73558
2026_1246_1326,0.63986
2026_1208_1326,0.5631
2026_1275_1326,0.40712
2026_1103_1326,0.55482
2026_1220_1326,0.21322
2026_1224_1326,0.10084
2026_1112_1326,0.7303
2026_1211_1326,0.73394
2026_1116_1326,0.61474
2026_1140_1326,0.707
2026_1274_1326,0.27426
2026_1281_1326,0.53346
2026_1301_1326,0.32022
2026_1219_1326,0.52944
2026_1218_1326,0.2215
2026_1244_1326,0.31298
2026_1254_1326,0.18908
2026_1112_1429,1
2026_1163_1395,0.75886
2026_1277_1395,0.8465
2026_1242_1395,0.67616
2026_1385_1395,0.84584
2026_1257_1395,0.80122
2026_1326_1395,0.60104
2026_1378_1395,0.34598
2026_1320_1395,0.55306
2026_1295_1395,0.39724
2026_1202_1395,0.45462
2026_1373_1395,0.23522
2026_1196_1395,0.89982
2026_1222_1395,0.91572
2026_1228_1395,0.78434
2026_1304_1395,0.56488
2026_1314_1395,0.69858
2026_1388_1395,0.78978
2026_1155_1395,0.76996
2026_1234_1395,0.60398
2026_1270_1395,0.66314
2026_1335_1395,0.2377
2026_1225_1395,0.2659
2026_1250_1395,0.14176
2026_1341_1395,0.06026
2026_1276_1395,0.84308
2026_1235_1395,0.77008
2026_1104_1395,0.81178
2026_1246_1395,0.73362
2026_1208_1395,0.66536
2026_1387_1395,0.57224
2026_1365_1395,0.58608
2026_1275_1395,0.50782
2026_1374_1395,0.61534
2026_1103_1395,0.66046
2026_1220_1395,0.29732
2026_1224_1395,0.15584
2026_1112_1395,0.81086
2026_1345_1395,0.75524
2026_1211_1395,0.81016
2026_1116_1395,0.71178
2026_1140_1395,0.79014
2026_1274_1395,0.36854
2026_1281_1395,0.63126
2026_1301_1395,0.42096
2026_1219_1395,0.63202
2026_1218_1395,0.30712
2026_1244_1395,0.41004
2026_1254_1395,0.26844
2026_1181_1416,0.9032
2026_1163_1416,0.74922
2026_1277_1416,0.84046
2026_1242_1416,0.66906
2026_1385_1416,0.83704
2026_1257_1416,0.79188
2026_1326_1416,0.59072
2026_1395_1416,0.48864
2026_1378_1416,0.33748
2026_1320_1416,0.54036
2026_1295_1416,0.38744
2026_1202_1416,0.4446
2026_1373_1416,0.22866
2026_1196_1416,0.89584
2026_1222_1416,0.91214
2026_1228_1416,0.77962
2026_1304_1416,0.5546
2026_1314_1416,0.69042
2026_1388_1416,0.78346
2026_1155_1416,0.75976
2026_1234_1416,0.59346
2026_1401_1416,0.67916
2026_1270_1416,0.65028
2026_1407_1416,0.50164
2026_1335_1416,0.23214
2026_1225_1416,0.2585
2026_1250_1416,0.13872
2026_1341_1416,0.05572
2026_1276_1416,0.83474
2026_1235_1416,0.76248
2026_1104_1416,0.80626
2026_1403_1416,0.764
2026_1397_1416,0.8253
2026_1246_1416,0.72472
2026_1208_1416,0.65184
2026_1387_1416,0.56076
2026_1365_1416,0.57584
2026_1275_1416,0.5
2026_1374_1416,0.60588
2026_1103_1416,0.64384
2026_1220_1416,0.284
2026_1398_1416,0.27968
2026_1224_1416,0.14948
2026_1112_1416,0.80248
2026_1345_1416,0.74828
2026_1211_1416,0.80544
2026_1116_1416,0.70238
2026_1140_1416,0.77794
2026_1274_1416,0.35926
2026_1281_1416,0.62022
2026_1301_1416,0.40634
2026_1400_1416,0.62782
2026_1219_1416,0.6222
2026_1218_1416,0.29872
2026_1244_1416,0.40026
2026_1254_1416,0.2606
2026_1181_1378,0.95796
2026_1163_1378,0.86366
2026_1277_1378,0.92168
2026_1242_1378,0.80042
2026_1257_1378,0.89344
2026_1326_1378,0.74208
2026_1320_1378,0.7022
2026_1295_1378,0.55114
2026_1202_1378,0.6117
2026_1373_1378,0.37516
2026_1196_1378,0.95332
2026_1222_1378,0.96416
2026_1228_1378,0.88426
2026_1304_1378,0.7137
2026_1314_1378,0.82214
2026_1155_1378,0.8724
2026_1234_1378,0.74366
2026_1270_1378,0.78916
2026_1335_1378,0.37478
2026_1225_1378,0.4063
2026_1250_1378,0.2529
2026_1341_1378,0.12174
2026_1276_1378,0.91904
2026_1235_1378,0.87558
2026_1104_1378,0.8997
2026_1246_1378,0.84606
2026_1208_1378,0.79016
2026_1365_1378,0.72922
2026_1275_1378,0.66472
2026_1374_1378,0.75496
2026_1103_1378,0.7868
2026_1220_1378,0.44328
2026_1224_1378,0.26718
2026_1112_1378,0.89748
2026_1345_1378,0.85952
2026_1211_1378,0.89986
2026_1116_1378,0.82848
2026_1140_1378,0.8852
2026_1274_1378,0.52192
2026_1281_1378,0.76796
2026_1301_1378,0.5725
2026_1219_1378,0.76788
2026_1218_1378,0.45262
2026_1244_1378,0.56386
2026_1254_1378,0.40852
2026_1181_1320,0.88976
2026_1163_1320,0.7165
2026_1277_1320,0.81654
2026_1242_1320,0.63328
2026_1257_1320,0.76446
2026_1295_1320,0.35334
2026_1202_1320,0.4065
2026_1196_1320,0.87884
2026_1222_1320,0.8941
2026_1228_1320,0.74618
2026_1304_1320,0.51808
2026_1314_1320,0.65392
2026_1155_1320,0.7312
2026_1234_1320,0.55388
2026_1270_1320,0.61356
2026_1225_1320,0.22902
2026_1250_1320,0.11396
2026_1276_1320,0.80968
2026_1235_1320,0.733
2026_1104_1320,0.7765
2026_1246_1320,0.68464
2026_1208_1320,0.6161
2026_1275_1320,0.45502
2026_1103_1320,0.60256
2026_1220_1320,0.25406
2026_1224_1320,0.12934
2026_1112_1320,0.77462
2026_1211_1320,0.7749
2026_1116_1320,0.66264
2026_1140_1320,0.75066
2026_1274_1320,0.31838
2026_1281_1320,0.58694
2026_1301_1320,0.37154
2026_1219_1320,0.58062
2026_1218_1320,0.2648
2026_1244_1320,0.36284
2026_1254_1320,0.22768
2026_1181_1465,0.94744
2026_1163_1465,0.83996
2026_1277_1465,0.90666
2026_1242_1465,0.77662
2026_1385_1465,0.90408
2026_1257_1465,0.872
2026_1417_1465,0.7978
2026_1326_1465,0.70732
2026_1395_1465,0.6152
2026_1416_1465,0.6269
2026_1378_1465,0.46024
2026_1320_1465,0.66424
2026_1295_1465,0.51588
2026_1202_1465,0.56898
2026_1373_1465,0.32926
2026_1196_1465,0.94134
2026_1222_1465,0.9525
2026_1228_1465,0.86256
2026_1304_1465,0.67536
2026_1435_1465,0.76754
2026_1314_1465,0.79384
2026_1388_1465,0.86576
2026_1155_1465,0.84974
2026_1234_1465,0.71092
2026_1401_1465,0.78132
2026_1433_1465,0.84282
2026_1270_1465,0.75874
2026_1407_1465,0.62596
2026_1335_1465,0.3358
2026_1225_1465,0.36932
2026_1250_1465,0.21768
2026_1341_1465,0.09872
2026_1276_1465,0.90224
2026_1235_1465,0.85092
2026_1438_1465,0.67658
2026_1104_1465,0.8807
2026_1403_1465,0.85616
2026_1397_1465,0.89372
2026_1246_1465,0.81862
2026_1208_1465,0.7652
2026_1387_1465,0.68128
2026_1365_1465,0.69636
2026_1275_1465,0.62086
2026_1374_1465,0.72418
2026_1103_1465,0.75618
2026_1220_1465,0.4005
2026_1460_1465,0.3675
2026_1398_1465,0.39864
2026_1224_1465,0.23102
2026_1420_1465,0.28222
2026_1112_1465,0.87842
2026_1345_1465,0.83598
2026_1211_1465,0.88016
2026_1116_1465,0.80404
2026_1458_1465,0.84526
2026_1140_1465,0.86304
2026_1274_1465,0.48438
2026_1437_1465,0.71434
2026_1429_1465,0.79476
2026_1281_1465,0.73808
2026_1301_1465,0.53214
2026_1400_1465,0.73442
2026_1219_1465,0.7315
2026_1218_1465,0.41846
2026_1244_1465,0.52694
2026_1254_1465,0.3696
2026_1181_1295,0.9441
2026_1163_1295,0.8309
2026_1277_1295,0.90018
2026_1242_1295,0.76396
2026_1257_1295,0.86344
2026_1202_1295,0.56032
2026_1196_1295,0.93978
2026_1222_1295,0.94866
2026_1228_1295,0.85026
2026_1155_1295,0.84228
2026_1234_1295,0.69862
2026_1270_1295,0.74918
2026_1225_1295,0.3562
2026_1250_1295,0.20922
2026_1276_1295,0.89764
2026_1235_1295,0.84112
2026_1104_1295,0.87314
2026_1246_1295,0.81008
2026_1208_1295,0.75242
2026_1275_1295,0.60604
2026_1103_1295,0.7414
2026_1220_1295,0.38694
2026_1224_1295,0.22598
2026_1112_1295,0.8741
2026_1211_1295,0.87392
2026_1116_1295,0.79154
2026_1140_1295,0.85588
2026_1274_1295,0.46904
2026_1281_1295,0.72298
2026_1219_1295,0.71912
2026_1218_1295,0.40274
2026_1244_1295,0.51076
2026_1254_1295,0.35552
2026_1181_1202,0.92546
2026_1112_1437,1
2026_1196_1202,0.91936
2026_1155_1202,0.80206
2026_1104_1202,0.84082
2026_1103_1202,0.69372
2026_1112_1202,0.8371
2026_1116_1202,0.74628
2026_1140_1202,0.81796
2026_1155_1196,0
2026_1163_1373,0.9215
2026_1277_1373,0.9595
2026_1242_1373,0.88358
2026_1257_1373,0.93986
2026_1326_1373,0.83534
2026_1320_1373,0.80076
2026_1295_1373,0.67512
2026_1202_1373,0.72606
2026_1196_1373,0.97746
2026_1222_1373,0.98106
2026_1228_1373,0.9338
2026_1304_1373,0.81312
2026_1314_1373,0.89136
2026_1155_1373,0.92576
2026_1234_1373,0.83892
2026_1270_1373,0.87058
2026_1335_1373,0.5026
2026_1225_1373,0.53556
2026_1250_1373,0.36286
2026_1341_1373,0.19848
2026_1276_1373,0.95814
2026_1235_1373,0.9296
2026_1104_1373,0.9452
2026_1246_1373,0.91114
2026_1208_1373,0.87158
2026_1365_1373,0.8273
2026_1275_1373,0.77106
2026_1103_1373,0.86594
2026_1220_1373,0.56796
2026_1224_1373,0.38382
2026_1112_1373,0.94424
2026_1345_1373,0.92176
2026_1211_1373,0.9429
2026_1116_1373,0.89958
2026_1140_1373,0.937
2026_1274_1373,0.64732
2026_1281_1373,0.85648
2026_1301_1373,0.69166
2026_1219_1373,0.85196
2026_1218_1373,0.58304
2026_1244_1373,0.69166
2026_1254_1373,0.5409
2026_1181_1196,0.5235
2026_1163_1196,0.281
2026_1163_1202,1
2026_1104_1196,0.34556
2026_1103_1196,0.19136
2026_1112_1196,0.3415
2026_1116_1196,0.23354
2026_1140_1196,0.31526
2026_1181_1222,0.48082
2026_1163_1222,0.24648
2026_1202_1222,0.06812
2026_1196_1222,0.4652
2026_1155_1222,0.26316
2026_1104_1222,0.30754
2026_1208_1222,0.17244
2026_1103_1222,0.16702
2026_1220_1222,0.0264
2026_1112_1222,0.30638
2026_1211_1222,0.30852
2026_1116_1222,0.20524
2026_1140_1222,0.2841
2026_1219_1222,0.14948
2026_1218_1222,0.03056
2026_1181_1228,0.70562
2026_1163_1228,0.4631
2026_1202_1228,0.18082
2026_1196_1228,0.68766
2026_1222_1228,0.71904
2026_1155_1228,0.47974
2026_1225_1228,0.07628
2026_1104_1228,0.54278
2026_1208_1228,0.3576
2026_1103_1228,0.35052
2026_1220_1228,0.09124
2026_1224_1228,0.0347
2026_1112_1228,0.53174
2026_1211_1228,0.53584
2026_1116_1228,0.40818
2026_1140_1228,0.50762
2026_1219_1228,0.32192
2026_1218_1228,0.09786
2026_1181_1304,0.87886
2026_1163_1304,0.70322
2026_1277_1304,0.80654
2026_1242_1304,0.61934
2026_1257_1304,0.7532
2026_1295_1304,0.33512
2026_1202_1304,0.39042
2026_1196_1304,0.86808
2026_1222_1304,0.888
2026_1228_1304,0.73206
2026_1155_1304,0.71656
2026_1234_1304,0.5374
2026_1270_1304,0.59758
2026_1225_1304,0.21434
2026_1250_1304,0.10716
2026_1276_1304,0.7973
2026_1235_1304,0.7171
2026_1104_1304,0.76488
2026_1246_1304,0.67456
2026_1208_1304,0.59964
2026_1275_1304,0.4421
2026_1103_1304,0.59074
2026_1220_1304,0.2385
2026_1224_1304,0.11996
2026_1112_1304,0.75908
2026_1211_1304,0.76116
2026_1116_1304,0.65304
2026_1140_1304,0.74138
2026_1274_1304,0.30468
2026_1281_1304,0.56994
2026_1301_1304,0.35192
2026_1219_1304,0.56198
2026_1218_1304,0.24616
2026_1244_1304,0.35002
2026_1254_1304,0.21672
2026_1181_1435,0.81248
2026_1163_1435,0.60174
2026_1277_1435,0.71914
2026_1242_1435,0.50932
2026_1385_1435,0.7139
2026_1257_1435,0.65606
2026_1417_1435,0.54118
2026_1326_1435,0.42608
2026_1395_1435,0.33114
2026_1416_1435,0.3373
2026_1378_1435,0.20094
2026_1320_1435,0.37812
2026_1295_1435,0.2369
2026_1202_1435,0.2902
2026_1373_1435,0.12322
2026_1196_1435,0.7997
2026_1222_1435,0.82436
2026_1228_1435,0.63048
2026_1304_1435,0.39312
2026_1314_1435,0.53146
2026_1388_1435,0.64142
2026_1155_1435,0.61824
2026_1234_1435,0.42852
2026_1401_1435,0.51636
2026_1433_1435,0.60696
2026_1270_1435,0.49094
2026_1407_1435,0.34082
2026_1335_1435,0.12846
2026_1225_1435,0.14138
2026_1250_1435,0.06392
2026_1341_1435,0.02186
2026_1276_1435,0.71598
2026_1235_1435,0.61794
2026_1104_1435,0.6735
2026_1403_1435,0.62122
2026_1397_1435,0.70066
2026_1246_1435,0.56662
2026_1208_1435,0.4928
2026_1387_1435,0.39136
2026_1365_1435,0.4121
2026_1275_1435,0.33422
2026_1374_1435,0.4442
2026_1103_1435,0.4833
2026_1220_1435,0.16396
2026_1398_1435,0.16028
2026_1224_1435,0.07092
2026_1420_1435,0.09436
2026_1112_1435,0.66792
2026_1345_1435,0.59542
2026_1211_1435,0.66902
2026_1116_1435,0.54518
2026_1140_1435,0.6413
2026_1274_1435,0.21618
2026_1429_1435,0.5343
2026_1281_1435,0.46122
2026_1301_1435,0.2547
2026_1400_1435,0.46288
2026_1219_1435,0.45912
2026_1218_1435,0.1721
2026_1244_1435,0.2514
2026_1254_1435,0.14374
2026_1181_1314,0.78998
2026_1163_1314,0.56634
2026_1277_1314,0.69116
2026_1242_1314,0.47542
2026_1257_1314,0.62476
2026_1295_1314,0.21634
2026_1202_1314,0.26348
2026_1196_1314,0.77406
2026_1222_1314,0.80482
2026_1228_1314,0.60296
2026_1304_1314,0.36224
2026_1155_1314,0.5851
2026_1234_1314,0.39866
2026_1270_1314,0.45586
2026_1225_1314,0.12764
2026_1250_1314,0.05454
2026_1276_1314,0.68898
2026_1235_1314,0.59244
2026_1104_1314,0.64532
2026_1246_1314,0.53278
2026_1208_1314,0.46332
2026_1275_1314,0.30398
2026_1103_1314,0.4476
2026_1220_1314,0.14586
2026_1224_1314,0.06264
2026_1112_1314,0.63398
2026_1211_1314,0.63938
2026_1116_1314,0.51518
2026_1140_1314,0.61098
2026_1274_1314,0.19712
2026_1281_1314,0.42698
2026_1301_1314,0.23706
2026_1219_1314,0.42626
2026_1218_1314,0.14728
2026_1244_1314,0.22732
2026_1254_1314,0.12542
2026_1181_1388,0.70088
2026_1163_1388,0.45344
2026_1277_1388,0.58726
2026_1242_1388,0.3664
2026_1385_1388,0.58494
2026_1257_1388,0.50984
2026_1326_1388,0.29204
2026_1378_1388,0.11366
2026_1320_1388,0.24476
2026_1295_1388,0.14168
2026_1202_1388,0.1799
2026_1373_1388,0.06278
2026_1196_1388,0.6778
2026_1222_1388,0.7165
2026_1228_1388,0.48884
2026_1304_1388,0.25678
2026_1314_1388,0.38722
2026_1155_1388,0.47438
2026_1234_1388,0.29164
2026_1270_1388,0.34382
2026_1335_1388,0.06378
2026_1225_1388,0.07466
2026_1250_1388,0.03062
2026_1341_1388,0.00936
2026_1276_1388,0.57696
2026_1235_1388,0.47436
2026_1104_1388,0.52954
2026_1246_1388,0.42222
2026_1208_1388,0.3512
2026_1387_1388,0.26566
2026_1365_1388,0.27808
2026_1275_1388,0.21416
2026_1374_1388,0.30394
2026_1103_1388,0.33702
2026_1220_1388,0.08714
2026_1224_1388,0.03422
2026_1112_1388,0.5231
2026_1345_1388,0.44792
2026_1211_1388,0.52742
2026_1116_1388,0.40194
2026_1140_1388,0.4945
2026_1274_1388,0.12454
2026_1281_1388,0.3216
2026_1301_1388,0.15814
2026_1219_1388,0.3166
2026_1218_1388,0.09276
2026_1244_1388,0.14928
2026_1254_1388,0.07434
2026_1104_1155,0.55542
2026_1103_1155,0.36526
2026_1112_1155,0.55922
2026_1116_1155,0.42846
2026_1140_1155,0.52604
2026_1181_1234,0.85786
2026_1163_1234,0.67058
2026_1202_1234,0.35556
2026_1181_1326,1
2026_1222_1234,0.86718
2026_1228_1234,0.69752
2026_1155_1234,0.6843
2026_1225_1234,0.18438
2026_1104_1234,0.73128
2026_1208_1234,0.56332
2026_1103_1234,0.5531
2026_1220_1234,0.2102
2026_1224_1234,0.09926
2026_1112_1234,0.72882
2026_1211_1234,0.72986
2026_1116_1234,0.6163
2026_1140_1234,0.70122
2026_1219_1234,0.52804
2026_1218_1234,0.2183
2026_1181_1401,0.79996
2026_1163_1401,0.58848
2026_1277_1401,0.70362
2026_1242_1401,0.49198
2026_1385_1401,0.70128
2026_1257_1401,0.63892
2026_1326_1401,0.40524
2026_1395_1401,0.3113
2026_1378_1401,0.19168
2026_1320_1401,0.35958
2026_1295_1401,0.2276
2026_1202_1401,0.27132
2026_1373_1401,0.11494
2026_1196_1401,0.78612
2026_1222_1401,0.81382
2026_1228_1401,0.61804
2026_1304_1401,0.3696
2026_1314_1401,0.51706
2026_1388_1401,0.62784
2026_1155_1401,0.60006
2026_1234_1401,0.40934
2026_1270_1401,0.46726
2026_1335_1401,0.11526
2026_1225_1401,0.1331
2026_1250_1401,0.0582
2026_1341_1401,0.01996
2026_1276_1401,0.70034
2026_1235_1401,0.59732
2026_1104_1401,0.65238
2026_1397_1401,0.68546
2026_1246_1401,0.5513
2026_1208_1401,0.469
2026_1387_1401,0.3788
2026_1365_1401,0.39458
2026_1275_1401,0.32276
2026_1374_1401,0.42796
2026_1103_1401,0.46412
2026_1220_1401,0.15022
2026_1398_1401,0.1488
2026_1224_1401,0.06666
2026_1112_1401,0.65006
2026_1345_1401,0.57946
2026_1211_1401,0.65608
2026_1116_1401,0.52874
2026_1140_1401,0.62254
2026_1274_1401,0.20494
2026_1281_1401,0.44388
2026_1301_1401,0.2413
2026_1400_1401,0.44434
2026_1219_1401,0.43772
2026_1218_1401,0.1605
2026_1244_1401,0.24056
2026_1254_1401,0.135
2026_1181_1433,0.73396
2026_1163_1433,0.49476
2026_1277_1433,0.6219
2026_1242_1433,0.39898
2026_1385_1433,0.61692
2026_1257_1433,0.55288
2026_1417_1433,0.434
2026_1326_1433,0.32728
2026_1395_1433,0.24
2026_1416_1433,0.24466
2026_1378_1433,0.13618
2026_1320_1433,0.28358
2026_1295_1433,0.16562
2026_1202_1433,0.20578
2026_1373_1433,0.07756
2026_1196_1433,0.71764
2026_1222_1433,0.74838
2026_1228_1433,0.5292
2026_1304_1433,0.29402
2026_1314_1433,0.42536
2026_1388_1433,0.53574
2026_1155_1433,0.51458
2026_1234_1433,0.32672
2026_1401_1433,0.4122
2026_1270_1433,0.38984
2026_1407_1433,0.24774
2026_1335_1433,0.07782
2026_1225_1433,0.0887
2026_1250_1433,0.03646
2026_1341_1433,0.01088
2026_1276_1433,0.61586
2026_1235_1433,0.51318
2026_1104_1433,0.57132
2026_1403_1433,0.51896
2026_1397_1433,0.60428
2026_1246_1433,0.45724
2026_1208_1433,0.38544
2026_1387_1433,0.29772
2026_1365_1433,0.31198
2026_1275_1433,0.24658
2026_1374_1433,0.34298
2026_1103_1433,0.38124
2026_1220_1433,0.10766
2026_1398_1433,0.10104
2026_1224_1433,0.0454
2026_1420_1433,0.05646
2026_1112_1433,0.56408
2026_1345_1433,0.48924
2026_1211_1433,0.57142
2026_1116_1433,0.44122
2026_1140_1433,0.53772
2026_1274_1433,0.14614
2026_1429_1433,0.42794
2026_1281_1433,0.35642
2026_1301_1433,0.17902
2026_1400_1433,0.35904
2026_1219_1433,0.35088
2026_1218_1433,0.11192
2026_1244_1433,0.17476
2026_1254_1433,0.0932
2026_1181_1270,0.81888
2026_1163_1270,0.61462
2026_1242_1270,0.52266
2026_1257_1270,0.66586
2026_1202_1270,0.30006
2026_1196_1270,0.80806
2026_1222_1270,0.83484
2026_1228_1270,0.6444
2026_1155_1270,0.62764
2026_1234_1270,0.43952
2026_1225_1270,0.14716
2026_1250_1270,0.06986
2026_1235_1270,0.63168
2026_1104_1270,0.68686
2026_1246_1270,0.58034
2026_1208_1270,0.50088
2026_1103_1270,0.49422
2026_1220_1270,0.17312
2026_1224_1270,0.0772
2026_1112_1270,0.67602
2026_1211_1270,0.68002
2026_1116_1270,0.5594
2026_1140_1270,0.65468
2026_1219_1270,0.4684
2026_1218_1270,0.17904
2026_1244_1270,0.25904
2026_1254_1270,0.15142
2026_1181_1407,0.90572
2026_1163_1407,0.75288
2026_1277_1407,0.84218
2026_1242_1407,0.6744
2026_1385_1407,0.84032
2026_1257_1407,0.79024
2026_1326_1407,0.59424
2026_1395_1407,0.4939
2026_1378_1407,0.33884
2026_1320_1407,0.54042
2026_1295_1407,0.39096
2026_1202_1407,0.44242
2026_1373_1407,0.23036
2026_1196_1407,0.89546
2026_1222_1407,0.91428
2026_1228_1407,0.77632
2026_1304_1407,0.5544
2026_1314_1407,0.68974
2026_1388_1407,0.78528
2026_1155_1407,0.76176
2026_1234_1407,0.59464
2026_1401_1407,0.67746
2026_1270_1407,0.65056
2026_1335_1407,0.23152
2026_1225_1407,0.25662
2026_1250_1407,0.13916
2026_1341_1407,0.05678
2026_1276_1407,0.83488
2026_1235_1407,0.76602
2026_1104_1407,0.8073
2026_1403_1407,0.77134
2026_1397_1407,0.82638
2026_1246_1407,0.7226
2026_1208_1407,0.65378
2026_1387_1407,0.56426
2026_1365_1407,0.57946
2026_1275_1407,0.4999
2026_1374_1407,0.60868
2026_1103_1407,0.64724
2026_1220_1407,0.2892
2026_1398_1407,0.2805
2026_1224_1407,0.15226
2026_1112_1407,0.80284
2026_1345_1407,0.74834
2026_1211_1407,0.8038
2026_1116_1407,0.70502
2026_1140_1407,0.78268
2026_1274_1407,0.36042
2026_1281_1407,0.6233
2026_1301_1407,0.40744
2026_1400_1407,0.63048
2026_1219_1407,0.62048
2026_1218_1407,0.2966
2026_1244_1407,0.40506
2026_1254_1407,0.2585
2026_1181_1335,0.9792
2026_1163_1335,0.92224
2026_1277_1335,0.95844
2026_1242_1335,0.88142
2026_1257_1335,0.94088
2026_1326_1335,0.83684
2026_1320_1335,0.79834
2026_1295_1335,0.67428
2026_1202_1335,0.728
2026_1196_1335,0.97612
2026_1222_1335,0.98236
2026_1228_1335,0.93252
2026_1304_1335,0.81074
2026_1314_1335,0.8906
2026_1155_1335,0.92684
2026_1234_1335,0.83608
2026_1270_1335,0.87108
2026_1225_1335,0.53614
2026_1250_1335,0.35842
2026_1276_1335,0.95592
2026_1235_1335,0.92932
2026_1104_1335,0.94254
2026_1246_1335,0.90886
2026_1208_1335,0.87444
2026_1275_1335,0.76618
2026_1103_1335,0.86614
2026_1220_1335,0.57096
2026_1224_1335,0.3847
2026_1112_1335,0.94428
2026_1211_1335,0.94542
2026_1116_1335,0.89696
2026_1140_1335,0.93492
2026_1274_1335,0.64418
2026_1281_1335,0.8555
2026_1301_1335,0.6901
2026_1219_1335,0.8482
2026_1218_1335,0.57922
2026_1244_1335,0.68398
2026_1254_1335,0.53764
2026_1181_1225,0.97488
2026_1163_1225,0.9082
2026_1202_1225,0.69614
2026_1196_1225,0.97204
2026_1181_1373,1
2026_1155_1225,0.9136
2026_1104_1225,0.9364
2026_1208_1225,0.85232
2026_1103_1225,0.84892
2026_1220_1225,0.53324
2026_1224_1225,0.35484
2026_1112_1225,0.93456
2026_1211_1225,0.93268
2026_1116_1225,0.8833
2026_1140_1225,0.92338
2026_1219_1225,0.83284
2026_1218_1225,0.54488
2026_1181_1250,0.99182
2026_1163_1250,0.96034
2026_1242_1250,0.93744
2026_1202_1250,0.83154
2026_1181_1395,1
2026_1222_1250,0.99262
2026_1228_1250,0.96894
2026_1155_1250,0.96446
2026_1234_1250,0.90692
2026_1225_1250,0.66998
2026_1235_1250,0.96428
2026_1104_1250,0.97566
2026_1246_1250,0.954
2026_1208_1250,0.93416
2026_1103_1250,0.92838
2026_1220_1250,0.70308
2026_1224_1250,0.52676
2026_1112_1250,0.9746
2026_1211_1250,0.97354
2026_1116_1250,0.94956
2026_1140_1250,0.97006
2026_1219_1250,0.9214
2026_1218_1250,0.7115
2026_1244_1250,0.79986
2026_1181_1341,0.9982
2026_1163_1341,0.98844
2026_1277_1341,0.99544
2026_1242_1341,0.97868
2026_1257_1341,0.99148
2026_1326_1341,0.96626
2026_1320_1341,0.95248
2026_1295_1341,0.9045
2026_1202_1341,0.92468
2026_1196_1234,1
2026_1222_1341,0.99776
2026_1228_1341,0.99084
2026_1304_1341,0.95946
2026_1314_1341,0.98108
2026_1155_1341,0.98934
2026_1234_1341,0.96502
2026_1270_1341,0.97672
2026_1335_1341,0.80228
2026_1225_1341,0.8261
2026_1250_1341,0.68812
2026_1276_1341,0.99524
2026_1235_1341,0.9898
2026_1104_1341,0.99294
2026_1246_1341,0.98602
2026_1208_1341,0.97706
2026_1275_1341,0.94368
2026_1103_1341,0.97428
2026_1220_1341,0.84634
2026_1224_1341,0.70842
2026_1112_1341,0.99246
2026_1211_1341,0.99248
2026_1116_1341,0.98304
2026_1140_1341,0.99146
2026_1274_1341,0.8879
2026_1281_1341,0.972
2026_1301_1341,0.91244
2026_1219_1341,0.97168
2026_1218_1341,0.85094
2026_1244_1341,0.91124
2026_1254_1341,0.8282
2026_1181_1276,0.63026
2026_1163_1276,0.37968
2026_1242_1276,0.29298
2026_1257_1276,0.42974
2026_1202_1276,0.13364
2026_1196_1276,0.60766
2026_1222_1276,0.6503
2026_1228_1276,0.41606
2026_1155_1276,0.3965
2026_1234_1276,0.22424
2026_1270_1276,0.27624
2026_1225_1276,0.05128
2026_1250_1276,0.01766
2026_1235_1276,0.39536
2026_1104_1276,0.45394
2026_1246_1276,0.34528
2026_1196_1250,1
2026_1275_1276,0.16262
2026_1103_1276,0.26888
2026_1220_1276,0.0598
2026_1196_1341,1
2026_1112_1276,0.443
2026_1211_1276,0.4514
2026_1116_1276,0.32356
2026_1140_1276,0.4191
2026_1274_1276,0.08718
2026_1219_1276,0.25066
2026_1218_1276,0.06454
2026_1244_1276,0.11032
2026_1254_1276,0.05352
2026_1181_1235,0.72148
2026_1163_1235,0.48214
2026_1202_1235,0.1957
2026_1196_1235,0.7041
2026_1222_1235,0.73612
2026_1228_1235,0.51698
2026_1155_1235,0.4977
2026_1234_1235,0.31232
2026_1225_1235,0.0833
2026_1104_1235,0.55376
2026_1208_1235,0.3686
2026_1103_1235,0.36484
2026_1220_1235,0.09718
2026_1224_1235,0.03974
2026_1112_1235,0.55258
2026_1211_1235,0.54998
2026_1116_1235,0.4249
2026_1140_1235,0.5217
2026_1219_1235,0.33854
2026_1218_1235,0.10224
2026_1181_1438,0.87644
2026_1163_1438,0.70266
2026_1277_1438,0.80664
2026_1242_1438,0.61952
2026_1385_1438,0.80018
2026_1257_1438,0.74882
2026_1417_1438,0.6478
2026_1326_1438,0.53616
2026_1395_1438,0.4336
2026_1416_1438,0.44764
2026_1378_1438,0.28518
2026_1320_1438,0.48458
2026_1295_1438,0.33796
2026_1202_1438,0.38426
2026_1373_1438,0.18736
2026_1196_1438,0.86626
2026_1222_1438,0.8884
2026_1228_1438,0.73606
2026_1304_1438,0.4966
2026_1435_1438,0.61154
2026_1314_1438,0.64096
2026_1388_1438,0.74048
2026_1155_1438,0.715
2026_1234_1438,0.53882
2026_1401_1438,0.62394
2026_1433_1438,0.70616
2026_1270_1438,0.59724
2026_1407_1438,0.44062
2026_1335_1438,0.18822
2026_1225_1438,0.21572
2026_1250_1438,0.10566
2026_1341_1438,0.0399
2026_1276_1438,0.80006
2026_1235_1438,0.71836
2026_1104_1438,0.76292
2026_1403_1438,0.72382
2026_1397_1438,0.7888
2026_1246_1438,0.67046
2026_1208_1438,0.59934
2026_1387_1438,0.50492
2026_1365_1438,0.52188
2026_1275_1438,0.4407
2026_1374_1438,0.55418
2026_1103_1438,0.59294
2026_1220_1438,0.2377
2026_1398_1438,0.2351
2026_1224_1438,0.12116
2026_1420_1438,0.14632
2026_1112_1438,0.75822
2026_1345_1438,0.6959
2026_1211_1438,0.76606
2026_1116_1438,0.64836
2026_1140_1438,0.73882
2026_1274_1438,0.30384
2026_1437_1438,0.53674
2026_1429_1438,0.6408
2026_1281_1438,0.56742
2026_1301_1438,0.35338
2026_1400_1438,0.5726
2026_1219_1438,0.5654
2026_1218_1438,0.24894
2026_1244_1438,0.34466
2026_1254_1438,0.21528
2026_1103_1104,0.31348
2026_1181_1403,0.71718
2026_1163_1403,0.4813
2026_1277_1403,0.60776
2026_1242_1403,0.38488
2026_1385_1403,0.60438
2026_1257_1403,0.5328
2026_1326_1403,0.3096
2026_1395_1403,0.22642
2026_1378_1403,0.12544
2026_1320_1403,0.26408
2026_1295_1403,0.15464
2026_1202_1403,0.1917
2026_1373_1403,0.06928
2026_1196_1403,0.69618
2026_1222_1403,0.7332
2026_1228_1403,0.51332
2026_1304_1403,0.28092
2026_1314_1403,0.40908
2026_1388_1403,0.52434
2026_1155_1403,0.49706
2026_1234_1403,0.31372
2026_1401_1403,0.3985
2026_1270_1403,0.36468
2026_1335_1403,0.07214
2026_1225_1403,0.08356
2026_1250_1403,0.03412
2026_1341_1403,0.0106
2026_1276_1403,0.5956
2026_1235_1403,0.4988
2026_1104_1403,0.55134
2026_1397_1403,0.58712
2026_1246_1403,0.44608
2026_1208_1403,0.36794
2026_1387_1403,0.28322
2026_1365_1403,0.29366
2026_1275_1403,0.23024
2026_1374_1403,0.32026
2026_1103_1403,0.36192
2026_1220_1403,0.09862
2026_1398_1403,0.09204
2026_1224_1403,0.03684
2026_1112_1403,0.54862
2026_1345_1403,0.47328
2026_1211_1403,0.54658
2026_1116_1403,0.42136
2026_1140_1403,0.51644
2026_1274_1403,0.13606
2026_1281_1403,0.34108
2026_1301_1403,0.16814
2026_1400_1403,0.34454
2026_1219_1403,0.33862
2026_1218_1403,0.10056
2026_1244_1403,0.1641
2026_1254_1403,0.0851
2026_1181_1397,0.64418
2026_1163_1397,0.39188
2026_1277_1397,0.52042
2026_1242_1397,0.31178
2026_1385_1397,0.51958
2026_1257_1397,0.4496
2026_1326_1397,0.23816
2026_1395_1397,0.16598
2026_1378_1397,0.08712
2026_1320_1397,0.20126
2026_1295_1397,0.10852
2026_1202_1397,0.13974
2026_1373_1397,0.04566
2026_1196_1397,0.6226
2026_1222_1397,0.65662
2026_1228_1397,0.42746
2026_1304_1397,0.21128
2026_1314_1397,0.3252
2026_1388_1397,0.43576
2026_1155_1397,0.41184
2026_1234_1397,0.23952
2026_1270_1397,0.29092
2026_1335_1397,0.0462
2026_1225_1397,0.05516
2026_1250_1397,0.02052
2026_1341_1397,0.00576
2026_1276_1397,0.51454
2026_1235_1397,0.4118
2026_1104_1397,0.46578
2026_1246_1397,0.36162
2026_1208_1397,0.29232
2026_1387_1397,0.21282
2026_1365_1397,0.22462
2026_1275_1397,0.17144
2026_1374_1397,0.25088
2026_1103_1397,0.28158
2026_1220_1397,0.06404
2026_1224_1397,0.02454
2026_1112_1397,0.46176
2026_1345_1397,0.39186
2026_1211_1397,0.46344
2026_1116_1397,0.34122
2026_1140_1397,0.43066
2026_1274_1397,0.09702
2026_1281_1397,0.26794
2026_1301_1397,0.12076
2026_1219_1397,0.26016
2026_1218_1397,0.0697
2026_1244_1397,0.11584
2026_1254_1397,0.05542
2026_1181_1246,0.76176
2026_1163_1246,0.53712
2026_1242_1246,0.4439
2026_1202_1246,0.23408
2026_1196_1246,0.74982
2026_1222_1246,0.7796
2026_1228_1246,0.5668
2026_1155_1246,0.54822
2026_1234_1246,0.362
2026_1225_1246,0.10474
2026_1235_1246,0.55574
2026_1104_1246,0.60844
2026_1208_1246,0.42364
2026_1103_1246,0.41606
2026_1220_1246,0.12496
2026_1224_1246,0.05192
2026_1112_1246,0.6006
2026_1211_1246,0.60586
2026_1116_1246,0.47624
2026_1140_1246,0.57498
2026_1219_1246,0.38468
2026_1218_1246,0.12706
2026_1244_1246,0.19852
2026_1181_1208,0.818
2026_1163_1208,0.60756
2026_1202_1208,0.29712
2026_1196_1208,0.80242
2026_1155_1208,0.62782
2026_1104_1208,0.67972
2026_1103_1208,0.49034
2026_1112_1208,0.67528
2026_1116_1208,0.55596
2026_1140_1208,0.64552
2026_1181_1387,0.87268
2026_1163_1387,0.69894
2026_1277_1387,0.79756
2026_1242_1387,0.61742
2026_1385_1387,0.7961
2026_1257_1387,0.74268
2026_1326_1387,0.53094
2026_1378_1387,0.2815
2026_1320_1387,0.47736
2026_1295_1387,0.33316
2026_1202_1387,0.38254
2026_1373_1387,0.18246
2026_1196_1387,0.86338
2026_1222_1387,0.8819
2026_1228_1387,0.72822
2026_1304_1387,0.49082
2026_1314_1387,0.63258
2026_1155_1387,0.71286
2026_1234_1387,0.53112
2026_1270_1387,0.58954
2026_1335_1387,0.18456
2026_1225_1387,0.20934
2026_1250_1387,0.10384
2026_1341_1387,0.03988
2026_1208_1276,0
2026_1235_1387,0.71228
2026_1104_1387,0.76208
2026_1246_1387,0.6689
2026_1208_1387,0.5947
2026_1365_1387,0.51128
2026_1275_1387,0.43806
2026_1374_1387,0.54526
2026_1103_1387,0.59084
2026_1220_1387,0.23786
2026_1224_1387,0.11642
2026_1112_1387,0.7542
2026_1345_1387,0.69332
2026_1211_1387,0.75896
2026_1116_1387,0.65136
2026_1140_1387,0.7322
2026_1274_1387,0.30368
2026_1281_1387,0.5592
2026_1301_1387,0.34506
2026_1219_1387,0.55756
2026_1218_1387,0.24186
2026_1244_1387,0.34176
2026_1254_1387,0.21168
2026_1181_1365,0.86862
2026_1163_1365,0.68474
2026_1277_1365,0.78978
2026_1242_1365,0.59838
2026_1257_1365,0.7345
2026_1326_1365,0.51356
2026_1320_1365,0.46154
2026_1295_1365,0.31672
2026_1202_1365,0.36856
2026_1196_1365,0.85862
2026_1222_1365,0.87878
2026_1228_1365,0.71496
2026_1304_1365,0.47626
2026_1314_1365,0.62034
2026_1155_1365,0.70066
2026_1234_1365,0.51834
2026_1270_1365,0.57674
2026_1335_1365,0.17808
2026_1225_1365,0.19908
2026_1250_1365,0.09616
2026_1341_1365,0.0374
2026_1276_1365,0.78662
2026_1235_1365,0.7007
2026_1104_1365,0.7483
2026_1246_1365,0.65602
2026_1208_1365,0.58234
2026_1275_1365,0.42056
2026_1103_1365,0.57154
2026_1220_1365,0.22308
2026_1224_1365,0.1094
2026_1112_1365,0.74402
2026_1345_1365,0.67948
2026_1211_1365,0.7441
2026_1116_1365,0.6295
2026_1140_1365,0.71994
2026_1274_1365,0.28722
2026_1281_1365,0.54404
2026_1301_1365,0.33416
2026_1219_1365,0.54144
2026_1218_1365,0.23392
2026_1244_1365,0.33096
2026_1254_1365,0.2041
2026_1181_1275,0.9066
2026_1163_1275,0.75114
2026_1242_1275,0.67334
2026_1257_1275,0.7905
2026_1202_1275,0.4503
2026_1196_1275,0.89626
2026_1222_1275,0.91304
2026_1228_1275,0.77732
2026_1155_1275,0.76616
2026_1234_1275,0.59558
2026_1270_1275,0.6535
2026_1225_1275,0.2577
2026_1250_1275,0.13682
2026_1235_1275,0.76682
2026_1104_1275,0.80638
2026_1246_1275,0.72216
2026_1208_1275,0.6551
2026_1103_1275,0.65332
2026_1220_1275,0.2861
2026_1224_1275,0.15232
2026_1112_1275,0.80712
2026_1211_1275,0.80772
2026_1116_1275,0.70724
2026_1140_1275,0.78528
2026_1274_1275,0.36108
2026_1219_1275,0.61926
2026_1218_1275,0.29962
2026_1244_1275,0.40616
2026_1254_1275,0.26196
2026_1181_1374,0.85216
2026_1163_1374,0.65578
2026_1277_1374,0.7675
2026_1242_1374,0.56792
2026_1257_1374,0.70396
2026_1326_1374,0.48088
2026_1320_1374,0.43304
2026_1295_1374,0.29072
2026_1202_1374,0.34288
2026_1373_1374,0.15614
2026_1196_1374,0.83772
2026_1222_1374,0.8599
2026_1228_1374,0.68834
2026_1304_1374,0.44708
2026_1314_1374,0.5884
2026_1155_1374,0.66878
2026_1234_1374,0.48794
2026_1270_1374,0.54394
2026_1335_1374,0.15718
2026_1225_1374,0.17714
2026_1250_1374,0.08462
2026_1341_1374,0.0304
2026_1276_1374,0.76164
2026_1235_1374,0.6729
2026_1104_1374,0.7192
2026_1246_1374,0.6248
2026_1208_1374,0.54936
2026_1365_1374,0.46774
2026_1275_1374,0.3893
2026_1103_1374,0.54306
2026_1220_1374,0.20332
2026_1224_1374,0.0927
2026_1112_1374,0.71926
2026_1345_1374,0.64902
2026_1211_1374,0.7222
2026_1116_1374,0.59918
2026_1140_1374,0.69582
2026_1274_1374,0.2612
2026_1281_1374,0.51812
2026_1301_1374,0.30624
2026_1219_1374,0.5096
2026_1218_1374,0.2111
2026_1244_1374,0.3017
2026_1254_1374,0.1793
2026_1181_1220,0.97044
2026_1163_1220,0.89096
2026_1202_1220,0.66412
2026_1196_1220,0.96626
2026_1155_1220,0.90028
2026_1104_1220,0.92262
2026_1208_1220,0.83354
2026_1103_1220,0.8278
2026_1112_1220,0.92156
2026_1211_1220,0.92556
2026_1116_1220,0.86332
2026_1140_1220,0.91126
2026_1219_1220,0.80874
2026_1218_1220,0.51032
2026_1181_1460,0.97374
2026_1163_1460,0.90768
2026_1277_1460,0.94876
2026_1242_1460,0.86164
2026_1385_1460,0.95042
2026_1257_1460,0.9267
2026_1417_1460,0.88028
2026_1326_1460,0.80922
2026_1395_1460,0.7342
2026_1416_1460,0.74066
2026_1378_1460,0.59028
2026_1320_1460,0.77332
2026_1295_1460,0.64444
2026_1202_1460,0.69714
2026_1373_1460,0.4639
2026_1196_1460,0.97036
2026_1222_1460,0.97624
2026_1228_1460,0.92136
2026_1304_1460,0.78428
2026_1435_1460,0.85738
2026_1314_1460,0.87514
2026_1388_1460,0.92364
2026_1155_1460,0.9131
2026_1234_1460,0.8133
2026_1401_1460,0.86666
2026_1433_1460,0.91006
2026_1270_1460,0.85188
2026_1407_1460,0.73784
2026_1335_1460,0.46204
2026_1225_1460,0.49876
2026_1250_1460,0.32432
2026_1341_1460,0.17644
2026_1276_1460,0.94956
2026_1235_1460,0.91656
2026_1438_1460,0.78262
2026_1104_1460,0.9347
2026_1403_1460,0.91836
2026_1397_1460,0.94528
2026_1246_1460,0.88928
2026_1208_1460,0.85224
2026_1387_1460,0.79094
2026_1365_1460,0.79804
2026_1275_1460,0.7388
2026_1374_1460,0.81872
2026_1103_1460,0.84218
2026_1220_1460,0.53184
2026_1398_1460,0.52494
2026_1224_1460,0.34732
2026_1420_1460,0.3993
2026_1112_1460,0.93278
2026_1345_1460,0.90346
2026_1211_1460,0.93456
2026_1116_1460,0.87994
2026_1458_1460,0.9109
2026_1140_1460,0.9216
2026_1274_1460,0.61268
2026_1437_1460,0.81382
2026_1429_1460,0.8761
2026_1281_1460,0.8292
2026_1301_1460,0.65696
2026_1400_1460,0.83418
2026_1219_1460,0.83036
2026_1218_1460,0.54532
2026_1244_1460,0.65194
2026_1254_1460,0.50454
2026_1181_1398,0.9696
2026_1163_1398,0.89708
2026_1277_1398,0.9422
2026_1242_1398,0.84874
2026_1385_1398,0.94282
2026_1257_1398,0.91832
2026_1326_1398,0.79332
2026_1395_1398,0.71172
2026_1378_1398,0.564
2026_1320_1398,0.75234
2026_1295_1398,0.61582
2026_1202_1398,0.6718
2026_1373_1398,0.4332
2026_1196_1398,0.96802
2026_1222_1398,0.97318
2026_1228_1398,0.90974
2026_1304_1398,0.76582
2026_1314_1398,0.85962
2026_1388_1398,0.91652
2026_1155_1398,0.9044
2026_1234_1398,0.79234
2026_1270_1398,0.83498
2026_1335_1398,0.43996
2026_1225_1398,0.4707
2026_1250_1398,0.30556
2026_1341_1398,0.15976
2026_1276_1398,0.93994
2026_1222_1225,1
2026_1104_1398,0.9247
2026_1397_1398,0.93536
2026_1246_1398,0.8797
2026_1208_1398,0.83562
2026_1387_1398,0.76746
2026_1365_1398,0.78084
2026_1275_1398,0.71774
2026_1374_1398,0.80636
2026_1103_1398,0.83024
2026_1220_1398,0.50476
2026_1224_1398,0.32634
2026_1112_1398,0.92402
2026_1345_1398,0.89544
2026_1211_1398,0.9245
2026_1116_1398,0.86566
2026_1140_1398,0.911
2026_1274_1398,0.5862
2026_1281_1398,0.81702
2026_1301_1398,0.63774
2026_1219_1398,0.81128
2026_1218_1398,0.52068
2026_1244_1398,0.62762
2026_1254_1398,0.47322
2026_1181_1224,0.99034
2026_1163_1224,0.95774
2026_1202_1224,0.81494
2026_1196_1224,0.98986
2026_1222_1224,0.99124
2026_1155_1224,0.96074
2026_1104_1224,0.9709
2026_1208_1224,0.92456
2026_1103_1224,0.92008
2026_1220_1224,0.6815
2026_1112_1224,0.97184
2026_1211_1224,0.97142
2026_1116_1224,0.94352
2026_1140_1224,0.96544
2026_1219_1224,0.91196
2026_1218_1224,0.69356
2026_1181_1420,0.98684
2026_1163_1420,0.9444
2026_1277_1420,0.97096
2026_1242_1420,0.9105
2026_1385_1420,0.9712
2026_1257_1420,0.9589
2026_1417_1420,0.92138
2026_1326_1420,0.87388
2026_1395_1420,0.80636
2026_1416_1420,0.81292
2026_1378_1420,0.68424
2026_1320_1420,0.84318
2026_1295_1420,0.73452
2026_1202_1420,0.77692
2026_1373_1420,0.56384
2026_1196_1420,0.9849
2026_1222_1420,0.98792
2026_1228_1420,0.95124
2026_1304_1420,0.85104
2026_1314_1420,0.92014
2026_1388_1420,0.95262
2026_1155_1420,0.9486
2026_1234_1420,0.87284
2026_1401_1420,0.91518
2026_1270_1420,0.89978
2026_1407_1420,0.81514
2026_1335_1420,0.56312
2026_1225_1420,0.59916
2026_1250_1420,0.41922
2026_1341_1420,0.24908
2026_1276_1420,0.96938
2026_1235_1420,0.94712
2026_1104_1420,0.96152
2026_1403_1420,0.94846
2026_1397_1420,0.96754
2026_1246_1420,0.93078
2026_1208_1420,0.90296
2026_1387_1420,0.85362
2026_1365_1420,0.8653
2026_1275_1420,0.81454
2026_1374_1420,0.8778
2026_1103_1420,0.89952
2026_1220_1420,0.63024
2026_1398_1420,0.62484
2026_1224_1420,0.44808
2026_1112_1420,0.9601
2026_1345_1420,0.94092
2026_1211_1420,0.96092
2026_1116_1420,0.92346
2026_1140_1420,0.95562
2026_1274_1420,0.70306
2026_1281_1420,0.88806
2026_1301_1420,0.74886
2026_1400_1420,0.88956
2026_1219_1420,0.88766
2026_1218_1420,0.64398
2026_1244_1420,0.74218
2026_1254_1420,0.5979
2026_1104_1112,0.50574
2026_1103_1112,0.31578
2026_1181_1345,0.7372
2026_1163_1345,0.50548
2026_1277_1345,0.63038
2026_1242_1345,0.41032
2026_1257_1345,0.5618
2026_1326_1345,0.33464
2026_1320_1345,0.28682
2026_1295_1345,0.17212
2026_1202_1345,0.20804
2026_1196_1345,0.72296
2026_1222_1345,0.7563
2026_1228_1345,0.54144
2026_1304_1345,0.2987
2026_1314_1345,0.43584
2026_1155_1345,0.52228
2026_1234_1345,0.33778
2026_1270_1345,0.3955
2026_1335_1345,0.08324
2026_1225_1345,0.09328
2026_1250_1345,0.03914
2026_1341_1345,0.01152
2026_1276_1345,0.62316
2026_1235_1345,0.52218
2026_1104_1345,0.57686
2026_1246_1345,0.4711
2026_1208_1345,0.39348
2026_1275_1345,0.24914
2026_1103_1345,0.38792
2026_1220_1345,0.10838
2026_1224_1345,0.04444
2026_1112_1345,0.57326
2026_1211_1345,0.57406
2026_1116_1345,0.44524
2026_1140_1345,0.54726
2026_1274_1345,0.15312
2026_1281_1345,0.36728
2026_1301_1345,0.18488
2026_1219_1345,0.36122
2026_1218_1345,0.11486
2026_1244_1345,0.18182
2026_1254_1345,0.09846
2026_1181_1211,0.6741
2026_1163_1211,0.42528
2026_1202_1211,0.16296
2026_1196_1211,0.65428
2026_1155_1211,0.4439
2026_1104_1211,0.50392
2026_1208_1211,0.3197
2026_1103_1211,0.3148
2026_1112_1211,0.49888
2026_1116_1211,0.36964
2026_1140_1211,0.4699
2026_1104_1116,0.62874
2026_1103_1116,0.43468
2026_1112_1116,0.62834
2026_1181_1458,0.73296
2026_1163_1458,0.48806
2026_1277_1458,0.6174
2026_1242_1458,0.40476
2026_1385_1458,0.6183
2026_1257_1458,0.55024
2026_1417_1458,0.43466
2026_1326_1458,0.3239
2026_1395_1458,0.2363
2026_1416_1458,0.24226
2026_1378_1458,0.1336
2026_1320_1458,0.2759
2026_1295_1458,0.16406
2026_1202_1458,0.20384
2026_1373_1458,0.07538
2026_1196_1458,0.71236
2026_1222_1458,0.7428
2026_1228_1458,0.52858
2026_1304_1458,0.28886
2026_1435_1458,0.39074
2026_1314_1458,0.42224
2026_1388_1458,0.53804
2026_1155_1458,0.508
2026_1234_1458,0.32294
2026_1401_1458,0.4109
2026_1433_1458,0.49812
2026_1270_1458,0.38304
2026_1407_1458,0.24232
2026_1335_1458,0.0767
2026_1225_1458,0.09058
2026_1250_1458,0.03742
2026_1341_1458,0.01162
2026_1276_1458,0.61432
2026_1235_1458,0.51014
2026_1438_1458,0.28992
2026_1104_1458,0.56548
2026_1403_1458,0.51462
2026_1397_1458,0.59662
2026_1246_1458,0.45758
2026_1208_1458,0.38616
2026_1387_1458,0.298
2026_1365_1458,0.30812
2026_1275_1458,0.24292
2026_1374_1458,0.33724
2026_1103_1458,0.3737
2026_1220_1458,0.10578
2026_1398_1458,0.10056
2026_1224_1458,0.04112
2026_1420_1458,0.05672
2026_1112_1458,0.5656
2026_1345_1458,0.48548
2026_1211_1458,0.5651
2026_1116_1458,0.44044
2026_1140_1458,0.53256
2026_1274_1458,0.14346
2026_1437_1458,0.32476
2026_1429_1458,0.4205
2026_1281_1458,0.3505
2026_1301_1458,0.17598
2026_1400_1458,0.357
2026_1219_1458,0.35212
2026_1218_1458,0.11148
2026_1244_1458,0.17366
2026_1254_1458,0.08904
2026_1104_1140,0.53646
2026_1103_1140,0.34354
2026_1112_1140,0.52624
2026_1116_1140,0.40232
2026_1181_1274,0.95212
2026_1163_1274,0.84944
2026_1242_1274,0.7879
2026_1257_1274,0.88046
2026_1202_1274,0.59164
2026_1196_1274,0.94816
2026_1222_1274,0.9582
2026_1228_1274,0.87212
2026_1155_1274,0.8612
2026_1234_1274,0.72662
2026_1270_1274,0.77348
2026_1225_1274,0.3853
2026_1250_1274,0.23306
2026_1235_1274,0.8616
2026_1104_1274,0.88784
2026_1246_1274,0.82926
2026_1208_1274,0.77566
2026_1103_1274,0.76652
2026_1220_1274,0.42372
2026_1224_1274,0.25314
2026_1112_1274,0.88934
2026_1211_1274,0.88632
2026_1116_1274,0.81638
2026_1140_1274,0.87262
2026_1219_1274,0.75088
2026_1218_1274,0.43382
2026_1244_1274,0.54684
2026_1254_1274,0.38596
2026_1181_1437,0.85888
2026_1163_1437,0.6663
2026_1277_1437,0.7765
2026_1242_1437,0.57924
2026_1385_1437,0.77672
2026_1257_1437,0.72086
2026_1417_1437,0.60946
2026_1326_1437,0.49902
2026_1395_1437,0.3981
2026_1416_1437,0.40422
2026_1378_1437,0.25676
2026_1320_1437,0.44556
2026_1295_1437,0.30218
2026_1202_1437,0.35396
2026_1373_1437,0.15992
2026_1196_1437,0.84686
2026_1222_1437,0.86896
2026_1228_1437,0.69812
2026_1304_1437,0.45826
2026_1435_1437,0.57046
2026_1314_1437,0.59898
2026_1388_1437,0.70854
2026_1155_1437,0.68562
2026_1234_1437,0.49772
2026_1401_1437,0.58926
2026_1433_1437,0.67194
2026_1270_1437,0.55546
2026_1407_1437,0.40156
2026_1335_1437,0.16488
2026_1225_1437,0.1876
2026_1250_1437,0.08936
2026_1341_1437,0.03444
2026_1276_1437,0.77194
2026_1235_1437,0.68612
2026_1104_1437,0.73526
2026_1403_1437,0.68724
2026_1397_1437,0.75982
2026_1246_1437,0.63692
2026_1208_1437,0.5604
2026_1387_1437,0.46102
2026_1365_1437,0.47746
2026_1275_1437,0.40038
2026_1374_1437,0.5146
2026_1103_1437,0.55522
2026_1220_1437,0.21116
2026_1398_1437,0.2075
2026_1224_1437,0.10124
2026_1420_1437,0.1272
2026_1224_1276,0
2026_1345_1437,0.66494
2026_1211_1437,0.72794
2026_1116_1437,0.61496
2026_1140_1437,0.70684
2026_1274_1437,0.2748
2026_1429_1437,0.60338
2026_1281_1437,0.5272
2026_1301_1437,0.31844
2026_1400_1437,0.53122
2026_1219_1437,0.52532
2026_1218_1437,0.21626
2026_1244_1437,0.31352
2026_1254_1437,0.18592
2026_1181_1429,0.79068
2026_1163_1429,0.57018
2026_1277_1429,0.69112
2026_1242_1429,0.47882
2026_1385_1429,0.6885
2026_1257_1429,0.61926
2026_1417_1429,0.5071
2026_1326_1429,0.39456
2026_1395_1429,0.30048
2026_1416_1429,0.30802
2026_1378_1429,0.17766
2026_1320_1429,0.34762
2026_1295_1429,0.21692
2026_1202_1429,0.26022
2026_1373_1429,0.10476
2026_1196_1429,0.77336
2026_1222_1429,0.80312
2026_1228_1429,0.60516
2026_1304_1429,0.35544
2026_1314_1429,0.49682
2026_1388_1429,0.61218
2026_1155_1429,0.58262
2026_1234_1429,0.39462
2026_1401_1429,0.48094
2026_1270_1429,0.44916
2026_1407_1429,0.3061
2026_1335_1429,0.10766
2026_1225_1429,0.1241
2026_1250_1429,0.05526
2026_1341_1429,0.01882
2026_1276_1429,0.67938
2026_1235_1429,0.58458
2026_1104_1429,0.6424
2026_1403_1429,0.58884
2026_1397_1429,0.6712
2026_1246_1429,0.532
2026_1208_1429,0.45488
2026_1387_1429,0.36232
2026_1365_1429,0.38084
2026_1275_1429,0.30536
2026_1374_1429,0.40636
2026_1103_1429,0.45026
2026_1220_1429,0.14134
2026_1398_1429,0.13848
2026_1224_1429,0.06148
2026_1420_1429,0.07996
2026_1235_1398,1
2026_1345_1429,0.56386
2026_1211_1429,0.6405
2026_1116_1429,0.51092
2026_1140_1429,0.61158
2026_1274_1429,0.1924
2026_1281_1429,0.42808
2026_1301_1429,0.232
2026_1400_1429,0.43002
2026_1219_1429,0.4256
2026_1218_1429,0.15
2026_1244_1429,0.22652
2026_1254_1429,0.12672
2026_1181_1281,0.83976
2026_1163_1281,0.6363
2026_1277_1281,0.75426
2026_1242_1281,0.55102
2026_1257_1281,0.69216
2026_1202_1281,0.32748
2026_1196_1281,0.82862
2026_1222_1281,0.85212
2026_1228_1281,0.67556
2026_1155_1281,0.65276
2026_1234_1281,0.46588
2026_1270_1281,0.52958
2026_1225_1281,0.16494
2026_1250_1281,0.0791
2026_1276_1281,0.7476
2026_1235_1281,0.6564
2026_1104_1281,0.7071
2026_1246_1281,0.60716
2026_1208_1281,0.53212
2026_1275_1281,0.3748
2026_1103_1281,0.52288
2026_1220_1281,0.18592
2026_1224_1281,0.08666
2026_1112_1281,0.7025
2026_1211_1281,0.7067
2026_1116_1281,0.59002
2026_1140_1281,0.67834
2026_1274_1281,0.24586
2026_1219_1281,0.4972
2026_1218_1281,0.1968
2026_1244_1281,0.28704
2026_1254_1281,0.16714
2026_1181_1301,0.93818
2026_1163_1301,0.82056
2026_1277_1301,0.89088
2026_1242_1301,0.75166
2026_1257_1301,0.85506
2026_1295_1301,0.4786
2026_1202_1301,0.53718
2026_1196_1301,0.93194
2026_1222_1301,0.94366
2026_1228_1301,0.84338
2026_1155_1301,0.82912
2026_1234_1301,0.68286
2026_1270_1301,0.72772
2026_1225_1301,0.33694
2026_1250_1301,0.19608
2026_1276_1301,0.88816
2026_1235_1301,0.8306
2026_1104_1301,0.86264
2026_1246_1301,0.79386
2026_1208_1301,0.73536
2026_1275_1301,0.58992
2026_1103_1301,0.72664
2026_1220_1301,0.3697
2026_1224_1301,0.20978
2026_1112_1301,0.85972
2026_1211_1301,0.8614
2026_1116_1301,0.77956
2026_1140_1301,0.84244
2026_1274_1301,0.45278
2026_1281_1301,0.7069
2026_1219_1301,0.7055
2026_1218_1301,0.37818
2026_1244_1301,0.49392
2026_1254_1301,0.33994
2026_1181_1400,0.83892
2026_1163_1400,0.63612
2026_1277_1400,0.74964
2026_1242_1400,0.5472
2026_1385_1400,0.75092
2026_1257_1400,0.69098
2026_1326_1400,0.4667
2026_1395_1400,0.36518
2026_1378_1400,0.22808
2026_1320_1400,0.41162
2026_1295_1400,0.27238
2026_1202_1400,0.32176
2026_1373_1400,0.14362
2026_1196_1400,0.82288
2026_1222_1400,0.85002
2026_1228_1400,0.6732
2026_1304_1400,0.42616
2026_1314_1400,0.56892
2026_1388_1400,0.67974
2026_1155_1400,0.64666
2026_1234_1400,0.46484
2026_1270_1400,0.52578
2026_1335_1400,0.14436
2026_1225_1400,0.1611
2026_1250_1400,0.0766
2026_1341_1400,0.02788
2026_1276_1400,0.74738
2026_1235_1400,0.65584
2026_1104_1400,0.7035
2026_1397_1400,0.73346
2026_1246_1400,0.6069
2026_1208_1400,0.5272
2026_1387_1400,0.43024
2026_1365_1400,0.44724
2026_1275_1400,0.36854
2026_1374_1400,0.47618
2026_1103_1400,0.51918
2026_1220_1400,0.18812
2026_1398_1400,0.18308
2026_1224_1400,0.08812
2026_1112_1400,0.70026
2026_1345_1400,0.63376
2026_1211_1400,0.70386
2026_1116_1400,0.58118
2026_1140_1400,0.67794
2026_1274_1400,0.24152
2026_1281_1400,0.49554
2026_1301_1400,0.28862
2026_1219_1400,0.49868
2026_1218_1400,0.19554
2026_1244_1400,0.28084
2026_1254_1400,0.16542
2026_1181_1219,0.83968
2026_1163_1219,0.64192
2026_1202_1219,0.32566
2026_1196_1219,0.83052
2026_1155_1219,0.66038
2026_1104_1219,0.70824
2026_1208_1219,0.5354
2026_1103_1219,0.52512
2026_1112_1219,0.70502
2026_1211_1219,0.7071
2026_1116_1219,0.58926
2026_1140_1219,0.68588
2026_1218_1219,0.19794
2026_1181_1218,0.96734
2026_1163_1218,0.88908
2026_1202_1218,0.65232
2026_1196_1218,0.96342
2026_1155_1218,0.89596
2026_1104_1218,0.91778
2026_1208_1218,0.82594
2026_1103_1218,0.82094
2026_1112_1218,0.91558
2026_1211_1218,0.91746
2026_1116_1218,0.85668
2026_1140_1218,0.90494
2026_1181_1244,0.94038
2026_1163_1244,0.8237
2026_1242_1244,0.75716
2026_1202_1244,0.54368
2026_1196_1244,0.93298
2026_1222_1244,0.94716
2026_1228_1244,0.84574
2026_1155_1244,0.83124
2026_1234_1244,0.68364
2026_1225_1244,0.3413
2026_1235_1244,0.83496
2026_1104_1244,0.86672
2026_1208_1244,0.73578
2026_1103_1244,0.73184
2026_1220_1244,0.37786
2026_1224_1244,0.21472
2026_1112_1244,0.86544
2026_1211_1244,0.86644
2026_1116_1244,0.78196
2026_1140_1244,0.848
2026_1219_1244,0.70794
2026_1218_1244,0.38456
2026_1181_1474,0.96828
2026_1163_1474,0.88104
2026_1277_1474,0.9352
2026_1242_1474,0.83036
2026_1385_1474,0.93314
2026_1257_1474,0.90956
2026_1417_1474,0.85076
2026_1326_1474,0.77464
2026_1395_1474,0.68982
2026_1416_1474,0.70216
2026_1378_1474,0.54
2026_1320_1474,0.72864
2026_1465_1474,0.58552
2026_1295_1474,0.59236
2026_1202_1474,0.6523
2026_1373_1474,0.41596
2026_1196_1474,0.9621
2026_1222_1474,0.96994
2026_1228_1474,0.90222
2026_1304_1474,0.74148
2026_1435_1474,0.82416
2026_1314_1474,0.8447
2026_1388_1474,0.90478
2026_1155_1474,0.89206
2026_1234_1474,0.77668
2026_1401_1474,0.83972
2026_1433_1474,0.88542
2026_1270_1474,0.81552
2026_1407_1474,0.6945
2026_1335_1474,0.41596
2026_1225_1474,0.45036
2026_1250_1474,0.28634
2026_1341_1474,0.14076
2026_1276_1474,0.93538
2026_1235_1474,0.89402
2026_1438_1474,0.74592
2026_1104_1474,0.91574
2026_1403_1474,0.89264
2026_1397_1474,0.93008
2026_1246_1474,0.86754
2026_1208_1474,0.8159
2026_1387_1474,0.75084
2026_1365_1474,0.76424
2026_1275_1474,0.69762
2026_1374_1474,0.78496
2026_1103_1474,0.81314
2026_1220_1474,0.48204
2026_1460_1474,0.4477
2026_1398_1474,0.47248
2026_1224_1474,0.30354
2026_1420_1474,0.3512
2026_1112_1474,0.91498
2026_1276_1387,1
2026_1211_1474,0.91568
2026_1116_1474,0.85416
2026_1458_1474,0.8874
2026_1140_1474,0.90224
2026_1274_1474,0.56228
2026_1437_1474,0.77576
2026_1429_1474,0.8475
2026_1281_1474,0.80144
2026_1301_1474,0.61242
2026_1400_1474,0.80134
2026_1219_1474,0.7951
2026_1218_1474,0.49062
2026_1244_1474,0.60826
2026_1254_1474,0.44894
2026_1181_1254,0.97536
2026_1163_1254,0.9076
2026_1242_1254,0.86174
2026_1202_1254,0.69786
2026_1196_1254,0.97132
2026_1222_1254,0.97656
2026_1228_1254,0.91972
2026_1155_1254,0.91434
2026_1234_1254,0.81266
2026_1225_1254,0.4928
2026_1250_1254,0.32372
2026_1235_1254,0.91452
2026_1104_1254,0.93344
2026_1246_1254,0.89218
2026_1208_1254,0.85026
2026_1103_1254,0.84544
2026_1220_1254,0.53132
2026_1224_1254,0.34862
2026_1345_1474,1
2026_1211_1254,0.93336
2026_1116_1254,0.8803
2026_1140_1254,0.92334
2026_1219_1254,0.8307
2026_1218_1254,0.5434
2026_1244_1254,0.65144
2026_3113_3234,0
2026_3155_3163,0.01736
2026_3113_3163,0.00792
2026_3161_3163,0.02072
2026_3104_3163,0.09008
2026_3124_3163,0.16146
2026_3158_3163,0.01986
2026_3155_3376,0
2026_3326_3435,0.58906
2026_3314_3435,0.53216
2026_3268_3435,0.55444
2026_3323_3435,0.60082
2026_3160_3163,0
2026_3235_3435,0.44454
2026_3393_3435,0.17848
2026_3160_3435,0
2026_3193_3435,0.37368
2026_3293_3435,0.30956
2026_3224_3435,0.10348
2026_3161_3376,0
2026_3427_3435,0.23498
2026_3376_3435,0.85816
2026_3234_3435,0.53512
2026_3395_3435,0.68428
2026_3328_3435,0.62048
2026_3277_3435,0.4441
2026_3208_3435,0.21276
2026_3155_3435,0.1397
2026_3425_3435,0.69482
2026_3113_3435,0.08844
2026_3355_3435,0.47386
2026_3161_3435,0.1565
2026_3225_3435,0.06888
2026_3192_3435,0.14882
2026_3359_3435,0.02136
2026_3380_3435,0.07348
2026_3400_3435,0.84228
2026_3276_3435,0.5864
2026_3257_3435,0.51642
2026_3246_3435,0.47438
2026_3104_3435,0.38802
2026_3301_3435,0.6142
2026_3332_3435,0.31692
2026_3397_3435,0.43286
2026_3348_3435,0.14754
2026_3241_3435,0.39384
2026_3275_3435,0.10776
2026_3221_3435,0.083
2026_3283_3435,0.16484
2026_3372_3435,0.22948
2026_3417_3435,0.86914
2026_3261_3435,0.70534
2026_3181_3435,0.69036
2026_3278_3435,0.30004
2026_3279_3435,0.48102
2026_3124_3435,0.52422
2026_3403_3435,0.20588
2026_3329_3435,0.48176
2026_3343_3435,0.33022
2026_3304_3435,0.41346
2026_3350_3435,0.42568
2026_3211_3435,0.26774
2026_3158_3435,0.15126
2026_3239_3435,0.04558
2026_3163_3193,1
2026_3314_3326,0.44734
2026_3268_3326,0.46516
2026_3323_3326,0.51394
2026_3228_3326,0.3028
2026_3235_3326,0.35772
2026_3160_3326,0.18766
2026_3193_3326,0.29266
2026_3293_3326,0.23568
2026_3224_3326,0.06852
2026_3219_3326,0.06382
2026_3234_3326,0.44872
2026_3277_3326,0.35868
2026_3208_3326,0.15382
2026_3155_3326,0.09836
2026_3113_3326,0.0568
2026_3161_3326,0.10826
2026_3225_3326,0.04432
2026_3192_3326,0.1039
2026_3276_3326,0.50008
2026_3257_3326,0.42982
2026_3246_3326,0.3824
2026_3104_3326,0.3021
2026_3301_3326,0.5309
2026_3241_3326,0.3107
2026_3275_3326,0.0744
2026_3221_3326,0.0525
2026_3283_3326,0.11462
2026_3261_3326,0.61874
2026_3181_3326,0.60474
2026_3278_3326,0.2278
2026_3279_3326,0.3934
2026_3124_3326,0.4332
2026_3304_3326,0.32782
2026_3211_3326,0.19842
2026_3158_3326,0.10804
2026_3239_3326,0.0264
2026_3163_3219,1
2026_3268_3314,0.52518
2026_3228_3314,0.35212
2026_3235_3314,0.41668
2026_3160_3314,0.23316
2026_3193_3314,0.34028
2026_3293_3314,0.2819
2026_3224_3314,0.08694
2026_3219_3314,0.0843
2026_3234_3314,0.50134
2026_3277_3314,0.41352
2026_3208_3314,0.19204
2026_3155_3314,0.12266
2026_3113_3314,0.07416
2026_3161_3314,0.13692
2026_3225_3314,0.05966
2026_3192_3314,0.12904
2026_3276_3314,0.55368
2026_3257_3314,0.48484
2026_3246_3314,0.44324
2026_3104_3314,0.35662
2026_3301_3314,0.58424
2026_3241_3314,0.36596
2026_3275_3314,0.09336
2026_3221_3314,0.06968
2026_3283_3314,0.14552
2026_3261_3314,0.6707
2026_3181_3314,0.65932
2026_3278_3314,0.27136
2026_3279_3314,0.44756
2026_3124_3314,0.48778
2026_3304_3314,0.37872
2026_3211_3314,0.24122
2026_3158_3314,0.13688
2026_3239_3314,0.03686
2026_3163_3224,1
2026_3228_3268,0.33408
2026_3235_3268,0.38948
2026_3160_3268,0.2101
2026_3193_3268,0.32354
2026_3224_3268,0.07994
2026_3219_3268,0.07316
2026_3234_3268,0.48348
2026_3208_3268,0.17182
2026_3155_3268,0.10906
2026_3113_3268,0.06828
2026_3161_3268,0.12286
2026_3225_3268,0.05514
2026_3192_3268,0.12084
2026_3257_3268,0.46592
2026_3246_3268,0.41588
2026_3104_3268,0.33014
2026_3241_3268,0.34348
2026_3221_3268,0.0627
2026_3261_3268,0.65408
2026_3181_3268,0.6362
2026_3124_3268,0.4686
2026_3211_3268,0.22086
2026_3158_3268,0.12312
2026_3239_3268,0.03274
2026_3163_3323,0.78746
2026_3314_3323,0.42978
2026_3268_3323,0.4517
2026_3228_3323,0.29014
2026_3235_3323,0.34378
2026_3160_3323,0.18054
2026_3193_3323,0.27886
2026_3293_3323,0.22408
2026_3224_3323,0.06338
2026_3219_3323,0.05936
2026_3234_3323,0.43154
2026_3277_3323,0.34492
2026_3208_3323,0.14644
2026_3155_3323,0.08974
2026_3113_3323,0.052
2026_3161_3323,0.10208
2026_3225_3323,0.04248
2026_3192_3323,0.0983
2026_3276_3323,0.48478
2026_3257_3323,0.41326
2026_3246_3323,0.37118
2026_3104_3323,0.29324
2026_3301_3323,0.51368
2026_3241_3323,0.2982
2026_3275_3323,0.069
2026_3221_3323,0.04938
2026_3283_3323,0.10898
2026_3261_3323,0.60644
2026_3181_3323,0.59638
2026_3278_3323,0.21694
2026_3279_3323,0.38302
2026_3124_3323,0.42522
2026_3304_3323,0.3201
2026_3211_3323,0.19294
2026_3158_3323,0.09776
2026_3239_3323,0.02316
2026_3163_3228,1
2026_3160_3228,0.35764
2026_3193_3228,0.48984
2026_3224_3228,0.1617
2026_3219_3228,0.151
2026_3208_3228,0.30332
2026_3155_3228,0.21598
2026_3113_3228,0.14268
2026_3161_3228,0.23368
2026_3225_3228,0.12026
2026_3192_3228,0.22952
2026_3104_3228,0.50126
2026_3221_3228,0.13494
2026_3181_3228,0.78576
2026_3124_3228,0.6339
2026_3211_3228,0.37234
2026_3158_3228,0.23548
2026_3163_3235,1
2026_3228_3235,0.4363
2026_3160_3235,0.30342
2026_3193_3235,0.42964
2026_3224_3235,0.13208
2026_3219_3235,0.12256
2026_3234_3235,0.5941
2026_3208_3235,0.25234
2026_3155_3235,0.17332
2026_3113_3235,0.11224
2026_3161_3235,0.19416
2026_3225_3235,0.09198
2026_3192_3235,0.18426
2026_3104_3235,0.43784
2026_3221_3235,0.10426
2026_3181_3235,0.73624
2026_3124_3235,0.5747
2026_3211_3235,0.31176
2026_3158_3235,0.1903
2026_3163_3268,1
2026_3326_3393,0.87056
2026_3314_3393,0.84412
2026_3268_3393,0.85518
2026_3323_3393,0.88158
2026_3228_3393,0.73636
2026_3235_3393,0.78168
2026_3160_3393,0.6025
2026_3193_3393,0.72244
2026_3293_3393,0.65932
2026_3224_3393,0.3599
2026_3219_3393,0.34904
2026_3376_3393,0.977
2026_3234_3393,0.84232
2026_3328_3393,0.888
2026_3277_3393,0.7765
2026_3208_3393,0.54576
2026_3155_3393,0.43356
2026_3113_3393,0.32914
2026_3355_3393,0.8027
2026_3161_3393,0.46384
2026_3225_3393,0.28894
2026_3192_3393,0.45394
2026_3359_3393,0.1368
2026_3380_3393,0.29228
2026_3276_3393,0.87192
2026_3257_3393,0.83208
2026_3246_3393,0.80212
2026_3104_3393,0.73364
2026_3301_3393,0.88828
2026_3332_3393,0.67004
2026_3348_3393,0.44692
2026_3241_3393,0.73938
2026_3275_3393,0.37938
2026_3221_3393,0.31748
2026_3283_3393,0.47392
2026_3372_3393,0.57654
2026_3261_3393,0.92466
2026_3181_3393,0.9186
2026_3278_3393,0.65528
2026_3279_3393,0.80584
2026_3124_3393,0.83438
2026_3329_3393,0.80486
2026_3343_3393,0.6828
2026_3304_3393,0.75536
2026_3350_3393,0.75992
2026_3211_3393,0.61402
2026_3158_3393,0.45786
2026_3239_3393,0.2123
2026_3155_3160,0.3339
2026_3113_3160,0.24076
2026_3104_3160,0.64808
2026_3124_3160,0.76148
2026_3158_3160,0.3599
2026_3163_3293,1
2026_3160_3193,0.37518
2026_3155_3193,0.22474
2026_3113_3193,0.1522
2026_3161_3193,0.24466
2026_3192_3193,0.23768
2026_3104_3193,0.51546
2026_3181_3193,0.79028
2026_3124_3193,0.64694
2026_3158_3193,0.2404
2026_3163_3314,1
2026_3268_3293,0.73872
2026_3228_3293,0.58152
2026_3235_3293,0.63736
2026_3160_3293,0.43918
2026_3193_3293,0.57294
2026_3224_3293,0.2193
2026_3219_3293,0.20676
2026_3234_3293,0.72034
2026_3277_3293,0.63872
2026_3208_3293,0.37884
2026_3155_3293,0.27518
2026_3113_3293,0.19474
2026_3161_3293,0.3025
2026_3225_3293,0.16472
2026_3192_3293,0.29626
2026_3276_3293,0.76244
2026_3257_3293,0.70274
2026_3246_3293,0.66504
2026_3104_3293,0.5825
2026_3241_3293,0.59088
2026_3275_3293,0.23324
2026_3221_3293,0.18512
2026_3283_3293,0.31634
2026_3261_3293,0.84834
2026_3181_3293,0.83858
2026_3278_3293,0.4937
2026_3279_3293,0.67292
2026_3124_3293,0.714
2026_3211_3293,0.45006
2026_3158_3293,0.30238
2026_3239_3293,0.11242
2026_3163_3326,1
2026_3435_3442,0.94526
2026_3326_3442,0.9646
2026_3314_3442,0.95372
2026_3268_3442,0.96038
2026_3323_3442,0.96864
2026_3228_3442,0.9034
2026_3235_3442,0.92884
2026_3393_3442,0.7553
2026_3160_3442,0.8289
2026_3193_3442,0.89834
2026_3293_3442,0.86694
2026_3224_3442,0.62984
2026_3219_3442,0.61986
2026_3427_3442,0.81138
2026_3376_3442,0.9962
2026_3234_3442,0.9535
2026_3395_3442,0.9813
2026_3328_3442,0.9704
2026_3277_3442,0.92728
2026_3208_3442,0.78996
2026_3155_3442,0.7014
2026_3425_3442,0.98222
2026_3113_3442,0.60076
2026_3438_3442,0.83732
2026_3355_3442,0.93786
2026_3161_3442,0.72422
2026_3225_3442,0.5532
2026_3192_3442,0.71438
2026_3359_3442,0.34538
2026_3380_3442,0.55424
2026_3400_3442,0.99528
2026_3276_3442,0.96672
2026_3257_3442,0.95048
2026_3246_3442,0.94032
2026_3104_3442,0.90436
2026_3301_3442,0.9707
2026_3332_3442,0.87016
2026_3439_3442,0.82148
2026_3397_3442,0.92428
2026_3348_3442,0.70982
2026_3241_3442,0.90652
2026_3275_3442,0.64962
2026_3436_3442,0.7473
2026_3221_3442,0.5783
2026_3283_3442,0.73284
2026_3372_3442,0.81146
2026_3417_3442,0.99694
2026_3261_3442,0.9839
2026_3181_3442,0.98264
2026_3278_3442,0.85984
2026_3279_3442,0.94036
2026_3124_3442,0.95224
2026_3403_3442,0.7864
2026_3329_3442,0.9394
2026_3343_3442,0.87574
2026_3437_3442,0.8768
2026_3304_3442,0.91716
2026_3350_3442,0.92016
2026_3211_3442,0.83726
2026_3158_3442,0.71882
2026_3239_3442,0.45932
2026_3163_3332,1
2026_3160_3224,0.73064
2026_3193_3224,0.82906
2026_3219_3224,0.48828
2026_3208_3224,0.68082
2026_3155_3224,0.5758
2026_3113_3224,0.46558
2026_3161_3224,0.60418
2026_3192_3224,0.58994
2026_3104_3224,0.84046
2026_3221_3224,0.4519
2026_3181_3224,0.96068
2026_3124_3224,0.91034
2026_3211_3224,0.74568
2026_3158_3224,0.60254
2026_3163_3393,1
2026_3160_3219,0.74512
2026_3193_3219,0.83432
2026_3208_3219,0.69376
2026_3155_3219,0.59078
2026_3113_3219,0.4782
2026_3161_3219,0.61454
2026_3192_3219,0.60768
2026_3104_3219,0.84452
2026_3181_3219,0.96322
2026_3124_3219,0.91404
2026_3211_3219,0.7537
2026_3158_3219,0.61164
2026_3163_3427,1
2026_3326_3427,0.82798
2026_3314_3427,0.78952
2026_3268_3427,0.80824
2026_3323_3427,0.8388
2026_3228_3427,0.66664
2026_3235_3427,0.72404
2026_3393_3427,0.42124
2026_3160_3427,0.5288
2026_3193_3427,0.65718
2026_3293_3427,0.58618
2026_3224_3427,0.29262
2026_3219_3427,0.28126
2026_3376_3427,0.96444
2026_3234_3427,0.79062
2026_3395_3427,0.88512
2026_3328_3427,0.84816
2026_3277_3427,0.7189
2026_3208_3427,0.469
2026_3155_3427,0.3582
2026_3425_3427,0.89222
2026_3113_3427,0.26764
2026_3355_3427,0.74556
2026_3161_3427,0.3899
2026_3225_3427,0.22702
2026_3192_3427,0.37498
2026_3359_3427,0.09954
2026_3380_3427,0.22988
2026_3400_3427,0.95934
2026_3276_3427,0.82982
2026_3257_3427,0.77882
2026_3246_3427,0.7436
2026_3104_3427,0.66764
2026_3301_3427,0.84732
2026_3332_3427,0.6011
2026_3397_3427,0.70872
2026_3348_3427,0.37548
2026_3241_3427,0.67708
2026_3275_3427,0.30818
2026_3221_3427,0.24968
2026_3283_3427,0.3985
2026_3372_3427,0.49888
2026_3417_3427,0.96794
2026_3261_3427,0.89634
2026_3181_3427,0.88872
2026_3278_3427,0.57936
2026_3279_3427,0.74966
2026_3124_3427,0.78222
2026_3403_3427,0.46428
2026_3329_3427,0.74776
2026_3343_3427,0.61052
2026_3304_3427,0.69388
2026_3350_3427,0.69886
2026_3211_3427,0.54044
2026_3158_3427,0.38926
2026_3239_3427,0.16426
2026_3163_3376,0.49108
2026_3326_3376,0.19948
2026_3314_3376,0.16056
2026_3268_3376,0.17748
2026_3323_3376,0.2078
2026_3228_3376,0.08674
2026_3235_3376,0.11628
2026_3160_3376,0.04278
2026_3193_3376,0.08228
2026_3293_3376,0.06012
2026_3224_3376,0.0098
2026_3219_3376,0.00962
2026_3234_3376,0.16524
2026_3163_3435,1
2026_3163_3442,1
2026_3208_3376,0.03184
2026_3192_3234,0
2026_3113_3376,0.00746
2026_3355_3376,0.1291
2026_3208_3234,0
2026_3211_3417,0
2026_3192_3376,0.01794
2026_3219_3435,0
2026_3276_3376,0.19888
2026_3257_3376,0.15252
2026_3246_3376,0.1256
2026_3104_3376,0.0853
2026_3301_3376,0.22012
2026_3332_3376,0.06166
2026_3348_3376,0.01728
2026_3241_3376,0.0888
2026_3275_3376,0.01162
2026_3221_3376,0.00708
2026_3283_3376,0.02066
2026_3372_3376,0.0356
2026_3261_3376,0.29734
2026_3181_3376,0.2821
2026_3278_3376,0.05582
2026_3279_3376,0.13354
2026_3124_3376,0.1566
2026_3329_3376,0.12938
2026_3343_3376,0.06636
2026_3221_3276,0
2026_3225_3376,0
2026_3211_3376,0.04634
2026_3158_3376,0.01952
2026_3239_3376,0.00292
2026_3163_3234,0.83182
2026_3228_3234,0.3548
2026_3160_3234,0.22652
2026_3193_3234,0.33682
2026_3224_3234,0.08656
2026_3219_3234,0.07862
2026_3228_3435,0
2026_3155_3234,0.11956
2026_3234_3438,1
2026_3161_3234,0.13526
2026_3225_3234,0.0585
2026_3239_3261,0
2026_3104_3234,0.34764
2026_3221_3234,0.06824
2026_3181_3234,0.65988
2026_3124_3234,0.48372
2026_3211_3234,0.24
2026_3158_3234,0.13506
2026_3163_3395,0.7146
2026_3326_3395,0.40032
2026_3314_3395,0.3448
2026_3268_3395,0.3694
2026_3323_3395,0.41456
2026_3228_3395,0.22052
2026_3235_3395,0.26804
2026_3393_3395,0.08086
2026_3160_3395,0.12936
2026_3193_3395,0.21096
2026_3293_3395,0.16414
2026_3224_3395,0.04072
2026_3219_3395,0.03718
2026_3376_3395,0.71956
2026_3234_3395,0.35026
2026_3328_3395,0.4296
2026_3277_3395,0.268
2026_3208_3395,0.1005
2026_3155_3395,0.05964
2026_3113_3395,0.03374
2026_3355_3395,0.2927
2026_3161_3395,0.06904
2026_3225_3395,0.0252
2026_3192_3395,0.06478
2026_3359_3395,0.00644
2026_3380_3395,0.02646
2026_3276_3395,0.39776
2026_3257_3395,0.33002
2026_3246_3395,0.29172
2026_3104_3395,0.21908
2026_3301_3395,0.42376
2026_3332_3395,0.17024
2026_3348_3395,0.06426
2026_3241_3395,0.22706
2026_3275_3395,0.0443
2026_3221_3395,0.03078
2026_3283_3395,0.07222
2026_3372_3395,0.11258
2026_3261_3395,0.52238
2026_3181_3395,0.5045
2026_3278_3395,0.15742
2026_3279_3395,0.29784
2026_3124_3395,0.3352
2026_3329_3395,0.29616
2026_3343_3395,0.18064
2026_3304_3395,0.24456
2026_3350_3395,0.24946
2026_3211_3395,0.13474
2026_3158_3395,0.06652
2026_3239_3395,0.014
2026_3163_3328,0.77448
2026_3326_3328,0.46644
2026_3314_3328,0.41722
2026_3268_3328,0.43476
2026_3323_3328,0.48392
2026_3228_3328,0.27642
2026_3235_3328,0.33182
2026_3160_3328,0.1688
2026_3193_3328,0.2646
2026_3293_3328,0.21104
2026_3224_3328,0.05792
2026_3219_3328,0.05372
2026_3234_3328,0.418
2026_3277_3328,0.3315
2026_3208_3328,0.1378
2026_3155_3328,0.0832
2026_3113_3328,0.04924
2026_3161_3328,0.09658
2026_3225_3328,0.03836
2026_3192_3328,0.09228
2026_3276_3328,0.46618
2026_3257_3328,0.3996
2026_3246_3328,0.35878
2026_3104_3328,0.2796
2026_3301_3328,0.49962
2026_3241_3328,0.28576
2026_3275_3328,0.06472
2026_3221_3328,0.04452
2026_3283_3328,0.10246
2026_3261_3328,0.5927
2026_3181_3328,0.5798
2026_3278_3328,0.2073
2026_3279_3328,0.35932
2026_3124_3328,0.40382
2026_3304_3328,0.30182
2026_3211_3328,0.17966
2026_3158_3328,0.0962
2026_3239_3328,0.0218
2026_3163_3277,0.88178
2026_3268_3277,0.60838
2026_3228_3277,0.43582
2026_3235_3277,0.49652
2026_3160_3277,0.3009
2026_3193_3277,0.42474
2026_3224_3277,0.12808
2026_3219_3277,0.12166
2026_3234_3277,0.58994
2026_3208_3277,0.25806
2026_3155_3277,0.17178
2026_3113_3277,0.11156
2026_3161_3277,0.19014
2026_3225_3277,0.09132
2026_3192_3277,0.18802
2026_3276_3277,0.63952
2026_3257_3277,0.56976
2026_3246_3277,0.52734
2026_3104_3277,0.44314
2026_3241_3277,0.44648
2026_3275_3277,0.13508
2026_3221_3277,0.10444
2026_3261_3277,0.75328
2026_3181_3277,0.73488
2026_3124_3277,0.57646
2026_3211_3277,0.31384
2026_3158_3277,0.1882
2026_3239_3277,0.05938
2026_3163_3449,0.91864
2026_3435_3449,0.62788
2026_3326_3449,0.7125
2026_3314_3449,0.65844
2026_3268_3449,0.683
2026_3323_3449,0.72162
2026_3228_3449,0.51248
2026_3235_3449,0.58004
2026_3393_3449,0.27804
2026_3160_3449,0.3704
2026_3193_3449,0.50332
2026_3293_3449,0.43322
2026_3442_3449,0.10072
2026_3224_3449,0.17288
2026_3219_3449,0.16602
2026_3427_3449,0.34364
2026_3376_3449,0.92058
2026_3234_3449,0.66484
2026_3395_3449,0.79236
2026_3328_3449,0.73238
2026_3277_3449,0.57642
2026_3208_3449,0.32008
2026_3155_3449,0.22434
2026_3425_3449,0.80136
2026_3113_3449,0.15272
2026_3438_3449,0.3852
2026_3355_3449,0.6052
2026_3161_3449,0.25062
2026_3225_3449,0.12566
2026_3192_3449,0.23832
2026_3359_3449,0.04592
2026_3380_3449,0.1293
2026_3400_3449,0.91026
2026_3276_3449,0.70668
2026_3257_3449,0.64664
2026_3246_3449,0.6018
2026_3104_3449,0.5169
2026_3301_3449,0.73662
2026_3332_3449,0.44012
2026_3439_3449,0.36046
2026_3397_3449,0.56212
2026_3348_3449,0.23836
2026_3241_3449,0.52238
2026_3275_3449,0.18192
2026_3436_3449,0.26632
2026_3221_3449,0.14312
2026_3283_3449,0.2586
2026_3372_3449,0.34368
2026_3417_3449,0.92608
2026_3261_3449,0.8069
2026_3181_3449,0.79592
2026_3278_3449,0.42434
2026_3279_3449,0.61168
2026_3124_3449,0.64888
2026_3403_3449,0.31362
2026_3329_3449,0.60794
2026_3343_3449,0.45826
2026_3437_3449,0.45258
2026_3304_3449,0.53834
2026_3350_3449,0.55026
2026_3211_3449,0.3877
2026_3158_3449,0.24786
2026_3239_3449,0.08258
2026_3163_3208,0.96844
2026_3160_3208,0.56036
2026_3193_3208,0.68448
2026_3155_3208,0.3885
2026_3113_3208,0.28996
2026_3161_3208,0.419
2026_3192_3208,0.40754
2026_3104_3208,0.69264
2026_3181_3208,0.90384
2026_3124_3208,0.80306
2026_3158_3208,0.41602
2026_3113_3155,0.39194
2026_3104_3155,0.78666
2026_3124_3155,0.87472
2026_3163_3425,0.7069
2026_3326_3425,0.3881
2026_3314_3425,0.33608
2026_3268_3425,0.35572
2026_3323_3425,0.40298
2026_3228_3425,0.2087
2026_3235_3425,0.25674
2026_3393_3425,0.07602
2026_3160_3425,0.12016
2026_3193_3425,0.20218
2026_3293_3425,0.1575
2026_3224_3425,0.03932
2026_3219_3425,0.03324
2026_3241_3400,0
2026_3234_3425,0.33622
2026_3395_3425,0.48986
2026_3328_3425,0.41598
2026_3277_3425,0.25938
2026_3208_3425,0.09578
2026_3155_3425,0.05628
2026_3113_3425,0.03258
2026_3355_3425,0.28292
2026_3161_3425,0.0649
2026_3225_3425,0.02338
2026_3192_3425,0.06336
2026_3359_3425,0.0058
2026_3380_3425,0.02536
2026_3400_3425,0.69204
2026_3276_3425,0.3852
2026_3257_3425,0.32248
2026_3246_3425,0.27946
2026_3104_3425,0.21346
2026_3301_3425,0.4167
2026_3332_3425,0.16314
2026_3397_3425,0.24804
2026_3348_3425,0.05896
2026_3241_3425,0.22172
2026_3275_3425,0.04194
2026_3221_3425,0.03012
2026_3283_3425,0.0682
2026_3372_3425,0.10902
2026_3417_3425,0.72678
2026_3261_3425,0.5105
2026_3181_3425,0.49162
2026_3278_3425,0.15504
2026_3279_3425,0.28424
2026_3124_3425,0.32746
2026_3403_3425,0.0922
2026_3329_3425,0.2905
2026_3343_3425,0.1724
2026_3304_3425,0.23074
2026_3350_3425,0.23988
2026_3211_3425,0.12866
2026_3158_3425,0.06636
2026_3239_3425,0.01246
2026_3104_3113,0.8553
2026_3163_3438,0.9534
2026_3435_3438,0.73172
2026_3326_3438,0.7997
2026_3314_3438,0.7561
2026_3268_3438,0.77892
2026_3323_3438,0.80828
2026_3228_3438,0.62886
2026_3235_3438,0.6869
2026_3393_3438,0.38212
2026_3160_3438,0.48766
2026_3193_3438,0.61522
2026_3293_3438,0.54864
2026_3224_3438,0.25592
2026_3219_3438,0.2442
2026_3427_3438,0.45758
2026_3376_3438,0.95426
2026_3246_3400,0
2026_3395_3438,0.86298
2026_3328_3438,0.81952
2026_3277_3438,0.68416
2026_3208_3438,0.42504
2026_3155_3438,0.32238
2026_3425_3438,0.8717
2026_3113_3438,0.23064
2026_3355_3438,0.7124
2026_3161_3438,0.34966
2026_3225_3438,0.19882
2026_3192_3438,0.339
2026_3359_3438,0.08474
2026_3380_3438,0.20214
2026_3400_3438,0.94682
2026_3276_3438,0.79938
2026_3257_3438,0.74944
2026_3246_3438,0.70896
2026_3104_3438,0.63268
2026_3301_3438,0.82078
2026_3332_3438,0.55628
2026_3397_3438,0.67206
2026_3348_3438,0.3367
2026_3241_3438,0.63854
2026_3275_3438,0.27516
2026_3436_3438,0.3731
2026_3221_3438,0.22112
2026_3283_3438,0.36016
2026_3372_3438,0.45834
2026_3417_3438,0.95902
2026_3261_3438,0.87614
2026_3181_3438,0.8675
2026_3278_3438,0.5437
2026_3279_3438,0.7159
2026_3124_3438,0.7554
2026_3403_3438,0.422
2026_3329_3438,0.7169
2026_3343_3438,0.57344
2026_3437_3438,0.57078
2026_3304_3438,0.654
2026_3350_3438,0.66372
2026_3211_3438,0.4996
2026_3158_3438,0.3471
2026_3239_3438,0.13866
2026_3163_3355,0.86616
2026_3326_3355,0.6145
2026_3314_3355,0.55648
2026_3268_3355,0.57896
2026_3323_3355,0.62974
2026_3228_3355,0.41072
2026_3235_3355,0.47034
2026_3160_3355,0.27702
2026_3193_3355,0.39782
2026_3293_3355,0.32954
2026_3224_3355,0.11136
2026_3219_3355,0.10928
2026_3234_3355,0.5624
2026_3328_3355,0.64264
2026_3277_3355,0.46944
2026_3208_3355,0.22932
2026_3155_3355,0.15546
2026_3113_3355,0.09542
2026_3161_3355,0.16808
2026_3225_3355,0.0773
2026_3192_3355,0.16682
2026_3276_3355,0.61442
2026_3257_3355,0.545
2026_3246_3355,0.49704
2026_3104_3355,0.41042
2026_3301_3355,0.63702
2026_3332_3355,0.33798
2026_3348_3355,0.16396
2026_3241_3355,0.41876
2026_3275_3355,0.12478
2026_3221_3355,0.09116
2026_3283_3355,0.1821
2026_3261_3355,0.7245
2026_3181_3355,0.71056
2026_3278_3355,0.32442
2026_3279_3355,0.5075
2026_3124_3355,0.5471
2026_3329_3355,0.5044
2026_3343_3355,0.35586
2026_3304_3355,0.43568
2026_3350_3355,0.44526
2026_3211_3355,0.28662
2026_3158_3355,0.17272
2026_3239_3355,0.04778
2026_3160_3161,0.63962
2026_3155_3161,0.46484
2026_3113_3161,0.36668
2026_3104_3161,0.76222
2026_3124_3161,0.85506
2026_3158_3161,0.4964
2026_3163_3225,0.99472
2026_3160_3225,0.79212
2026_3193_3225,0.87412
2026_3224_3225,0.57548
2026_3219_3225,0.56318
2026_3208_3225,0.75206
2026_3155_3225,0.65256
2026_3113_3225,0.54894
2026_3161_3225,0.67934
2026_3192_3225,0.66762
2026_3104_3225,0.88252
2026_3221_3225,0.52834
2026_3181_3225,0.97514
2026_3124_3225,0.93764
2026_3211_3225,0.8026
2026_3158_3225,0.67626
2026_3163_3471,0.9835
2026_3435_3471,0.86578
2026_3326_3471,0.90462
2026_3314_3471,0.87926
2026_3268_3471,0.89554
2026_3323_3471,0.91184
2026_3228_3471,0.78996
2026_3235_3471,0.83372
2026_3393_3471,0.5721
2026_3160_3471,0.66976
2026_3193_3471,0.78214
2026_3293_3471,0.7268
2026_3442_3471,0.30368
2026_3224_3471,0.42958
2026_3219_3471,0.4226
2026_3427_3471,0.64198
2026_3376_3471,0.98484
2026_3234_3471,0.882
2026_3395_3471,0.9437
2026_3328_3471,0.91794
2026_3277_3471,0.8293
2026_3449_3471,0.7771
2026_3208_3471,0.61844
2026_3155_3471,0.50524
2026_3425_3471,0.94748
2026_3113_3471,0.3953
2026_3438_3471,0.68156
2026_3355_3471,0.8471
2026_3161_3471,0.53316
2026_3225_3471,0.35512
2026_3192_3471,0.52112
2026_3359_3471,0.18066
2026_3380_3471,0.35874
2026_3400_3471,0.98274
2026_3276_3471,0.90842
2026_3257_3471,0.87378
2026_3452_3471,0.87722
2026_3246_3471,0.8489
2026_3104_3471,0.79338
2026_3301_3471,0.91784
2026_3332_3471,0.7363
2026_3439_3471,0.65476
2026_3397_3471,0.82358
2026_3348_3471,0.52342
2026_3241_3471,0.79546
2026_3275_3471,0.44782
2026_3436_3471,0.55936
2026_3221_3471,0.38638
2026_3283_3471,0.54958
2026_3372_3471,0.64026
2026_3417_3471,0.98694
2026_3261_3471,0.94758
2026_3181_3471,0.94518
2026_3278_3471,0.7175
2026_3279_3471,0.85056
2026_3124_3471,0.87488
2026_3403_3471,0.61162
2026_3329_3471,0.8517
2026_3343_3471,0.74336
2026_3437_3471,0.74202
2026_3304_3471,0.80886
2026_3350_3471,0.81356
2026_3211_3471,0.68036
2026_3453_3471,0.73552
2026_3158_3471,0.5257
2026_3239_3471,0.27062
2026_3465_3471,0.31368
2026_3163_3192,0.98168
2026_3160_3192,0.64846
2026_3155_3192,0.4781
2026_3113_3192,0.37532
2026_3161_3192,0.51192
2026_3104_3192,0.77486
2026_3181_3192,0.93924
2026_3124_3192,0.8634
2026_3158_3192,0.50686
2026_3163_3359,0.99876
2026_3326_3359,0.98714
2026_3314_3359,0.982
2026_3268_3359,0.9831
2026_3323_3359,0.989
2026_3228_3359,0.95744
2026_3235_3359,0.96966
2026_3160_3359,0.91312
2026_3193_3359,0.95576
2026_3293_3359,0.93336
2026_3224_3359,0.76916
2026_3219_3359,0.7559
2026_3234_3359,0.9821
2026_3328_3359,0.98926
2026_3277_3359,0.9697
2026_3208_3359,0.88886
2026_3155_3359,0.82202
2026_3113_3359,0.74458
2026_3355_3359,0.97402
2026_3161_3359,0.8417
2026_3225_3359,0.70258
2026_3192_3359,0.83348
2026_3276_3359,0.98714
2026_3257_3359,0.98098
2026_3246_3359,0.97438
2026_3104_3359,0.95824
2026_3301_3359,0.9894
2026_3332_3359,0.94054
2026_3348_3359,0.83256
2026_3241_3359,0.95782
2026_3275_3359,0.78416
2026_3221_3359,0.73082
2026_3283_3359,0.84794
2026_3261_3359,0.99466
2026_3181_3359,0.9939
2026_3278_3359,0.93244
2026_3279_3359,0.97452
2026_3124_3359,0.97994
2026_3329_3359,0.97472
2026_3343_3359,0.94154
2026_3304_3359,0.96444
2026_3350_3359,0.96464
2026_3211_3359,0.91654
2026_3158_3359,0.83902
2026_3239_3359,0.61746
2026_3163_3380,0.99412
2026_3326_3380,0.95374
2026_3314_3380,0.93982
2026_3268_3380,0.94708
2026_3323_3380,0.95782
2026_3228_3380,0.8797
2026_3235_3380,0.90952
2026_3160_3380,0.7919
2026_3193_3380,0.87154
2026_3293_3380,0.83182
2026_3224_3380,0.5719
2026_3219_3380,0.55964
2026_3261_3403,1
2026_3234_3380,0.9383
2026_3328_3380,0.9624
2026_3277_3380,0.90648
2026_3208_3380,0.74772
2026_3155_3380,0.64748
2026_3113_3380,0.54442
2026_3355_3380,0.9177
2026_3161_3380,0.67808
2026_3225_3380,0.49814
2026_3192_3380,0.6628
2026_3359_3380,0.29052
2026_3276_3380,0.9544
2026_3257_3380,0.93212
2026_3246_3380,0.91922
2026_3104_3380,0.8804
2026_3301_3380,0.96042
2026_3332_3380,0.83942
2026_3348_3380,0.66222
2026_3241_3380,0.88326
2026_3275_3380,0.59238
2026_3221_3380,0.525
2026_3283_3380,0.68666
2026_3372_3380,0.76932
2026_3261_3380,0.9774
2026_3181_3380,0.9749
2026_3278_3380,0.82892
2026_3279_3380,0.91904
2026_3124_3380,0.9366
2026_3329_3380,0.92202
2026_3343_3380,0.84602
2026_3304_3380,0.89278
2026_3350_3380,0.89642
2026_3211_3380,0.80188
2026_3158_3380,0.67386
2026_3239_3380,0.3978
2026_3163_3400,0.5214
2026_3326_3400,0.21826
2026_3314_3400,0.17666
2026_3268_3400,0.1962
2026_3323_3400,0.22904
2026_3228_3400,0.09606
2026_3235_3400,0.12978
2026_3393_3400,0.02616
2026_3160_3400,0.04814
2026_3193_3400,0.09108
2026_3293_3400,0.06616
2026_3224_3400,0.01158
2026_3219_3400,0.00948
2026_3376_3400,0.52626
2026_3234_3400,0.17894
2026_3395_3400,0.2966
2026_3328_3400,0.24184
2026_3277_3400,0.12436
2026_3208_3400,0.03648
2026_3155_3400,0.01814
2026_3113_3400,0.00944
2026_3355_3400,0.14496
2026_3161_3400,0.02236
2026_3225_3400,0.00658
2026_3192_3400,0.0202
2026_3359_3400,0.00118
2026_3380_3400,0.00744
2026_3276_3400,0.21412
2026_3257_3400,0.16952
2026_3261_3437,1
2026_3104_3400,0.09732
2026_3301_3400,0.23808
2026_3275_3400,0
2026_3397_3400,0.12012
2026_3348_3400,0.01902
2026_3276_3301,1
2026_3276_3397,1
2026_3221_3400,0.00832
2026_3277_3376,0
2026_3278_3417,0
2026_3261_3400,0.31928
2026_3181_3400,0.3045
2026_3278_3400,0.06318
2026_3279_3400,0.14428
2026_3124_3400,0.17506
2026_3329_3400,0.143
2026_3343_3400,0.07428
2026_3304_3400,0.10812
2026_3350_3400,0.11456
2026_3211_3400,0.05208
2026_3158_3400,0.02222
2026_3239_3400,0.00346
2026_3163_3276,0.8005
2026_3268_3276,0.4698
2026_3228_3276,0.30544
2026_3235_3276,0.35472
2026_3160_3276,0.19042
2026_3193_3276,0.29184
2026_3224_3276,0.06682
2026_3219_3276,0.06304
2026_3234_3276,0.45298
2026_3208_3276,0.15352
2026_3155_3276,0.09654
2026_3113_3276,0.05734
2026_3161_3276,0.10774
2026_3225_3276,0.04488
2026_3192_3276,0.1039
2026_3257_3276,0.42998
2026_3246_3276,0.38424
2026_3104_3276,0.30324
2026_3241_3276,0.31616
2026_3275_3276,0.07494
2026_3279_3417,0
2026_3261_3276,0.6218
2026_3181_3276,0.60548
2026_3124_3276,0.43994
2026_3211_3276,0.20088
2026_3158_3276,0.10716
2026_3239_3276,0.0262
2026_3163_3257,0.84362
2026_3228_3257,0.36512
2026_3235_3257,0.42532
2026_3160_3257,0.2405
2026_3193_3257,0.3557
2026_3224_3257,0.09224
2026_3219_3257,0.08716
2026_3234_3257,0.51552
2026_3208_3257,0.19826
2026_3155_3257,0.1298
2026_3113_3257,0.08242
2026_3161_3257,0.14776
2026_3225_3257,0.06584
2026_3192_3257,0.13938
2026_3246_3257,0.45168
2026_3104_3257,0.3658
2026_3241_3257,0.37828
2026_3221_3257,0.07578
2026_3181_3257,0.6702
2026_3124_3257,0.50708
2026_3211_3257,0.25358
2026_3158_3257,0.14256
2026_3239_3257,0.04008
2026_3163_3452,0.83652
2026_3435_3452,0.47114
2026_3326_3452,0.56016
2026_3314_3452,0.5039
2026_3268_3452,0.52864
2026_3323_3452,0.5741
2026_3228_3452,0.3581
2026_3235_3452,0.41652
2026_3393_3452,0.1598
2026_3160_3452,0.23228
2026_3193_3452,0.34106
2026_3293_3452,0.28216
2026_3442_3452,0.04634
2026_3224_3452,0.08946
2026_3219_3452,0.08346
2026_3427_3452,0.20844
2026_3376_3452,0.8372
2026_3234_3452,0.50766
2026_3395_3452,0.65604
2026_3328_3452,0.58542
2026_3277_3452,0.41844
2026_3449_3452,0.34198
2026_3208_3452,0.19114
2026_3155_3452,0.12146
2026_3425_3452,0.66668
2026_3113_3452,0.07714
2026_3438_3452,0.24236
2026_3355_3452,0.44576
2026_3161_3452,0.13776
2026_3225_3452,0.05954
2026_3192_3452,0.13272
2026_3359_3452,0.01962
2026_3380_3452,0.06198
2026_3283_3400,0
2026_3276_3452,0.55492
2026_3257_3452,0.48594
2026_3246_3452,0.44366
2026_3104_3452,0.35584
2026_3301_3452,0.59064
2026_3332_3452,0.2908
2026_3439_3452,0.22234
2026_3397_3452,0.40096
2026_3348_3452,0.13034
2026_3241_3452,0.36924
2026_3275_3452,0.09786
2026_3436_3452,0.15374
2026_3221_3452,0.0707
2026_3283_3452,0.14606
2026_3372_3452,0.2088
2026_3417_3452,0.8524
2026_3261_3452,0.67812
2026_3181_3452,0.65874
2026_3278_3452,0.2763
2026_3279_3452,0.44604
2026_3124_3452,0.4938
2026_3403_3452,0.1905
2026_3329_3452,0.44332
2026_3343_3452,0.3016
2026_3437_3452,0.29852
2026_3304_3452,0.3817
2026_3350_3452,0.39402
2026_3211_3452,0.2419
2026_3158_3452,0.13934
2026_3239_3452,0.0361
2026_3163_3246,0.87038
2026_3228_3246,0.41408
2026_3235_3246,0.47116
2026_3160_3246,0.28176
2026_3193_3246,0.39804
2026_3224_3246,0.1174
2026_3219_3246,0.11056
2026_3234_3246,0.5669
2026_3208_3246,0.23182
2026_3155_3246,0.158
2026_3113_3246,0.09938
2026_3161_3246,0.17696
2026_3225_3246,0.08032
2026_3192_3246,0.16616
2026_3104_3246,0.41308
2026_3241_3246,0.42182
2026_3221_3246,0.09158
2026_3181_3246,0.71054
2026_3124_3246,0.54956
2026_3211_3246,0.29128
2026_3158_3246,0.17458
2026_3239_3246,0.0491
2026_3163_3301,0.77556
2026_3268_3301,0.43794
2026_3228_3301,0.27432
2026_3235_3301,0.33422
2026_3160_3301,0.1707
2026_3193_3301,0.26542
2026_3293_3301,0.21462
2026_3224_3301,0.05792
2026_3219_3301,0.0544
2026_3234_3301,0.41836
2026_3277_3301,0.33438
2026_3208_3301,0.13884
2026_3155_3301,0.08238
2026_3113_3301,0.04962
2026_3161_3301,0.09484
2026_3225_3301,0.03954
2026_3192_3301,0.09214
2026_3304_3376,0
2026_3257_3301,0.40206
2026_3246_3301,0.35432
2026_3104_3301,0.27776
2026_3241_3301,0.28632
2026_3275_3301,0.06468
2026_3221_3301,0.04576
2026_3283_3301,0.10304
2026_3261_3301,0.59466
2026_3181_3301,0.57482
2026_3278_3301,0.2067
2026_3279_3301,0.36572
2026_3124_3301,0.40538
2026_3211_3301,0.17804
2026_3158_3301,0.09486
2026_3239_3301,0.02238
2026_3328_3376,0
2026_3326_3332,0.75632
2026_3314_3332,0.7118
2026_3268_3332,0.73216
2026_3323_3332,0.77164
2026_3228_3332,0.57156
2026_3235_3332,0.63058
2026_3160_3332,0.43202
2026_3193_3332,0.56018
2026_3293_3332,0.49
2026_3224_3332,0.2121
2026_3219_3332,0.20408
2026_3234_3332,0.71068
2026_3328_3332,0.78024
2026_3277_3332,0.63238
2026_3208_3332,0.37254
2026_3155_3332,0.27102
2026_3113_3332,0.18866
2026_3161_3332,0.29858
2026_3225_3332,0.16092
2026_3192_3332,0.28846
2026_3276_3332,0.75898
2026_3257_3332,0.70208
2026_3246_3332,0.65762
2026_3104_3332,0.57068
2026_3301_3332,0.77866
2026_3241_3332,0.582
2026_3275_3332,0.2276
2026_3221_3332,0.18188
2026_3283_3332,0.30532
2026_3261_3332,0.84284
2026_3181_3332,0.83138
2026_3278_3332,0.48554
2026_3279_3332,0.66546
2026_3124_3332,0.70586
2026_3329_3332,0.6623
2026_3304_3332,0.60048
2026_3211_3332,0.44316
2026_3158_3332,0.29474
2026_3239_3332,0.1107
2026_3163_3439,0.96018
2026_3435_3439,0.75866
2026_3326_3439,0.8217
2026_3314_3439,0.78322
2026_3268_3439,0.7995
2026_3323_3439,0.82706
2026_3228_3439,0.65466
2026_3235_3439,0.71012
2026_3393_3439,0.41514
2026_3160_3439,0.51588
2026_3193_3439,0.64672
2026_3293_3439,0.57814
2026_3224_3439,0.27948
2026_3219_3439,0.2679
2026_3427_3439,0.4864
2026_3376_3439,0.96214
2026_3234_3439,0.7826
2026_3395_3439,0.87834
2026_3328_3439,0.83868
2026_3277_3439,0.7096
2026_3208_3439,0.45848
2026_3155_3439,0.35056
2026_3425_3439,0.8854
2026_3113_3439,0.2553
2026_3438_3439,0.53238
2026_3355_3439,0.73502
2026_3161_3439,0.37738
2026_3225_3439,0.2212
2026_3192_3439,0.3673
2026_3359_3439,0.09144
2026_3380_3439,0.22034
2026_3329_3417,0
2026_3276_3439,0.82076
2026_3257_3439,0.77016
2026_3246_3439,0.7339
2026_3104_3439,0.65516
2026_3301_3439,0.84188
2026_3332_3439,0.58134
2026_3397_3439,0.70128
2026_3348_3439,0.36194
2026_3241_3439,0.66704
2026_3275_3439,0.29744
2026_3436_3439,0.40094
2026_3221_3439,0.2412
2026_3283_3439,0.38956
2026_3372_3439,0.48524
2026_3417_3439,0.96504
2026_3261_3439,0.88866
2026_3181_3439,0.8794
2026_3278_3439,0.56698
2026_3279_3439,0.74194
2026_3124_3439,0.7769
2026_3403_3439,0.45416
2026_3329_3439,0.738
2026_3343_3439,0.60128
2026_3437_3439,0.59926
2026_3304_3439,0.6796
2026_3350_3439,0.68722
2026_3211_3439,0.52944
2026_3158_3439,0.37524
2026_3239_3439,0.1529
2026_3163_3397,0.88892
2026_3326_3397,0.6534
2026_3314_3397,0.60022
2026_3268_3397,0.62632
2026_3323_3397,0.66634
2026_3228_3397,0.4489
2026_3235_3397,0.51432
2026_3393_3397,0.22728
2026_3160_3397,0.31584
2026_3193_3397,0.4433
2026_3293_3397,0.37006
2026_3224_3397,0.138
2026_3219_3397,0.12764
2026_3376_3397,0.89166
2026_3234_3397,0.60058
2026_3395_3397,0.74522
2026_3328_3397,0.67914
2026_3277_3397,0.50968
2026_3208_3397,0.2628
2026_3155_3397,0.18284
2026_3113_3397,0.11772
2026_3355_3397,0.54388
2026_3161_3397,0.20182
2026_3225_3397,0.09788
2026_3192_3397,0.19478
2026_3359_3397,0.03234
2026_3380_3397,0.09946
2026_3332_3400,0
2026_3257_3397,0.58434
2026_3246_3397,0.53848
2026_3104_3397,0.4514
2026_3301_3397,0.68162
2026_3332_3397,0.37788
2026_3348_3397,0.18832
2026_3241_3397,0.46394
2026_3275_3397,0.14394
2026_3221_3397,0.11036
2026_3283_3397,0.21146
2026_3372_3397,0.28836
2026_3261_3397,0.75784
2026_3181_3397,0.74804
2026_3278_3397,0.36146
2026_3279_3397,0.54764
2026_3124_3397,0.58668
2026_3329_3397,0.54588
2026_3343_3397,0.39138
2026_3304_3397,0.481
2026_3350_3397,0.4903
2026_3211_3397,0.3254
2026_3158_3397,0.19888
2026_3239_3397,0.0617
2026_3163_3348,0.98324
2026_3326_3348,0.89908
2026_3314_3348,0.8692
2026_3268_3348,0.88308
2026_3323_3348,0.9033
2026_3228_3348,0.7734
2026_3235_3348,0.81988
2026_3160_3348,0.65076
2026_3193_3348,0.76032
2026_3293_3348,0.70868
2026_3224_3348,0.4116
2026_3219_3348,0.39592
2026_3234_3348,0.87006
2026_3328_3348,0.90948
2026_3277_3348,0.81518
2026_3208_3348,0.5976
2026_3155_3348,0.48478
2026_3113_3348,0.3792
2026_3161_3348,0.51268
2026_3225_3348,0.33206
2026_3192_3348,0.50208
2026_3276_3348,0.8985
2026_3257_3348,0.86438
2026_3246_3348,0.8366
2026_3104_3348,0.77508
2026_3301_3348,0.91028
2026_3332_3348,0.71918
2026_3241_3348,0.7849
2026_3275_3348,0.43044
2026_3221_3348,0.36198
2026_3283_3348,0.52992
2026_3261_3348,0.94156
2026_3181_3348,0.93802
2026_3278_3348,0.7013
2026_3279_3348,0.83894
2026_3124_3348,0.86528
2026_3329_3348,0.8374
2026_3343_3348,0.72974
2026_3304_3348,0.79454
2026_3211_3348,0.66408
2026_3158_3348,0.51608
2026_3239_3348,0.25202
2026_3163_3241,0.90872
2026_3228_3241,0.49008
2026_3235_3241,0.55004
2026_3160_3241,0.35312
2026_3193_3241,0.47988
2026_3224_3241,0.1578
2026_3219_3241,0.14862
2026_3234_3241,0.63944
2026_3208_3241,0.29904
2026_3155_3241,0.20562
2026_3113_3241,0.13754
2026_3161_3241,0.2313
2026_3225_3241,0.11258
2026_3192_3241,0.22082
2026_3104_3241,0.4929
2026_3221_3241,0.12536
2026_3181_3241,0.77526
2026_3124_3241,0.6271
2026_3211_3241,0.36208
2026_3158_3241,0.2285
2026_3239_3241,0.07558
2026_3163_3275,0.9881
2026_3268_3275,0.914
2026_3228_3275,0.82704
2026_3235_3275,0.86416
2026_3160_3275,0.71422
2026_3193_3275,0.8165
2026_3224_3275,0.4841
2026_3219_3275,0.46572
2026_3234_3275,0.90456
2026_3208_3275,0.66772
2026_3155_3275,0.5532
2026_3113_3275,0.4486
2026_3161_3275,0.58238
2026_3225_3275,0.40368
2026_3192_3275,0.56988
2026_3257_3275,0.89816
2026_3246_3275,0.87562
2026_3104_3275,0.82504
2026_3241_3275,0.83202
2026_3221_3275,0.4287
2026_3261_3275,0.96058
2026_3181_3275,0.95644
2026_3124_3275,0.9002
2026_3211_3275,0.72662
2026_3158_3275,0.58108
2026_3239_3275,0.31418
2026_3163_3436,0.97706
2026_3435_3436,0.82904
2026_3326_3436,0.8776
2026_3314_3436,0.84484
2026_3268_3436,0.86312
2026_3323_3436,0.88704
2026_3228_3436,0.7386
2026_3235_3436,0.78928
2026_3393_3436,0.51032
2026_3160_3436,0.6151
2026_3193_3436,0.7322
2026_3293_3436,0.67588
2026_3224_3436,0.37394
2026_3219_3436,0.35802
2026_3427_3436,0.58798
2026_3376_3436,0.9776
2026_3234_3436,0.85302
2026_3395_3436,0.92316
2026_3328_3436,0.89244
2026_3277_3436,0.78948
2026_3208_3436,0.55866
2026_3155_3436,0.44506
2026_3425_3436,0.92772
2026_3113_3436,0.34162
2026_3355_3436,0.80962
2026_3161_3436,0.4797
2026_3225_3436,0.29756
2026_3192_3436,0.46712
2026_3359_3436,0.14214
2026_3380_3436,0.3007
2026_3400_3436,0.9743
2026_3276_3436,0.87632
2026_3257_3436,0.83872
2026_3246_3436,0.8095
2026_3104_3436,0.74502
2026_3301_3436,0.89294
2026_3332_3436,0.68216
2026_3397_3436,0.77964
2026_3348_3436,0.45858
2026_3241_3436,0.75092
2026_3275_3436,0.38984
2026_3221_3436,0.32458
2026_3283_3436,0.48614
2026_3372_3436,0.58286
2026_3417_3436,0.98096
2026_3261_3436,0.9316
2026_3181_3436,0.92568
2026_3278_3436,0.66174
2026_3279_3436,0.81466
2026_3124_3436,0.84092
2026_3403_3436,0.55146
2026_3329_3436,0.8106
2026_3343_3436,0.69304
2026_3304_3436,0.7667
2026_3350_3436,0.77092
2026_3211_3436,0.6273
2026_3158_3436,0.46968
2026_3239_3436,0.22284
2026_3163_3221,0.99324
2026_3160_3221,0.77278
2026_3193_3221,0.8565
2026_3219_3221,0.53706
2026_3208_3221,0.72766
2026_3155_3221,0.62374
2026_3113_3221,0.51492
2026_3161_3221,0.6517
2026_3192_3221,0.6427
2026_3104_3221,0.86718
2026_3181_3221,0.97094
2026_3124_3221,0.92694
2026_3211_3221,0.77952
2026_3158_3221,0.64996
2026_3163_3283,0.97848
2026_3268_3283,0.86774
2026_3228_3283,0.7526
2026_3235_3283,0.79898
2026_3160_3283,0.62824
2026_3193_3283,0.74374
2026_3224_3283,0.3819
2026_3219_3283,0.37188
2026_3234_3283,0.85742
2026_3277_3283,0.79944
2026_3208_3283,0.57134
2026_3155_3283,0.46122
2026_3113_3283,0.35124
2026_3161_3283,0.4912
2026_3225_3283,0.31476
2026_3192_3283,0.47788
2026_3276_3283,0.8866
2026_3257_3283,0.848
2026_3246_3283,0.81914
2026_3104_3283,0.75146
2026_3241_3283,0.75898
2026_3275_3283,0.40194
2026_3221_3283,0.33654
2026_3261_3283,0.93582
2026_3181_3283,0.92842
2026_3278_3283,0.6757
2026_3279_3283,0.82354
2026_3124_3283,0.85004
2026_3211_3283,0.641
2026_3158_3283,0.47972
2026_3239_3283,0.23452
2026_3163_3372,0.9634
2026_3326_3372,0.83014
2026_3314_3372,0.79342
2026_3268_3372,0.80842
2026_3323_3372,0.83636
2026_3228_3372,0.66934
2026_3235_3372,0.7202
2026_3160_3372,0.52962
2026_3193_3372,0.65898
2026_3293_3372,0.58798
2026_3224_3372,0.29018
2026_3219_3372,0.281
2026_3234_3372,0.7949
2026_3328_3372,0.84608
2026_3277_3372,0.72278
2026_3208_3372,0.47154
2026_3155_3372,0.3628
2026_3113_3372,0.26452
2026_3355_3372,0.74582
2026_3161_3372,0.39178
2026_3225_3372,0.22808
2026_3192_3372,0.37974
2026_3359_3372,0.10084
2026_3276_3372,0.82866
2026_3257_3372,0.78214
2026_3246_3372,0.74668
2026_3104_3372,0.66988
2026_3301_3372,0.85
2026_3332_3372,0.60042
2026_3348_3372,0.37338
2026_3241_3372,0.67616
2026_3275_3372,0.31088
2026_3221_3372,0.25154
2026_3283_3372,0.3986
2026_3261_3372,0.8963
2026_3181_3372,0.88982
2026_3278_3372,0.58612
2026_3279_3372,0.74862
2026_3124_3372,0.78666
2026_3329_3372,0.75132
2026_3343_3372,0.61548
2026_3304_3372,0.69254
2026_3350_3372,0.7023
2026_3211_3372,0.54362
2026_3158_3372,0.3865
2026_3239_3372,0.16306
2026_3163_3417,0.4683
2026_3326_3417,0.18646
2026_3314_3417,0.1495
2026_3268_3417,0.15922
2026_3323_3417,0.19328
2026_3228_3417,0.0794
2026_3235_3417,0.10516
2026_3393_3417,0.02136
2026_3160_3417,0.03882
2026_3193_3417,0.07432
2026_3293_3417,0.05122
2026_3224_3417,0.00876
2026_3219_3417,0.00768
2026_3376_3417,0.47426
2026_3234_3417,0.15076
2026_3395_3417,0.2582
2026_3328_3417,0.20492
2026_3277_3417,0.10178
2026_3208_3417,0.02932
2026_3155_3417,0.01316
2026_3113_3417,0.0067
2026_3355_3417,0.1182
2026_3161_3417,0.01644
2026_3225_3417,0.0046
2026_3192_3417,0.01548
2026_3359_3417,0.00112
2026_3380_3417,0.00534
2026_3400_3417,0.45636
2026_3276_3417,0.18624
2026_3257_3417,0.1394
2026_3246_3417,0.11578
2026_3104_3417,0.07892
2026_3301_3417,0.20228
2026_3332_3417,0.0548
2026_3397_3417,0.09748
2026_3348_3417,0.01484
2026_3241_3417,0.0828
2026_3275_3417,0.00888
2026_3221_3417,0.00604
2026_3283_3417,0.01766
2026_3372_3417,0.03218
2026_3261_3417,0.27702
2026_3181_3417,0.26424
2026_3343_3417,0
2026_3350_3376,0
2026_3124_3417,0.14238
2026_3403_3417,0.0257
2026_3359_3376,0
2026_3372_3400,0
2026_3304_3417,0.08916
2026_3350_3417,0.0942
2026_3376_3380,1
2026_3158_3417,0.01508
2026_3239_3417,0.00224
2026_3163_3261,0.69448
2026_3228_3261,0.20362
2026_3235_3261,0.24984
2026_3160_3261,0.11528
2026_3193_3261,0.1956
2026_3224_3261,0.03626
2026_3219_3261,0.03312
2026_3234_3261,0.32852
2026_3208_3261,0.09068
2026_3155_3261,0.0538
2026_3113_3261,0.03028
2026_3161_3261,0.06276
2026_3225_3261,0.02214
2026_3192_3261,0.05938
2026_3257_3261,0.31318
2026_3246_3261,0.27128
2026_3104_3261,0.203
2026_3241_3261,0.2105
2026_3221_3261,0.02586
2026_3181_3261,0.48046
2026_3124_3261,0.3181
2026_3211_3261,0.12424
2026_3158_3261,0.0594
2026_3376_3425,1
2026_3163_3181,0.71242
2026_3160_3181,0.1271
2026_3155_3181,0.05698
2026_3113_3181,0.03288
2026_3161_3181,0.06568
2026_3104_3181,0.21808
2026_3124_3181,0.33592
2026_3158_3181,0.06498
2026_3163_3278,0.94118
2026_3268_3278,0.74708
2026_3228_3278,0.58472
2026_3235_3278,0.64902
2026_3160_3278,0.44702
2026_3193_3278,0.57944
2026_3224_3278,0.22742
2026_3219_3278,0.21694
2026_3234_3278,0.72832
2026_3277_3278,0.65154
2026_3208_3278,0.39262
2026_3155_3278,0.28542
2026_3113_3278,0.20248
2026_3161_3278,0.31546
2026_3225_3278,0.17136
2026_3192_3278,0.29884
2026_3276_3278,0.77172
2026_3257_3278,0.715
2026_3246_3278,0.67416
2026_3104_3278,0.58782
2026_3241_3278,0.60104
2026_3275_3278,0.24088
2026_3221_3278,0.19118
2026_3261_3278,0.85574
2026_3181_3278,0.84268
2026_3124_3278,0.7205
2026_3211_3278,0.4623
2026_3158_3278,0.30872
2026_3239_3278,0.11866
2026_3163_3279,0.86716
2026_3268_3279,0.57868
2026_3228_3279,0.40356
2026_3235_3279,0.46628
2026_3160_3279,0.27604
2026_3193_3279,0.38752
2026_3224_3279,0.11206
2026_3219_3279,0.10584
2026_3234_3279,0.55908
2026_3277_3279,0.46524
2026_3208_3279,0.2282
2026_3155_3279,0.15054
2026_3113_3279,0.09628
2026_3161_3279,0.16762
2026_3225_3279,0.0768
2026_3192_3279,0.1614
2026_3276_3279,0.6114
2026_3257_3279,0.53658
2026_3246_3279,0.49344
2026_3104_3279,0.4079
2026_3241_3279,0.41258
2026_3275_3279,0.12006
2026_3221_3279,0.08968
2026_3261_3279,0.71986
2026_3181_3279,0.7071
2026_3278_3279,0.32122
2026_3124_3279,0.54406
2026_3211_3279,0.28784
2026_3158_3279,0.16894
2026_3239_3279,0.04776
2026_3113_3124,0.0773
2026_3104_3124,0.36274
2026_3163_3403,0.96876
2026_3326_3403,0.84744
2026_3314_3403,0.81362
2026_3268_3403,0.82936
2026_3323_3403,0.8581
2026_3228_3403,0.69572
2026_3235_3403,0.74706
2026_3393_3403,0.45852
2026_3160_3403,0.56564
2026_3193_3403,0.68738
2026_3293_3403,0.62212
2026_3224_3403,0.32438
2026_3219_3403,0.313
2026_3376_3403,0.97002
2026_3234_3403,0.81598
2026_3395_3403,0.90168
2026_3328_3403,0.86158
2026_3277_3403,0.74984
2026_3208_3403,0.50576
2026_3155_3403,0.3916
2026_3113_3403,0.29494
2026_3355_3403,0.7718
2026_3161_3403,0.42356
2026_3225_3403,0.252
2026_3192_3403,0.41466
2026_3359_3403,0.11176
2026_3380_3403,0.2567
2026_3400_3403,0.96638
2026_3276_3403,0.8521
2026_3257_3403,0.80678
2026_3246_3403,0.76892
2026_3104_3403,0.69938
2026_3301_3403,0.86554
2026_3332_3403,0.63192
2026_3397_3403,0.74062
2026_3348_3403,0.40802
2026_3241_3403,0.7089
2026_3275_3403,0.34114
2026_3221_3403,0.2782
2026_3283_3403,0.4323
2026_3372_3403,0.53638
2026_3400_3439,1
2026_3181_3403,0.90508
2026_3278_3403,0.61824
2026_3279_3403,0.77726
2026_3124_3403,0.80568
2026_3329_3403,0.7757
2026_3343_3403,0.64562
2026_3304_3403,0.72138
2026_3350_3403,0.72678
2026_3211_3403,0.57958
2026_3158_3403,0.41804
2026_3239_3403,0.18356
2026_3163_3329,0.86772
2026_3326_3329,0.61064
2026_3314_3329,0.55298
2026_3268_3329,0.57782
2026_3323_3329,0.62368
2026_3228_3329,0.4035
2026_3235_3329,0.46186
2026_3160_3329,0.27522
2026_3193_3329,0.39394
2026_3293_3329,0.32614
2026_3224_3329,0.11084
2026_3219_3329,0.10586
2026_3234_3329,0.55648
2026_3328_3329,0.63978
2026_3277_3329,0.46858
2026_3208_3329,0.22994
2026_3155_3329,0.15276
2026_3113_3329,0.09786
2026_3161_3329,0.1712
2026_3225_3329,0.07914
2026_3192_3329,0.16224
2026_3276_3329,0.60582
2026_3257_3329,0.54088
2026_3246_3329,0.49354
2026_3104_3329,0.40516
2026_3301_3329,0.63486
2026_3241_3329,0.4128
2026_3275_3329,0.11874
2026_3221_3329,0.0897
2026_3283_3329,0.1795
2026_3261_3329,0.72216
2026_3181_3329,0.70662
2026_3278_3329,0.32256
2026_3279_3329,0.50292
2026_3124_3329,0.53942
2026_3304_3329,0.43366
2026_3211_3329,0.27988
2026_3158_3329,0.1661
2026_3239_3329,0.05088
2026_3163_3343,0.93266
2026_3326_3343,0.74434
2026_3314_3343,0.70302
2026_3268_3343,0.71842
2026_3323_3343,0.7555
2026_3228_3343,0.55698
2026_3235_3343,0.6182
2026_3160_3343,0.41744
2026_3193_3343,0.54734
2026_3293_3343,0.47368
2026_3224_3343,0.20238
2026_3219_3343,0.1908
2026_3234_3343,0.70318
2026_3328_3343,0.77214
2026_3277_3343,0.61834
2026_3208_3343,0.35892
2026_3155_3343,0.26328
2026_3113_3343,0.17804
2026_3161_3343,0.28742
2026_3225_3343,0.14866
2026_3192_3343,0.27792
2026_3276_3343,0.74556
2026_3257_3343,0.68658
2026_3246_3343,0.64216
2026_3104_3343,0.56298
2026_3301_3343,0.7688
2026_3332_3343,0.48668
2026_3241_3343,0.56676
2026_3275_3343,0.217
2026_3221_3343,0.16988
2026_3283_3343,0.29448
2026_3261_3343,0.83358
2026_3181_3343,0.8261
2026_3278_3343,0.46312
2026_3279_3343,0.65314
2026_3124_3343,0.69064
2026_3329_3343,0.65118
2026_3304_3343,0.59148
2026_3211_3343,0.4294
2026_3158_3343,0.2833
2026_3239_3343,0.1024
2026_3163_3437,0.93362
2026_3435_3437,0.6756
2026_3326_3437,0.75016
2026_3314_3437,0.7033
2026_3268_3437,0.72088
2026_3323_3437,0.75982
2026_3228_3437,0.56342
2026_3235_3437,0.62056
2026_3393_3437,0.3195
2026_3160_3437,0.42286
2026_3193_3437,0.54612
2026_3293_3437,0.47984
2026_3224_3437,0.20668
2026_3219_3437,0.19338
2026_3427_3437,0.3912
2026_3376_3437,0.9342
2026_3234_3437,0.7058
2026_3395_3437,0.8237
2026_3328_3437,0.77266
2026_3277_3437,0.6196
2026_3208_3437,0.36062
2026_3155_3437,0.268
2026_3425_3437,0.83424
2026_3113_3437,0.18268
2026_3355_3437,0.6527
2026_3161_3437,0.28482
2026_3225_3437,0.1515
2026_3192_3437,0.27582
2026_3359_3437,0.05878
2026_3380_3437,0.15532
2026_3400_3437,0.92798
2026_3276_3437,0.74666
2026_3257_3437,0.68912
2026_3246_3437,0.64824
2026_3104_3437,0.56496
2026_3301_3437,0.76982
2026_3332_3437,0.48982
2026_3397_3437,0.60972
2026_3348_3437,0.27748
2026_3241_3437,0.56766
2026_3275_3437,0.2189
2026_3436_3437,0.31076
2026_3221_3437,0.17174
2026_3283_3437,0.29914
2026_3372_3437,0.39046
2026_3417_3437,0.94196
2026_3400_3452,1
2026_3181_3437,0.82774
2026_3278_3437,0.4718
2026_3279_3437,0.65276
2026_3124_3437,0.69502
2026_3403_3437,0.35644
2026_3329_3437,0.65644
2026_3343_3437,0.50706
2026_3304_3437,0.5906
2026_3350_3437,0.59702
2026_3211_3437,0.43734
2026_3158_3437,0.28584
2026_3239_3437,0.10396
2026_3163_3304,0.89924
2026_3268_3304,0.64314
2026_3228_3304,0.46978
2026_3235_3304,0.52814
2026_3160_3304,0.33424
2026_3193_3304,0.46408
2026_3293_3304,0.39266
2026_3224_3304,0.14558
2026_3219_3304,0.1386
2026_3234_3304,0.6218
2026_3277_3304,0.53284
2026_3208_3304,0.28188
2026_3155_3304,0.19388
2026_3113_3304,0.12982
2026_3161_3304,0.21552
2026_3225_3304,0.10938
2026_3192_3304,0.21108
2026_3276_3304,0.6697
2026_3257_3304,0.6053
2026_3246_3304,0.55888
2026_3104_3304,0.47152
2026_3301_3304,0.69906
2026_3241_3304,0.47726
2026_3275_3304,0.15724
2026_3221_3304,0.1178
2026_3283_3304,0.22404
2026_3261_3304,0.77558
2026_3181_3304,0.76466
2026_3278_3304,0.38226
2026_3279_3304,0.56848
2026_3124_3304,0.61272
2026_3211_3304,0.34676
2026_3158_3304,0.21386
2026_3239_3304,0.06738
2026_3163_3350,0.89172
2026_3326_3350,0.66018
2026_3314_3350,0.61222
2026_3268_3350,0.6334
2026_3323_3350,0.67798
2026_3228_3350,0.45964
2026_3235_3350,0.52348
2026_3160_3350,0.32456
2026_3193_3350,0.44806
2026_3293_3350,0.3858
2026_3224_3350,0.14568
2026_3219_3350,0.13412
2026_3234_3350,0.61344
2026_3328_3350,0.68972
2026_3277_3350,0.52318
2026_3208_3350,0.27288
2026_3155_3350,0.1877
2026_3113_3350,0.12404
2026_3161_3350,0.20964
2026_3225_3350,0.10368
2026_3192_3350,0.19736
2026_3276_3350,0.6591
2026_3257_3350,0.5938
2026_3246_3350,0.5471
2026_3104_3350,0.45992
2026_3301_3350,0.68892
2026_3332_3350,0.38866
2026_3348_3350,0.1987
2026_3241_3350,0.47254
2026_3275_3350,0.15228
2026_3221_3350,0.1138
2026_3283_3350,0.21858
2026_3261_3350,0.76832
2026_3181_3350,0.75358
2026_3278_3350,0.37804
2026_3279_3350,0.55664
2026_3124_3350,0.60438
2026_3329_3350,0.55856
2026_3343_3350,0.40738
2026_3304_3350,0.49112
2026_3211_3350,0.3358
2026_3158_3350,0.2073
2026_3239_3350,0.06518
2026_3163_3211,0.95302
2026_3160_3211,0.48306
2026_3193_3211,0.6169
2026_3208_3211,0.42634
2026_3155_3211,0.3209
2026_3113_3211,0.22852
2026_3161_3211,0.35012
2026_3192_3211,0.3376
2026_3104_3211,0.63086
2026_3181_3211,0.86478
2026_3124_3211,0.74688
2026_3158_3211,0.3503
2026_3163_3453,0.93438
2026_3435_3453,0.68122
2026_3326_3453,0.757
2026_3314_3453,0.71142
2026_3268_3453,0.72888
2026_3323_3453,0.76668
2026_3228_3453,0.5671
2026_3235_3453,0.62926
2026_3393_3453,0.33178
2026_3160_3453,0.42776
2026_3193_3453,0.55942
2026_3293_3453,0.48768
2026_3442_3453,0.12654
2026_3224_3453,0.2111
2026_3219_3453,0.20276
2026_3427_3453,0.39696
2026_3376_3453,0.93714
2026_3234_3453,0.71148
2026_3395_3453,0.82898
2026_3328_3453,0.78102
2026_3277_3453,0.6284
2026_3449_3453,0.55782
2026_3208_3453,0.36762
2026_3155_3453,0.26694
2026_3425_3453,0.83576
2026_3113_3453,0.18914
2026_3438_3453,0.43952
2026_3355_3453,0.6581
2026_3161_3453,0.29578
2026_3225_3453,0.15616
2026_3192_3453,0.28074
2026_3359_3453,0.06086
2026_3380_3453,0.15994
2026_3400_3453,0.93212
2026_3276_3453,0.75686
2026_3257_3453,0.69966
2026_3452_3453,0.7044
2026_3246_3453,0.65182
2026_3104_3453,0.57132
2026_3301_3453,0.77738
2026_3332_3453,0.49946
2026_3439_3453,0.40884
2026_3397_3453,0.61868
2026_3348_3453,0.28096
2026_3241_3453,0.58056
2026_3275_3453,0.22444
2026_3436_3453,0.3171
2026_3221_3453,0.17612
2026_3283_3453,0.30568
2026_3372_3453,0.39446
2026_3417_3453,1
2026_3261_3453,0.84432
2026_3181_3453,0.83196
2026_3278_3453,0.4809
2026_3279_3453,0.6634
2026_3124_3453,0.70114
2026_3403_3453,0.3637
2026_3329_3453,0.65988
2026_3343_3453,0.51592
2026_3437_3453,0.50818
2026_3304_3453,0.59424
2026_3350_3453,0.60506
2026_3211_3453,0.44102
2026_3158_3453,0.28952
2026_3239_3453,0.10604
2026_3155_3158,0.4728
2026_3113_3158,0.36948
2026_3104_3158,0.76898
2026_3124_3158,0.85818
2026_3163_3239,0.99732
2026_3228_3239,0.9234
2026_3235_3239,0.94214
2026_3160_3239,0.85502
2026_3193_3239,0.91732
2026_3224_3239,0.66738
2026_3219_3239,0.65952
2026_3234_3239,0.96326
2026_3208_3239,0.81626
2026_3155_3239,0.7335
2026_3113_3239,0.6392
2026_3161_3239,0.76096
2026_3225_3239,0.59466
2026_3192_3239,0.75182
2026_3104_3239,0.9239
2026_3221_3239,0.62086
2026_3181_3239,0.98552
2026_3124_3239,0.9608
2026_3211_3239,0.86114
2026_3158_3239,0.7572
2026_3163_3465,0.99624
2026_3435_3465,0.94276
2026_3326_3465,0.96396
2026_3314_3465,0.9522
2026_3268_3465,0.95898
2026_3323_3465,0.9664
2026_3228_3465,0.9009
2026_3235_3465,0.92746
2026_3393_3465,0.74812
2026_3160_3465,0.82624
2026_3193_3465,0.89658
2026_3293_3465,0.86238
2026_3442_3465,0.49188
2026_3224_3465,0.6203
2026_3219_3465,0.6129
2026_3427_3465,0.80332
2026_3376_3465,0.99532
2026_3234_3465,0.95404
2026_3395_3465,0.98062
2026_3328_3465,0.96886
2026_3277_3465,0.92654
2026_3449_3465,0.89622
2026_3208_3465,0.78678
2026_3155_3465,0.69284
2026_3425_3465,0.98296
2026_3113_3465,0.58994
2026_3438_3465,0.8342
2026_3355_3465,0.93702
2026_3161_3465,0.71954
2026_3225_3465,0.54644
2026_3192_3465,0.70696
2026_3359_3465,0.33144
2026_3380_3465,0.54708
2026_3400_3465,0.99538
2026_3276_3465,0.96456
2026_3257_3465,0.94762
2026_3452_3465,0.95166
2026_3246_3465,0.93506
2026_3104_3465,0.90052
2026_3301_3465,0.97114
2026_3332_3465,0.86692
2026_3439_3465,0.81224
2026_3397_3465,0.92084
2026_3348_3465,0.70342
2026_3241_3465,0.90478
2026_3275_3465,0.64214
2026_3436_3465,0.74056
2026_3221_3465,0.57806
2026_3283_3465,0.7336
2026_3372_3465,0.80454
2026_3417_3465,1
2026_3261_3465,0.9839
2026_3181_3465,0.98146
2026_3278_3465,0.85606
2026_3279_3465,0.93748
2026_3124_3465,0.95042
2026_3403_3465,0.78014
2026_3329_3465,0.93824
2026_3343_3465,0.87246
2026_3437_3465,0.8699
2026_3304_3465,0.91344
2026_3350_3465,0.9169
2026_3211_3465,0.83296
2026_3453_3465,0.86754
2026_3158_3465,0.71726
2026_3239_3465,0.45316
