ID,Pred
2026_1103_1104,0.238407731
2026_1103_1112,0.09834826
2026_1103_1116,0.219927832
2026_1103_1140,0.395510256
2026_1103_1155,0.34831205
2026_1103_1163,0.213973403
2026_1103_1181,0.094062947
2026_1103_1196,0.147814095
2026_1103_1202,0.786230206
2026_1103_1208,0.411833912
2026_1103_1211,0.189957559
2026_1103_1218,0.744743288
2026_1103_1219,0.605183423
2026_1103_1220,0.592671633
2026_1103_1222,0.199022293
2026_1103_1224,0.80520761
2026_1103_1225,0.788724124
2026_1103_1228,0.237544596
2026_1103_1234,0.456540465
2026_1103_1235,0.198887393
2026_1103_1242,0.2369432
2026_1103_1244,0.775623024
2026_1103_1246,0.40099895
2026_1103_1250,0.81293577
2026_1103_1254,0.790762305
2026_1103_1257,0.335016936
2026_1103_1270,0.511610568
2026_1103_1274,0.358416766
2026_1103_1275,0.547580779
2026_1103_1276,0.118425757
2026_1103_1277,0.213493213
2026_1103_1281,0.500803709
2026_1103_1295,0.774350643
2026_1103_1301,0.556615531
2026_1103_1304,0.254968762
2026_1103_1314,0.3219724
2026_1103_1320,0.600813985
2026_1103_1326,0.356235057
2026_1103_1335,0.701173365
2026_1103_1341,0.798665345
2026_1103_1345,0.207198888
2026_1103_1365,0.349445909
2026_1103_1373,0.795844078
2026_1103_1374,0.538305938
2026_1103_1378,0.461232662
2026_1103_1385,0.235607311
2026_1103_1387,0.422341824
2026_1103_1388,0.325478822
2026_1103_1395,0.365328789
2026_1103_1397,0.38233462
2026_1103_1398,0.792079091
2026_1103_1400,0.539570332
2026_1103_1401,0.437573701
2026_1103_1403,0.29324913
2026_1103_1407,0.729688883
2026_1103_1416,0.457548887
2026_1103_1417,0.348631591
2026_1103_1420,0.803767145
2026_1103_1429,0.382311195
2026_1103_1433,0.447805136
2026_1103_1435,0.296082526
2026_1103_1437,0.393879145
2026_1103_1438,0.217638731
2026_1103_1458,0.274466872
2026_1103_1460,0.802283883
2026_1103_1465,0.632474005
2026_1103_1474,0.790645361
2026_1104_1112,0.137774527
2026_1104_1116,0.452011079
2026_1104_1140,0.62304008
2026_1104_1155,0.57433027
2026_1104_1163,0.365436077
2026_1104_1181,0.124351047
2026_1104_1196,0.257670969
2026_1104_1202,0.862455964
2026_1104_1208,0.643727183
2026_1104_1211,0.341556728
2026_1104_1218,0.874627113
2026_1104_1219,0.780315459
2026_1104_1220,0.802271128
2026_1104_1222,0.325231582
2026_1104_1224,0.864029884
2026_1104_1225,0.862191558
2026_1104_1228,0.376554817
2026_1104_1234,0.678497374
2026_1104_1235,0.287740707
2026_1104_1242,0.459558189
2026_1104_1244,0.846500099
2026_1104_1246,0.594935656
2026_1104_1250,0.894280791
2026_1104_1254,0.878925204
2026_1104_1257,0.541737616
2026_1104_1270,0.74705559
2026_1104_1274,0.59018451
2026_1104_1275,0.746274829
2026_1104_1276,0.153702676
2026_1104_1277,0.401601851
2026_1104_1281,0.640174329
2026_1104_1295,0.861642301
2026_1104_1301,0.664382994
2026_1104_1304,0.446886778
2026_1104_1314,0.554645479
2026_1104_1320,0.726304591
2026_1104_1326,0.583079457
2026_1104_1335,0.780307233
2026_1104_1341,0.901063681
2026_1104_1345,0.353491217
2026_1104_1365,0.612309754
2026_1104_1373,0.885546625
2026_1104_1374,0.693160057
2026_1104_1378,0.675173402
2026_1104_1385,0.407570511
2026_1104_1387,0.579490602
2026_1104_1388,0.555094481
2026_1104_1395,0.584228098
2026_1104_1397,0.561984241
2026_1104_1398,0.862980247
2026_1104_1400,0.685473025
2026_1104_1401,0.682403922
2026_1104_1403,0.482155681
2026_1104_1407,0.844446301
2026_1104_1416,0.658491015
2026_1104_1417,0.576998413
2026_1104_1420,0.889376879
2026_1104_1429,0.619810283
2026_1104_1433,0.673709989
2026_1104_1435,0.481570899
2026_1104_1437,0.596569121
2026_1104_1438,0.392220616
2026_1104_1458,0.529257417
2026_1104_1460,0.869172156
2026_1104_1465,0.852183163
2026_1104_1474,0.881074488
2026_1112_1116,0.827138782
2026_1112_1140,0.865045667
2026_1112_1155,0.842764974
2026_1112_1163,0.701396465
2026_1112_1181,0.457450479
2026_1112_1196,0.597006023
2026_1112_1202,0.926992059
2026_1112_1208,0.854496121
2026_1112_1211,0.746968329
2026_1112_1218,0.929263234
2026_1112_1219,0.907701492
2026_1112_1220,0.918486714
2026_1112_1222,0.688476026
2026_1112_1224,0.932363749
2026_1112_1225,0.91613996
2026_1112_1228,0.776915133
2026_1112_1234,0.846099496
2026_1112_1235,0.704063535
2026_1112_1242,0.852600098
2026_1112_1244,0.923623204
2026_1112_1246,0.863133311
2026_1112_1250,0.93743974
2026_1112_1254,1
2026_1112_1257,0.820981205
2026_1112_1270,0.911529779
2026_1112_1274,0.829159617
2026_1112_1275,0.910726786
2026_1112_1276,0.492949486
2026_1112_1277,0.807549357
2026_1112_1281,0.881082237
2026_1112_1295,0.909346223
2026_1112_1301,0.86895299
2026_1112_1304,0.825688839
2026_1112_1314,0.85752815
2026_1112_1320,0.880674958
2026_1112_1326,0.863946617
2026_1112_1335,0.906992912
2026_1112_1341,0.934197545
2026_1112_1345,0.696965873
2026_1112_1365,0.844121337
2026_1112_1373,0.93720144
2026_1112_1374,0.865745425
2026_1112_1378,0.856685162
2026_1112_1385,0.721806705
2026_1112_1387,0.843382061
2026_1112_1388,0.808625162
2026_1112_1395,0.863287628
2026_1112_1397,0.834442198
2026_1112_1398,0.929383814
2026_1112_1400,0.849868119
2026_1112_1401,0.864356756
2026_1112_1403,0.854027629
2026_1112_1407,0.927250385
2026_1112_1416,0.864697456
2026_1112_1417,0.870568633
2026_1112_1420,0.931231737
2026_1112_1429,1
2026_1112_1433,0.871084094
2026_1112_1435,0.831910849
2026_1112_1437,1
2026_1112_1438,0.752205968
2026_1112_1458,0.858084142
2026_1112_1460,0.933365226
2026_1112_1465,0.934110045
2026_1112_1474,0.924747229
2026_1116_1140,0.713856518
2026_1116_1155,0.683564186
2026_1116_1163,0.395582438
2026_1116_1181,0.13267231
2026_1116_1196,0.380972385
2026_1116_1202,0.897467852
2026_1116_1208,0.726480603
2026_1116_1211,0.34653908
2026_1116_1218,0.886726201
2026_1116_1219,0.830610335
2026_1116_1220,0.843360782
2026_1116_1222,0.3638345
2026_1116_1224,0.87957406
2026_1116_1225,0.893435717
2026_1116_1228,0.458798319
2026_1116_1234,0.738118708
2026_1116_1235,0.326333761
2026_1116_1242,0.520187318
2026_1116_1244,0.892573297
2026_1116_1246,0.703912437
2026_1116_1250,0.918527842
2026_1116_1254,0.907623172
2026_1116_1257,0.691147625
2026_1116_1270,0.795949876
2026_1116_1274,0.665521502
2026_1116_1275,0.811716974
2026_1116_1276,0.232958958
2026_1116_1277,0.443720639
2026_1116_1281,0.73302871
2026_1116_1295,0.877954245
2026_1116_1301,0.719006717
2026_1116_1304,0.568804979
2026_1116_1314,0.612455189
2026_1116_1320,0.770848751
2026_1116_1326,0.697162867
2026_1116_1335,0.843553901
2026_1116_1341,0.91484648
2026_1116_1345,0.382763207
2026_1116_1365,0.639243662
2026_1116_1373,0.901513159
2026_1116_1374,0.733211339
2026_1116_1378,0.70726198
2026_1116_1385,0.513540685
2026_1116_1387,0.715780973
2026_1116_1388,0.64295876
2026_1116_1395,0.680447817
2026_1116_1397,0.666465163
2026_1116_1398,0.884155214
2026_1116_1400,0.723593056
2026_1116_1401,0.730720818
2026_1116_1403,0.593373775
2026_1116_1407,0.868064582
2026_1116_1416,0.770816386
2026_1116_1417,0.683192611
2026_1116_1420,0.907403648
2026_1116_1429,0.669564605
2026_1116_1433,0.694344878
2026_1116_1435,0.554353178
2026_1116_1437,0.722797453
2026_1116_1438,0.432370812
2026_1116_1458,0.569124341
2026_1116_1460,0.888454676
2026_1116_1465,0.885702431
2026_1116_1474,0.905949235
2026_1140_1155,0.549596846
2026_1140_1163,0.293860108
2026_1140_1181,0.109563172
2026_1140_1196,0.212787926
2026_1140_1202,0.834959805
2026_1140_1208,0.602758467
2026_1140_1211,0.209711879
2026_1140_1218,0.819551528
2026_1140_1219,0.699346066
2026_1140_1220,0.745271683
2026_1140_1222,0.214881971
2026_1140_1224,0.849807322
2026_1140_1225,0.83073175
2026_1140_1228,0.313704371
2026_1140_1234,0.595988035
2026_1140_1235,0.263484091
2026_1140_1242,0.353404492
2026_1140_1244,0.832259238
2026_1140_1246,0.533158541
2026_1140_1250,0.867082059
2026_1140_1254,0.868004143
2026_1140_1257,0.439396799
2026_1140_1270,0.666767001
2026_1140_1274,0.496330261
2026_1140_1275,0.699490249
2026_1140_1276,0.135766104
2026_1140_1277,0.343612164
2026_1140_1281,0.579594731
2026_1140_1295,0.83314693
2026_1140_1301,0.584518254
2026_1140_1304,0.368254572
2026_1140_1314,0.426019222
2026_1140_1320,0.615389764
2026_1140_1326,0.541412652
2026_1140_1335,0.73197037
2026_1140_1341,0.878210902
2026_1140_1345,0.254528373
2026_1140_1365,0.58843863
2026_1140_1373,0.844459236
2026_1140_1374,0.619992435
2026_1140_1378,0.612992167
2026_1140_1385,0.340600073
2026_1140_1387,0.526744246
2026_1140_1388,0.450890094
2026_1140_1395,0.532058358
2026_1140_1397,0.460109711
2026_1140_1398,0.841314912
2026_1140_1400,0.580922842
2026_1140_1401,0.622912645
2026_1140_1403,0.400303453
2026_1140_1407,0.778046489
2026_1140_1416,0.625947475
2026_1140_1417,0.485470891
2026_1140_1420,0.870720446
2026_1140_1429,0.599892259
2026_1140_1433,0.603359699
2026_1140_1435,0.430812985
2026_1140_1437,0.559911132
2026_1140_1438,0.258954167
2026_1140_1458,0.425766736
2026_1140_1460,0.824740589
2026_1140_1465,0.794371784
2026_1140_1474,0.845036089
2026_1155_1163,0.377929091
2026_1155_1181,0.139562547
2026_1155_1196,0
2026_1155_1202,0.761859179
2026_1155_1208,0.571185946
2026_1155_1211,0.206656516
2026_1155_1218,0.7655828
2026_1155_1219,0.656544209
2026_1155_1220,0.667060018
2026_1155_1222,0.240937576
2026_1155_1224,0.75721997
2026_1155_1225,0.759867072
2026_1155_1228,0.363911599
2026_1155_1234,0.551404655
2026_1155_1235,0.292159677
2026_1155_1242,0.399540246
2026_1155_1244,0.779998839
2026_1155_1246,0.523895621
2026_1155_1250,0.802783191
2026_1155_1254,0.777630508
2026_1155_1257,0.424001724
2026_1155_1270,0.635685027
2026_1155_1274,0.4842076
2026_1155_1275,0.693083107
2026_1155_1276,0.15605858
2026_1155_1277,0.371367335
2026_1155_1281,0.619493365
2026_1155_1295,0.723011553
2026_1155_1301,0.611530662
2026_1155_1304,0.386776209
2026_1155_1314,0.40145129
2026_1155_1320,0.617215753
2026_1155_1326,0.493667871
2026_1155_1335,0.679433703
2026_1155_1341,0.801870525
2026_1155_1345,0.321198523
2026_1155_1365,0.603435338
2026_1155_1373,0.753442943
2026_1155_1374,0.679510117
2026_1155_1378,0.606054664
2026_1155_1385,0.304557353
2026_1155_1387,0.487744927
2026_1155_1388,0.437788725
2026_1155_1395,0.530415177
2026_1155_1397,0.43256712
2026_1155_1398,0.751235604
2026_1155_1400,0.65796268
2026_1155_1401,0.646579981
2026_1155_1403,0.394835025
2026_1155_1407,0.756367505
2026_1155_1416,0.642935216
2026_1155_1417,0.460843414
2026_1155_1420,0.781570017
2026_1155_1429,0.540824771
2026_1155_1433,0.624410808
2026_1155_1435,0.417010695
2026_1155_1437,0.513069868
2026_1155_1438,0.307210088
2026_1155_1458,0.384904265
2026_1155_1460,0.783351779
2026_1155_1465,0.703495026
2026_1155_1474,0.777220726
2026_1163_1181,0.220654592
2026_1163_1196,0.448259026
2026_1163_1202,1
2026_1163_1208,0.738687158
2026_1163_1211,0.421557695
2026_1163_1218,0.897565067
2026_1163_1219,0.805124104
2026_1163_1220,0.87890178
2026_1163_1222,0.469548076
2026_1163_1224,0.889084101
2026_1163_1225,0.899125397
2026_1163_1228,0.521876633
2026_1163_1234,0.74507457
2026_1163_1235,0.459873378
2026_1163_1242,0.621902525
2026_1163_1244,0.915821373
2026_1163_1246,0.717313409
2026_1163_1250,0.923622787
2026_1163_1254,0.920441568
2026_1163_1257,0.636277497
2026_1163_1270,0.760484636
2026_1163_1274,0.608803213
2026_1163_1275,0.804735601
2026_1163_1276,0.318006694
2026_1163_1277,0.532764256
2026_1163_1281,0.833808005
2026_1163_1295,0.888133645
2026_1163_1301,0.782414675
2026_1163_1304,0.624321878
2026_1163_1314,0.632147372
2026_1163_1320,0.768504918
2026_1163_1326,0.65795213
2026_1163_1335,0.888597667
2026_1163_1341,0.922781527
2026_1163_1345,0.488387436
2026_1163_1365,0.659341931
2026_1163_1373,0.927419543
2026_1163_1374,0.770602822
2026_1163_1378,0.710336685
2026_1163_1385,0.587659538
2026_1163_1387,0.724350393
2026_1163_1388,0.631616831
2026_1163_1395,0.665561259
2026_1163_1397,0.663570404
2026_1163_1398,0.911464095
2026_1163_1400,0.789567769
2026_1163_1401,0.776590109
2026_1163_1403,0.627202809
2026_1163_1407,0.91639173
2026_1163_1416,0.814483166
2026_1163_1417,0.64609611
2026_1163_1420,0.906105638
2026_1163_1429,0.677918017
2026_1163_1433,0.721088946
2026_1163_1435,0.625191271
2026_1163_1437,0.659074008
2026_1163_1438,0.532384515
2026_1163_1458,0.665592313
2026_1163_1460,0.923948705
2026_1163_1465,0.90879786
2026_1163_1474,0.916101038
2026_1181_1196,0.656784177
2026_1181_1202,0.924728572
2026_1181_1208,0.863553882
2026_1181_1211,0.773549974
2026_1181_1218,0.929619014
2026_1181_1219,0.898575068
2026_1181_1220,0.918343902
2026_1181_1222,0.694749177
2026_1181_1224,0.928022027
2026_1181_1225,0.912165403
2026_1181_1228,0.787970662
2026_1181_1234,0.83950758
2026_1181_1235,0.70609951
2026_1181_1242,0.864389122
2026_1181_1244,0.920726836
2026_1181_1246,0.878867567
2026_1181_1250,0.935626268
2026_1181_1254,0.92893827
2026_1181_1257,0.856193662
2026_1181_1270,0.908128858
2026_1181_1274,0.833446145
2026_1181_1275,0.904475212
2026_1181_1276,0.528219521
2026_1181_1277,0.807290554
2026_1181_1281,0.882220984
2026_1181_1295,0.910174429
2026_1181_1301,0.879642606
2026_1181_1304,0.83233577
2026_1181_1314,0.872692168
2026_1181_1320,0.880516648
2026_1181_1326,1
2026_1181_1335,0.905814707
2026_1181_1341,0.93110472
2026_1181_1345,0.749418974
2026_1181_1365,0.851632476
2026_1181_1373,1
2026_1181_1374,0.873056591
2026_1181_1378,0.858032048
2026_1181_1385,0.808146596
2026_1181_1387,0.838672876
2026_1181_1388,0.832377732
2026_1181_1395,1
2026_1181_1397,0.853463292
2026_1181_1398,0.9257496
2026_1181_1400,0.848231137
2026_1181_1401,0.877969444
2026_1181_1403,0.877109051
2026_1181_1407,0.924215496
2026_1181_1416,0.873631775
2026_1181_1417,0.87143141
2026_1181_1420,0.932473183
2026_1181_1429,0.867933273
2026_1181_1433,0.872099102
2026_1181_1435,0.863226414
2026_1181_1437,0.880999923
2026_1181_1438,0.804974735
2026_1181_1458,0.865223467
2026_1181_1460,0.932427764
2026_1181_1465,0.929923475
2026_1181_1474,0.923170149
2026_1196_1202,0.917168379
2026_1196_1208,0.808434725
2026_1196_1211,0.553916335
2026_1196_1218,0.917873263
2026_1196_1219,0.87722975
2026_1196_1220,0.902865171
2026_1196_1222,0.489102066
2026_1196_1224,0.920476377
2026_1196_1225,0.906321168
2026_1196_1228,0.708625853
2026_1196_1234,1
2026_1196_1235,0.520907104
2026_1196_1242,0.749044001
2026_1196_1244,0.918168902
2026_1196_1246,0.813177705
2026_1196_1250,1
2026_1196_1254,0.926015735
2026_1196_1257,0.760564148
2026_1196_1270,0.866533935
2026_1196_1274,0.733031094
2026_1196_1275,0.878716946
2026_1196_1276,0.422257155
2026_1196_1277,0.634006441
2026_1196_1281,0.86674118
2026_1196_1295,0.900005758
2026_1196_1301,0.853817523
2026_1196_1304,0.775701165
2026_1196_1314,0.750105798
2026_1196_1320,0.84477073
2026_1196_1326,0.817231297
2026_1196_1335,0.900421917
2026_1196_1341,1
2026_1196_1345,0.511440039
2026_1196_1365,0.789460778
2026_1196_1373,0.926724672
2026_1196_1374,0.844000578
2026_1196_1378,0.781011701
2026_1196_1385,0.615837812
2026_1196_1387,0.816054821
2026_1196_1388,0.658476472
2026_1196_1395,0.826544702
2026_1196_1397,0.734599888
2026_1196_1398,0.921329737
2026_1196_1400,0.836418867
2026_1196_1401,0.844217539
2026_1196_1403,0.80051899
2026_1196_1407,0.920197308
2026_1196_1416,0.851982594
2026_1196_1417,0.800180554
2026_1196_1420,0.919913054
2026_1196_1429,0.764392972
2026_1196_1433,0.786677122
2026_1196_1435,0.654200196
2026_1196_1437,0.847029209
2026_1196_1438,0.597212732
2026_1196_1458,0.716686487
2026_1196_1460,0.92771399
2026_1196_1465,0.922116697
2026_1196_1474,0.91607362
2026_1202_1208,0.243070692
2026_1202_1211,0.079714634
2026_1202_1218,0.401277423
2026_1202_1219,0.276046544
2026_1202_1220,0.300283879
2026_1202_1222,0.076996244
2026_1202_1224,0.55626899
2026_1202_1225,0.5449211
2026_1202_1228,0.143730238
2026_1202_1234,0.301418751
2026_1202_1235,0.080429755
2026_1202_1242,0.104285084
2026_1202_1244,0.51081872
2026_1202_1246,0.17851527
2026_1202_1250,0.560049295
2026_1202_1254,0.575200677
2026_1202_1257,0.126412034
2026_1202_1270,0.252416372
2026_1202_1274,0.212112069
2026_1202_1275,0.282955319
2026_1202_1276,0.077465773
2026_1202_1277,0.106215999
2026_1202_1281,0.339460522
2026_1202_1295,0.44270125
2026_1202_1301,0.283682078
2026_1202_1304,0.129862785
2026_1202_1314,0.133173138
2026_1202_1320,0.308499962
2026_1202_1326,0.279923499
2026_1202_1335,0.368907869
2026_1202_1341,0.629001737
2026_1202_1345,0.100677662
2026_1202_1365,0.22936143
2026_1202_1373,0.496404409
2026_1202_1374,0.262231678
2026_1202_1378,0.234353125
2026_1202_1385,0.113975272
2026_1202_1387,0.222583815
2026_1202_1388,0.13610588
2026_1202_1395,0.245577261
2026_1202_1397,0.143229142
2026_1202_1398,0.484302014
2026_1202_1400,0.294537127
2026_1202_1401,0.298005402
2026_1202_1403,0.123162545
2026_1202_1407,0.357534945
2026_1202_1416,0.278033853
2026_1202_1417,0.212455407
2026_1202_1420,0.523738921
2026_1202_1429,0.208223864
2026_1202_1433,0.208861232
2026_1202_1435,0.123673163
2026_1202_1437,0.229714066
2026_1202_1438,0.087560259
2026_1202_1458,0.128356099
2026_1202_1460,0.44407317
2026_1202_1465,0.290786237
2026_1202_1474,0.518705845
2026_1208_1211,0.239667013
2026_1208_1218,0.733493924
2026_1208_1219,0.66000241
2026_1208_1220,0.647803903
2026_1208_1222,0.233484685
2026_1208_1224,0.806805551
2026_1208_1225,0.782574356
2026_1208_1228,0.31874162
2026_1208_1234,0.477933258
2026_1208_1235,0.262922317
2026_1208_1242,0.375014782
2026_1208_1244,0.712035835
2026_1208_1246,0.472135007
2026_1208_1250,0.815309227
2026_1208_1254,0.806646049
2026_1208_1257,0.395331532
2026_1208_1270,0.605928302
2026_1208_1274,0.436758727
2026_1208_1275,0.645076692
2026_1208_1276,0
2026_1208_1277,0.303824395
2026_1208_1281,0.540423453
2026_1208_1295,0.727592945
2026_1208_1301,0.530319095
2026_1208_1304,0.362103224
2026_1208_1314,0.349686295
2026_1208_1320,0.562039018
2026_1208_1326,0.441691011
2026_1208_1335,0.610563159
2026_1208_1341,0.832799435
2026_1208_1345,0.256427705
2026_1208_1365,0.562587202
2026_1208_1373,0.776741922
2026_1208_1374,0.555346906
2026_1208_1378,0.561696649
2026_1208_1385,0.26058501
2026_1208_1387,0.486435592
2026_1208_1388,0.360829204
2026_1208_1395,0.462277323
2026_1208_1397,0.385587364
2026_1208_1398,0.764822721
2026_1208_1400,0.542209804
2026_1208_1401,0.586169362
2026_1208_1403,0.347619563
2026_1208_1407,0.695989728
2026_1208_1416,0.56412518
2026_1208_1417,0.424185574
2026_1208_1420,0.780870974
2026_1208_1429,0.486012787
2026_1208_1433,0.544910192
2026_1208_1435,0.324948311
2026_1208_1437,0.467617244
2026_1208_1438,0.255278438
2026_1208_1458,0.332929939
2026_1208_1460,0.74251467
2026_1208_1465,0.712977111
2026_1208_1474,0.754731774
2026_1211_1218,0.907001555
2026_1211_1219,0.868894279
2026_1211_1220,0.895866215
2026_1211_1222,0.517879963
2026_1211_1224,0.924981177
2026_1211_1225,0.915419757
2026_1211_1228,0.618539393
2026_1211_1234,0.799767971
2026_1211_1235,0.505516708
2026_1211_1242,0.663021207
2026_1211_1244,0.908601105
2026_1211_1246,0.805296361
2026_1211_1250,0.926136672
2026_1211_1254,0.917418122
2026_1211_1257,0.764482796
2026_1211_1270,0.838651955
2026_1211_1274,0.720416427
2026_1211_1275,0.80816406
2026_1211_1276,0.335840017
2026_1211_1277,0.601528704
2026_1211_1281,0.819458425
2026_1211_1295,0.907383919
2026_1211_1301,0.81187892
2026_1211_1304,0.722370863
2026_1211_1314,0.752644897
2026_1211_1320,0.81242466
2026_1211_1326,0.787522674
2026_1211_1335,0.889552414
2026_1211_1341,0.921797693
2026_1211_1345,0.526202798
2026_1211_1365,0.754167914
2026_1211_1373,0.92724508
2026_1211_1374,0.798784733
2026_1211_1378,0.719678462
2026_1211_1385,0.647666514
2026_1211_1387,0.786814749
2026_1211_1388,0.690935075
2026_1211_1395,0.755884051
2026_1211_1397,0.770563245
2026_1211_1398,0.922249317
2026_1211_1400,0.794510186
2026_1211_1401,0.804426134
2026_1211_1403,0.795332849
2026_1211_1407,0.903949142
2026_1211_1416,0.804090381
2026_1211_1417,0.767970502
2026_1211_1420,0.927299201
2026_1211_1429,0.704375386
2026_1211_1433,0.702499449
2026_1211_1435,0.70586884
2026_1211_1437,0.819811881
2026_1211_1438,0.598301888
2026_1211_1458,0.685689569
2026_1211_1460,0.9238078
2026_1211_1465,0.915147305
2026_1211_1474,0.918927491
2026_1218_1219,0.41525501
2026_1218_1220,0.360622227
2026_1218_1222,0.080182068
2026_1218_1224,0.593464434
2026_1218_1225,0.668364406
2026_1218_1228,0.137878001
2026_1218_1234,0.262928814
2026_1218_1235,0.081282668
2026_1218_1242,0.123604916
2026_1218_1244,0.567805052
2026_1218_1246,0.249027684
2026_1218_1250,0.69824481
2026_1218_1254,0.634587944
2026_1218_1257,0.180687651
2026_1218_1270,0.306096464
2026_1218_1274,0.209310308
2026_1218_1275,0.249479368
2026_1218_1276,0.075886697
2026_1218_1277,0.1236526
2026_1218_1281,0.343989849
2026_1218_1295,0.497950107
2026_1218_1301,0.261022925
2026_1218_1304,0.143599391
2026_1218_1314,0.178690329
2026_1218_1320,0.360882044
2026_1218_1326,0.284029335
2026_1218_1335,0.444642246
2026_1218_1341,0.757219374
2026_1218_1345,0.102357797
2026_1218_1365,0.214283779
2026_1218_1373,0.567311049
2026_1218_1374,0.238813862
2026_1218_1378,0.233472735
2026_1218_1385,0.137016192
2026_1218_1387,0.24897784
2026_1218_1388,0.191339388
2026_1218_1395,0.245097131
2026_1218_1397,0.20035547
2026_1218_1398,0.571874022
2026_1218_1400,0.28906408
2026_1218_1401,0.285967141
2026_1218_1403,0.155670241
2026_1218_1407,0.502281725
2026_1218_1416,0.271778703
2026_1218_1417,0.230914012
2026_1218_1420,0.569999993
2026_1218_1429,0.238483101
2026_1218_1433,0.233362883
2026_1218_1435,0.151177213
2026_1218_1437,0.251247466
2026_1218_1438,0.11403279
2026_1218_1458,0.150217146
2026_1218_1460,0.524586797
2026_1218_1465,0.420743793
2026_1218_1474,0.627302825
2026_1219_1220,0.450561315
2026_1219_1222,0.132209942
2026_1219_1224,0.742562294
2026_1219_1225,0.733984768
2026_1219_1228,0.203573048
2026_1219_1234,0.407203227
2026_1219_1235,0.168676421
2026_1219_1242,0.229057401
2026_1219_1244,0.720789909
2026_1219_1246,0.349601954
2026_1219_1250,0.748687685
2026_1219_1254,0.745690227
2026_1219_1257,0.319164395
2026_1219_1270,0.482079089
2026_1219_1274,0.350958645
2026_1219_1275,0.528901875
2026_1219_1276,0.112821706
2026_1219_1277,0.183146194
2026_1219_1281,0.469086081
2026_1219_1295,0.625621259
2026_1219_1301,0.463235229
2026_1219_1304,0.244669542
2026_1219_1314,0.298098624
2026_1219_1320,0.464881182
2026_1219_1326,0.344744742
2026_1219_1335,0.595165551
2026_1219_1341,0.760897636
2026_1219_1345,0.168391556
2026_1219_1365,0.351333112
2026_1219_1373,0.695008636
2026_1219_1374,0.48307851
2026_1219_1378,0.430880189
2026_1219_1385,0.211475372
2026_1219_1387,0.334405154
2026_1219_1388,0.301125556
2026_1219_1395,0.366576999
2026_1219_1397,0.315803528
2026_1219_1398,0.705277681
2026_1219_1400,0.521036863
2026_1219_1401,0.423145831
2026_1219_1403,0.278054804
2026_1219_1407,0.675437748
2026_1219_1416,0.41956377
2026_1219_1417,0.333547205
2026_1219_1420,0.707783401
2026_1219_1429,0.373160183
2026_1219_1433,0.39094907
2026_1219_1435,0.29289344
2026_1219_1437,0.365379065
2026_1219_1438,0.153993651
2026_1219_1458,0.272029847
2026_1219_1460,0.6846053
2026_1219_1465,0.537506402
2026_1219_1474,0.74174428
2026_1220_1222,0.086674072
2026_1220_1224,0.70266515
2026_1220_1225,0.70084703
2026_1220_1228,0.215553418
2026_1220_1234,0.344146848
2026_1220_1235,0.113283932
2026_1220_1242,0.179147467
2026_1220_1244,0.68503958
2026_1220_1246,0.311648339
2026_1220_1250,0.694110394
2026_1220_1254,0.706321299
2026_1220_1257,0.275775373
2026_1220_1270,0.461965293
2026_1220_1274,0.34818846
2026_1220_1275,0.432358205
2026_1220_1276,0.091710716
2026_1220_1277,0.188435718
2026_1220_1281,0.398955792
2026_1220_1295,0.615721047
2026_1220_1301,0.351336509
2026_1220_1304,0.223144427
2026_1220_1314,0.256679386
2026_1220_1320,0.465493083
2026_1220_1326,0.337684661
2026_1220_1335,0.521711946
2026_1220_1341,0.708558381
2026_1220_1345,0.138870597
2026_1220_1365,0.354901135
2026_1220_1373,0.654142499
2026_1220_1374,0.347685426
2026_1220_1378,0.422830045
2026_1220_1385,0.205978662
2026_1220_1387,0.340234011
2026_1220_1388,0.245767757
2026_1220_1395,0.348351866
2026_1220_1397,0.26345706
2026_1220_1398,0.639279306
2026_1220_1400,0.417957753
2026_1220_1401,0.387273401
2026_1220_1403,0.214637786
2026_1220_1407,0.628148139
2026_1220_1416,0.35168609
2026_1220_1417,0.312744826
2026_1220_1420,0.683087349
2026_1220_1429,0.340133488
2026_1220_1433,0.313074827
2026_1220_1435,0.227587804
2026_1220_1437,0.33567214
2026_1220_1438,0.15020591
2026_1220_1458,0.205554977
2026_1220_1460,0.64928019
2026_1220_1465,0.553306818
2026_1220_1474,0.691072583
2026_1222_1224,0.926437259
2026_1222_1225,1
2026_1222_1228,0.537879884
2026_1222_1234,0.792128742
2026_1222_1235,0.517550886
2026_1222_1242,0.691902876
2026_1222_1244,0.921986639
2026_1222_1246,0.82650888
2026_1222_1250,0.933810651
2026_1222_1254,0.928727448
2026_1222_1257,0.756427705
2026_1222_1270,0.82266134
2026_1222_1274,0.662277997
2026_1222_1275,0.84335196
2026_1222_1276,0.43631646
2026_1222_1277,0.576122761
2026_1222_1281,0.855056167
2026_1222_1295,0.902641714
2026_1222_1301,0.847102284
2026_1222_1304,0.762449741
2026_1222_1314,0.672707438
2026_1222_1320,0.819638252
2026_1222_1326,0.769940913
2026_1222_1335,0.907072842
2026_1222_1341,0.934700906
2026_1222_1345,0.504060805
2026_1222_1365,0.719553769
2026_1222_1373,0.933783948
2026_1222_1374,0.840272188
2026_1222_1378,0.761816561
2026_1222_1385,0.621250153
2026_1222_1387,0.801124752
2026_1222_1388,0.658916712
2026_1222_1395,0.741837621
2026_1222_1397,0.775023639
2026_1222_1398,0.924101591
2026_1222_1400,0.834932625
2026_1222_1401,0.828894675
2026_1222_1403,0.759766877
2026_1222_1407,0.92430532
2026_1222_1416,0.836950183
2026_1222_1417,0.7123878
2026_1222_1420,0.926575303
2026_1222_1429,0.735049248
2026_1222_1433,0.763809562
2026_1222_1435,0.67650944
2026_1222_1437,0.821584046
2026_1222_1438,0.557243645
2026_1222_1458,0.714957118
2026_1222_1460,0.933234215
2026_1222_1465,0.926738679
2026_1222_1474,0.92432338
2026_1224_1225,0.50748986
2026_1224_1228,0.130431935
2026_1224_1234,0.256801248
2026_1224_1235,0.074345499
2026_1224_1242,0.119442649
2026_1224_1244,0.396176189
2026_1224_1246,0.148544535
2026_1224_1250,0.521048188
2026_1224_1254,0.538094938
2026_1224_1257,0.112946637
2026_1224_1270,0.222422674
2026_1224_1274,0.143588468
2026_1224_1275,0.249679565
2026_1224_1276,0
2026_1224_1277,0.117989764
2026_1224_1281,0.318505526
2026_1224_1295,0.274979383
2026_1224_1301,0.25602898
2026_1224_1304,0.121925287
2026_1224_1314,0.131717354
2026_1224_1320,0.302616745
2026_1224_1326,0.2635445
2026_1224_1335,0.279908866
2026_1224_1341,0.609323263
2026_1224_1345,0.105317786
2026_1224_1365,0.204191148
2026_1224_1373,0.423072457
2026_1224_1374,0.246416673
2026_1224_1378,0.229581788
2026_1224_1385,0.099980831
2026_1224_1387,0.185341582
2026_1224_1388,0.132582754
2026_1224_1395,0.233202204
2026_1224_1397,0.128350258
2026_1224_1398,0.428368598
2026_1224_1400,0.298192531
2026_1224_1401,0.254996508
2026_1224_1403,0.121771656
2026_1224_1407,0.379344672
2026_1224_1416,0.253949046
2026_1224_1417,0.191438615
2026_1224_1420,0.429525793
2026_1224_1429,0.216769785
2026_1224_1433,0.225671366
2026_1224_1435,0.11983411
2026_1224_1437,0.199184358
2026_1224_1438,0.100507021
2026_1224_1458,0.125038654
2026_1224_1460,0.34636423
2026_1224_1465,0.264136493
2026_1224_1474,0.466267645
2026_1225_1228,0.15765968
2026_1225_1234,0.254703641
2026_1225_1235,0.094081074
2026_1225_1242,0.105333664
2026_1225_1244,0.418372929
2026_1225_1246,0.164189339
2026_1225_1250,0.480544835
2026_1225_1254,0.487167984
2026_1225_1257,0.132348657
2026_1225_1270,0.222623661
2026_1225_1274,0.190087199
2026_1225_1275,0.270523131
2026_1225_1276,0.085931689
2026_1225_1277,0.113431647
2026_1225_1281,0.281129748
2026_1225_1295,0.318561703
2026_1225_1301,0.238258734
2026_1225_1304,0.129559845
2026_1225_1314,0.113541506
2026_1225_1320,0.270347863
2026_1225_1326,0.261174142
2026_1225_1335,0.319669932
2026_1225_1341,0.567306399
2026_1225_1345,0.108170897
2026_1225_1365,0.194636583
2026_1225_1373,0.422034353
2026_1225_1374,0.218603596
2026_1225_1378,0.221961617
2026_1225_1385,0.116413087
2026_1225_1387,0.197522551
2026_1225_1388,0.152250692
2026_1225_1395,0.222001046
2026_1225_1397,0.137707159
2026_1225_1398,0.413158089
2026_1225_1400,0.253939629
2026_1225_1401,0.234547704
2026_1225_1403,0.118837394
2026_1225_1407,0.326512963
2026_1225_1416,0.218632564
2026_1225_1417,0.19023262
2026_1225_1420,0.448039174
2026_1225_1429,0.202902213
2026_1225_1433,0.200846538
2026_1225_1435,0.129170597
2026_1225_1437,0.202746868
2026_1225_1438,0.101220198
2026_1225_1458,0.128461018
2026_1225_1460,0.374989927
2026_1225_1465,0.244092107
2026_1225_1474,0.442929834
2026_1228_1234,0.70769155
2026_1228_1235,0.450891048
2026_1228_1242,0.591608882
2026_1228_1244,0.861096442
2026_1228_1246,0.657727718
2026_1228_1250,0.873980641
2026_1228_1254,0.871891201
2026_1228_1257,0.614295781
2026_1228_1270,0.760264993
2026_1228_1274,0.624325812
2026_1228_1275,0.776159227
2026_1228_1276,0.210366711
2026_1228_1277,0.522069097
2026_1228_1281,0.736815035
2026_1228_1295,0.833904266
2026_1228_1301,0.742030799
2026_1228_1304,0.570424557
2026_1228_1314,0.611235261
2026_1228_1320,0.721486747
2026_1228_1326,0.619120717
2026_1228_1335,0.790933371
2026_1228_1341,0.877193809
2026_1228_1345,0.475200981
2026_1228_1365,0.683688164
2026_1228_1373,0.881895006
2026_1228_1374,0.770274639
2026_1228_1378,0.700508416
2026_1228_1385,0.547643483
2026_1228_1387,0.682711363
2026_1228_1388,0.628213882
2026_1228_1395,0.636681676
2026_1228_1397,0.603254914
2026_1228_1398,0.859500527
2026_1228_1400,0.739080608
2026_1228_1401,0.723722339
2026_1228_1403,0.618578196
2026_1228_1407,0.84171015
2026_1228_1416,0.729040086
2026_1228_1417,0.624149799
2026_1228_1420,0.867895901
2026_1228_1429,0.665629923
2026_1228_1433,0.695866406
2026_1228_1435,0.62217325
2026_1228_1437,0.637209296
2026_1228_1438,0.460625112
2026_1228_1458,0.621831357
2026_1228_1460,0.870783627
2026_1228_1465,0.819987297
2026_1228_1474,0.859458745
2026_1234_1235,0.221492246
2026_1234_1242,0.36125946
2026_1234_1244,0.730288148
2026_1234_1246,0.45227468
2026_1234_1250,0.794610918
2026_1234_1254,0.747306883
2026_1234_1257,0.422320813
2026_1234_1270,0.611441672
2026_1234_1274,0.379868597
2026_1234_1275,0.63489449
2026_1234_1276,0.169605136
2026_1234_1277,0.299308807
2026_1234_1281,0.604530096
2026_1234_1295,0.708162248
2026_1234_1301,0.618171453
2026_1234_1304,0.382220536
2026_1234_1314,0.386715889
2026_1234_1320,0.615608692
2026_1234_1326,0.456579238
2026_1234_1335,0.637556612
2026_1234_1341,0.809466898
2026_1234_1345,0.26683858
2026_1234_1365,0.522311211
2026_1234_1373,0.742718279
2026_1234_1374,0.615093291
2026_1234_1378,0.605364203
2026_1234_1385,0.277482331
2026_1234_1387,0.507059634
2026_1234_1388,0.33293891
2026_1234_1395,0.498495221
2026_1234_1397,0.411564708
2026_1234_1398,0.728755891
2026_1234_1400,0.597358227
2026_1234_1401,0.605137527
2026_1234_1403,0.376113355
2026_1234_1407,0.717766047
2026_1234_1416,0.586034119
2026_1234_1417,0.406911373
2026_1234_1420,0.739626229
2026_1234_1429,0.473892331
2026_1234_1433,0.577798426
2026_1234_1435,0.325265855
2026_1234_1437,0.516387761
2026_1234_1438,0.274774134
2026_1234_1458,0.315715462
2026_1234_1460,0.746817768
2026_1234_1465,0.728191316
2026_1234_1474,0.712783456
2026_1235_1242,0.678535402
2026_1235_1244,0.919269204
2026_1235_1246,0.72647953
2026_1235_1250,0.932428181
2026_1235_1254,0.924215198
2026_1235_1257,0.669561565
2026_1235_1270,0.819203913
2026_1235_1274,0.65559572
2026_1235_1275,0.834331214
2026_1235_1276,0.322217822
2026_1235_1277,0.553255618
2026_1235_1281,0.844782054
2026_1235_1295,0.90230757
2026_1235_1301,0.834128439
2026_1235_1304,0.661200523
2026_1235_1314,0.68683666
2026_1235_1320,0.794003367
2026_1235_1326,0.688070953
2026_1235_1335,0.894355536
2026_1235_1341,0.928338408
2026_1235_1345,0.51744175
2026_1235_1365,0.716918588
2026_1235_1373,0.936393619
2026_1235_1374,0.819684684
2026_1235_1378,0.743736982
2026_1235_1385,0.613865197
2026_1235_1387,0.714249671
2026_1235_1388,0.65871352
2026_1235_1395,0.717624962
2026_1235_1397,0.69580096
2026_1235_1398,1
2026_1235_1400,0.811200738
2026_1235_1401,0.821851671
2026_1235_1403,0.703380346
2026_1235_1407,0.923452854
2026_1235_1416,0.823489249
2026_1235_1417,0.690479875
2026_1235_1420,0.924364924
2026_1235_1429,0.709461749
2026_1235_1433,0.766213655
2026_1235_1435,0.660076737
2026_1235_1437,0.714861691
2026_1235_1438,0.562743604
2026_1235_1458,0.679172277
2026_1235_1460,0.930174649
2026_1235_1465,0.919157267
2026_1235_1474,0.923362315
2026_1242_1244,0.848864317
2026_1242_1246,0.616873026
2026_1242_1250,0.900118649
2026_1242_1254,0.8807019
2026_1242_1257,0.546837032
2026_1242_1270,0.742007196
2026_1242_1274,0.585235715
2026_1242_1275,0.75376308
2026_1242_1276,0.173940539
2026_1242_1277,0.452615649
2026_1242_1281,0.65640223
2026_1242_1295,0.864433169
2026_1242_1301,0.675225794
2026_1242_1304,0.492864668
2026_1242_1314,0.584572792
2026_1242_1320,0.712636828
2026_1242_1326,0.601377428
2026_1242_1335,0.781310499
2026_1242_1341,0.89631784
2026_1242_1345,0.401631743
2026_1242_1365,0.611373246
2026_1242_1373,0.885036886
2026_1242_1374,0.694588065
2026_1242_1378,0.673499227
2026_1242_1385,0.469367743
2026_1242_1387,0.596779168
2026_1242_1388,0.569699943
2026_1242_1395,0.603944361
2026_1242_1397,0.537254751
2026_1242_1398,0.85346669
2026_1242_1400,0.674724221
2026_1242_1401,0.678678513
2026_1242_1403,0.531422138
2026_1242_1407,0.842478514
2026_1242_1416,0.657813013
2026_1242_1417,0.599239171
2026_1242_1420,0.894224882
2026_1242_1429,0.60958606
2026_1242_1433,0.672539234
2026_1242_1435,0.53528887
2026_1242_1437,0.608354092
2026_1242_1438,0.431123674
2026_1242_1458,0.563327789
2026_1242_1460,0.866766989
2026_1242_1465,0.856916606
2026_1242_1474,0.876192212
2026_1244_1246,0.215741396
2026_1244_1250,0.600091219
2026_1244_1254,0.588422835
2026_1244_1257,0.146405831
2026_1244_1270,0.234224707
2026_1244_1274,0.2595855
2026_1244_1275,0.288910717
2026_1244_1276,0.088360846
2026_1244_1277,0.132403523
2026_1244_1281,0.335656255
2026_1244_1295,0.478643596
2026_1244_1301,0.264518529
2026_1244_1304,0.167786449
2026_1244_1314,0.160563692
2026_1244_1320,0.331551552
2026_1244_1326,0.279769838
2026_1244_1335,0.390074909
2026_1244_1341,0.668680668
2026_1244_1345,0.113824368
2026_1244_1365,0.213283956
2026_1244_1373,0.565042377
2026_1244_1374,0.26135096
2026_1244_1378,0.233030453
2026_1244_1385,0.126876518
2026_1244_1387,0.252160877
2026_1244_1388,0.162335828
2026_1244_1395,0.25992915
2026_1244_1397,0.164585948
2026_1244_1398,0.509010017
2026_1244_1400,0.284468025
2026_1244_1401,0.315372258
2026_1244_1403,0.129783347
2026_1244_1407,0.438207448
2026_1244_1416,0.265662104
2026_1244_1417,0.240250155
2026_1244_1420,0.582552552
2026_1244_1429,0.196182698
2026_1244_1433,0.202279285
2026_1244_1435,0.125761777
2026_1244_1437,0.243347585
2026_1244_1438,0.104002722
2026_1244_1458,0.153173134
2026_1244_1460,0.492016107
2026_1244_1465,0.374460995
2026_1244_1474,0.528223038
2026_1246_1250,0.857894838
2026_1246_1254,0.857313991
2026_1246_1257,0.403647214
2026_1246_1270,0.628908396
2026_1246_1274,0.439292908
2026_1246_1275,0.664764881
2026_1246_1276,0.139353663
2026_1246_1277,0.34615621
2026_1246_1281,0.583959401
2026_1246_1295,0.775973022
2026_1246_1301,0.576951504
2026_1246_1304,0.361542702
2026_1246_1314,0.381883323
2026_1246_1320,0.592931807
2026_1246_1326,0.477053076
2026_1246_1335,0.71457541
2026_1246_1341,0.875286758
2026_1246_1345,0.271741182
2026_1246_1365,0.554342449
2026_1246_1373,0.823106289
2026_1246_1374,0.62067914
2026_1246_1378,0.583963454
2026_1246_1385,0.272827476
2026_1246_1387,0.490303576
2026_1246_1388,0.373827755
2026_1246_1395,0.535291195
2026_1246_1397,0.414268315
2026_1246_1398,0.809852362
2026_1246_1400,0.603710592
2026_1246_1401,0.624047518
2026_1246_1403,0.361920446
2026_1246_1407,0.740030527
2026_1246_1416,0.624134898
2026_1246_1417,0.442404032
2026_1246_1420,0.854177058
2026_1246_1429,0.553327024
2026_1246_1433,0.563902438
2026_1246_1435,0.390476197
2026_1246_1437,0.47134456
2026_1246_1438,0.248884961
2026_1246_1458,0.388761342
2026_1246_1460,0.795970261
2026_1246_1465,0.715125442
2026_1246_1474,0.812038362
2026_1250_1254,0.486627012
2026_1250_1257,0.112980761
2026_1250_1270,0.21664086
2026_1250_1274,0.152937114
2026_1250_1275,0.275729597
2026_1250_1276,0.070973292
2026_1250_1277,0.092773855
2026_1250_1281,0.298811346
2026_1250_1295,0.326276004
2026_1250_1301,0.248346612
2026_1250_1304,0.118272573
2026_1250_1314,0.119786218
2026_1250_1320,0.313661903
2026_1250_1326,0.238266051
2026_1250_1335,0.275618374
2026_1250_1341,0.552177668
2026_1250_1345,0.089825474
2026_1250_1365,0.199849203
2026_1250_1373,0.406783909
2026_1250_1374,0.268060386
2026_1250_1378,0.200935826
2026_1250_1385,0.077137925
2026_1250_1387,0.19472453
2026_1250_1388,0.110729903
2026_1250_1395,0.256465018
2026_1250_1397,0.123991877
2026_1250_1398,0.398302436
2026_1250_1400,0.287309498
2026_1250_1401,0.274996787
2026_1250_1403,0.096619986
2026_1250_1407,0.347170889
2026_1250_1416,0.238324434
2026_1250_1417,0.167033717
2026_1250_1420,0.481714398
2026_1250_1429,0.170547441
2026_1250_1433,0.184199452
2026_1250_1435,0.091019593
2026_1250_1437,0.203230321
2026_1250_1438,0.077175327
2026_1250_1458,0.096982017
2026_1250_1460,0.320578963
2026_1250_1465,0.243903384
2026_1250_1474,0.410954386
2026_1254_1257,0.109913476
2026_1254_1270,0.217861652
2026_1254_1274,0.15800485
2026_1254_1275,0.266160101
2026_1254_1276,0.08293476
2026_1254_1277,0.106855065
2026_1254_1281,0.320849478
2026_1254_1295,0.330963403
2026_1254_1301,0.261809945
2026_1254_1304,0.123124033
2026_1254_1314,0.130252838
2026_1254_1320,0.334709316
2026_1254_1326,0.260173768
2026_1254_1335,0.280419976
2026_1254_1341,0.596924603
2026_1254_1345,0.099349856
2026_1254_1365,0.1951565
2026_1254_1373,0.413261563
2026_1254_1374,0.241847888
2026_1254_1378,0.206543714
2026_1254_1385,0.090193816
2026_1254_1387,0.195940122
2026_1254_1388,0.116629481
2026_1254_1395,0.235624939
2026_1254_1397,0.129067332
2026_1254_1398,0.390185058
2026_1254_1400,0.290505499
2026_1254_1401,0.266991556
2026_1254_1403,0.118457787
2026_1254_1407,0.335839957
2026_1254_1416,0.257461727
2026_1254_1417,0.197030351
2026_1254_1420,0.432386518
2026_1254_1429,0.175893039
2026_1254_1433,0.195333108
2026_1254_1435,0.103670172
2026_1254_1437,0.204848215
2026_1254_1438,0.089061491
2026_1254_1458,0.126806736
2026_1254_1460,0.326876253
2026_1254_1465,0.267790437
2026_1254_1474,0.431918979
2026_1257_1270,0.667846143
2026_1257_1274,0.531628609
2026_1257_1275,0.717363417
2026_1257_1276,0.209623799
2026_1257_1277,0.364387274
2026_1257_1281,0.650444567
2026_1257_1295,0.816172183
2026_1257_1301,0.627224088
2026_1257_1304,0.403523207
2026_1257_1314,0.484832674
2026_1257_1320,0.622144938
2026_1257_1326,0.57962352
2026_1257_1335,0.740791142
2026_1257_1341,0.89139998
2026_1257_1345,0.313260406
2026_1257_1365,0.607271612
2026_1257_1373,0.869881749
2026_1257_1374,0.684329808
2026_1257_1378,0.637419641
2026_1257_1385,0.355389059
2026_1257_1387,0.589764059
2026_1257_1388,0.495797068
2026_1257_1395,0.578421235
2026_1257_1397,0.493086994
2026_1257_1398,0.865534663
2026_1257_1400,0.690009356
2026_1257_1401,0.660935104
2026_1257_1403,0.460076511
2026_1257_1407,0.821540356
2026_1257_1416,0.643739283
2026_1257_1417,0.537113905
2026_1257_1420,0.87493372
2026_1257_1429,0.596987426
2026_1257_1433,0.620060325
2026_1257_1435,0.469014525
2026_1257_1437,0.603167355
2026_1257_1438,0.277478367
2026_1257_1458,0.497118205
2026_1257_1460,0.847850621
2026_1257_1465,0.80375272
2026_1257_1474,0.866544187
2026_1270_1274,0.356327862
2026_1270_1275,0.533976257
2026_1270_1276,0.092432871
2026_1270_1277,0.200868562
2026_1270_1281,0.482537627
2026_1270_1295,0.714328766
2026_1270_1301,0.508890986
2026_1270_1304,0.266560972
2026_1270_1314,0.322539926
2026_1270_1320,0.54716444
2026_1270_1326,0.375914067
2026_1270_1335,0.618548453
2026_1270_1341,0.756034851
2026_1270_1345,0.194226965
2026_1270_1365,0.348029017
2026_1270_1373,0.732355297
2026_1270_1374,0.515496969
2026_1270_1378,0.474506021
2026_1270_1385,0.208721265
2026_1270_1387,0.352728635
2026_1270_1388,0.32263124
2026_1270_1395,0.396529555
2026_1270_1397,0.349477023
2026_1270_1398,0.711672008
2026_1270_1400,0.549315691
2026_1270_1401,0.461870164
2026_1270_1403,0.290553838
2026_1270_1407,0.676548302
2026_1270_1416,0.443208784
2026_1270_1417,0.362347156
2026_1270_1420,0.745953202
2026_1270_1429,0.38095209
2026_1270_1433,0.462445766
2026_1270_1435,0.304769009
2026_1270_1437,0.382380426
2026_1270_1438,0.176865235
2026_1270_1458,0.278479457
2026_1270_1460,0.752086937
2026_1270_1465,0.597401261
2026_1270_1474,0.736903071
2026_1274_1275,0.690100193
2026_1274_1276,0.174506992
2026_1274_1277,0.378584534
2026_1274_1281,0.618804336
2026_1274_1295,0.762999356
2026_1274_1301,0.610496879
2026_1274_1304,0.404640317
2026_1274_1314,0.456274271
2026_1274_1320,0.619929671
2026_1274_1326,0.532235503
2026_1274_1335,0.644851625
2026_1274_1341,0.840951145
2026_1274_1345,0.358581603
2026_1274_1365,0.604349434
2026_1274_1373,0.844654799
2026_1274_1374,0.632394373
2026_1274_1378,0.612124145
2026_1274_1385,0.291437328
2026_1274_1387,0.59477824
2026_1274_1388,0.482062787
2026_1274_1395,0.560567796
2026_1274_1397,0.478919148
2026_1274_1398,0.805460513
2026_1274_1400,0.643576205
2026_1274_1401,0.62881726
2026_1274_1403,0.417549908
2026_1274_1407,0.756545663
2026_1274_1416,0.597083867
2026_1274_1417,0.508752406
2026_1274_1420,0.847254276
2026_1274_1429,0.616988182
2026_1274_1433,0.622748494
2026_1274_1435,0.425120384
2026_1274_1437,0.523481369
2026_1274_1438,0.332678467
2026_1274_1458,0.430188477
2026_1274_1460,0.78845644
2026_1274_1465,0.709390461
2026_1274_1474,0.797354579
2026_1275_1276,0.100875102
2026_1275_1277,0.190823227
2026_1275_1281,0.490475237
2026_1275_1295,0.707864642
2026_1275_1301,0.502004445
2026_1275_1304,0.240342751
2026_1275_1314,0.266029656
2026_1275_1320,0.539076686
2026_1275_1326,0.309379935
2026_1275_1335,0.589320958
2026_1275_1341,0.767348707
2026_1275_1345,0.173413455
2026_1275_1365,0.34367004
2026_1275_1373,0.773374259
2026_1275_1374,0.536564231
2026_1275_1378,0.411037236
2026_1275_1385,0.181478366
2026_1275_1387,0.339735538
2026_1275_1388,0.27030322
2026_1275_1395,0.32331872
2026_1275_1397,0.314682513
2026_1275_1398,0.738133669
2026_1275_1400,0.564389884
2026_1275_1401,0.470838964
2026_1275_1403,0.281159371
2026_1275_1407,0.743344247
2026_1275_1416,0.424550772
2026_1275_1417,0.297745854
2026_1275_1420,0.762714982
2026_1275_1429,0.34027943
2026_1275_1433,0.407915592
2026_1275_1435,0.281721503
2026_1275_1437,0.310106665
2026_1275_1438,0.183513463
2026_1275_1458,0.266678631
2026_1275_1460,0.759047329
2026_1275_1465,0.6366328
2026_1275_1474,0.752692163
2026_1276_1277,0.799182951
2026_1276_1281,0.867792487
2026_1276_1295,0.899620831
2026_1276_1301,0.859061301
2026_1276_1304,0.815592408
2026_1276_1314,0.852226257
2026_1276_1320,0.86054498
2026_1276_1326,0.851119459
2026_1276_1335,0.892757475
2026_1276_1341,0.920850575
2026_1276_1345,0.612453759
2026_1276_1365,0.829024076
2026_1276_1373,0.931021929
2026_1276_1374,0.857917488
2026_1276_1378,0.837524474
2026_1276_1385,0.695926964
2026_1276_1387,1
2026_1276_1388,0.801018894
2026_1276_1395,0.850312471
2026_1276_1397,0.836236537
2026_1276_1398,0.917324424
2026_1276_1400,0.831644297
2026_1276_1401,0.850544631
2026_1276_1403,0.853261471
2026_1276_1407,0.914227307
2026_1276_1416,0.856092393
2026_1276_1417,0.856772602
2026_1276_1420,0.929322541
2026_1276_1429,0.860415161
2026_1276_1433,0.832162797
2026_1276_1435,0.840379179
2026_1276_1437,0.864465594
2026_1276_1438,0.690675676
2026_1276_1458,0.848688245
2026_1276_1460,0.923509896
2026_1276_1465,0.922913909
2026_1276_1474,0.915238261
2026_1277_1281,0.744733214
2026_1277_1295,0.882065952
2026_1277_1301,0.726728261
2026_1277_1304,0.570575535
2026_1277_1314,0.587679505
2026_1277_1320,0.748651862
2026_1277_1326,0.634560883
2026_1277_1335,0.860178888
2026_1277_1341,0.910019994
2026_1277_1345,0.447725773
2026_1277_1365,0.671515107
2026_1277_1373,0.90601629
2026_1277_1374,0.717299998
2026_1277_1378,0.697512627
2026_1277_1385,0.568383396
2026_1277_1387,0.651121795
2026_1277_1388,0.623194039
2026_1277_1395,0.615799367
2026_1277_1397,0.599452257
2026_1277_1398,0.892188251
2026_1277_1400,0.690735042
2026_1277_1401,0.737631321
2026_1277_1403,0.59318161
2026_1277_1407,0.878928721
2026_1277_1416,0.759939492
2026_1277_1417,0.617011666
2026_1277_1420,0.901903808
2026_1277_1429,0.65488863
2026_1277_1433,0.696151435
2026_1277_1435,0.611082137
2026_1277_1437,0.62447691
2026_1277_1438,0.503141046
2026_1277_1458,0.640505195
2026_1277_1460,0.894829988
2026_1277_1465,0.869516492
2026_1277_1474,0.899966478
2026_1281_1295,0.685753167
2026_1281_1301,0.495664477
2026_1281_1304,0.355021
2026_1281_1314,0.353102207
2026_1281_1320,0.563722551
2026_1281_1326,0.361622155
2026_1281_1335,0.59929812
2026_1281_1341,0.751946032
2026_1281_1345,0.186154932
2026_1281_1365,0.367687315
2026_1281_1373,0.681270659
2026_1281_1374,0.518013835
2026_1281_1378,0.433790565
2026_1281_1385,0.183812574
2026_1281_1387,0.368303478
2026_1281_1388,0.211596787
2026_1281_1395,0.390393704
2026_1281_1397,0.353905618
2026_1281_1398,0.67675817
2026_1281_1400,0.500966787
2026_1281_1401,0.535268128
2026_1281_1403,0.342776567
2026_1281_1407,0.663357496
2026_1281_1416,0.50144738
2026_1281_1417,0.367668629
2026_1281_1420,0.688973844
2026_1281_1429,0.298144817
2026_1281_1433,0.408522964
2026_1281_1435,0.224245399
2026_1281_1437,0.399300158
2026_1281_1438,0.169260189
2026_1281_1458,0.291306823
2026_1281_1460,0.703943372
2026_1281_1465,0.672509611
2026_1281_1474,0.69250232
2026_1295_1301,0.253561616
2026_1295_1304,0.147783294
2026_1295_1314,0.158473536
2026_1295_1320,0.340135396
2026_1295_1326,0.287073761
2026_1295_1335,0.367341995
2026_1295_1341,0.727816403
2026_1295_1345,0.113836601
2026_1295_1365,0.247715354
2026_1295_1373,0.609008193
2026_1295_1374,0.247316167
2026_1295_1378,0.253021836
2026_1295_1385,0.124430783
2026_1295_1387,0.260963917
2026_1295_1388,0.188000336
2026_1295_1395,0.261504471
2026_1295_1397,0.170219377
2026_1295_1398,0.51556623
2026_1295_1400,0.27413103
2026_1295_1401,0.284144372
2026_1295_1403,0.141364992
2026_1295_1407,0.473097533
2026_1295_1416,0.247436062
2026_1295_1417,0.231995851
2026_1295_1420,0.642654002
2026_1295_1429,0.257615715
2026_1295_1433,0.238683686
2026_1295_1435,0.146630734
2026_1295_1437,0.25549686
2026_1295_1438,0.103726372
2026_1295_1458,0.14088814
2026_1295_1460,0.511467338
2026_1295_1465,0.442451686
2026_1295_1474,0.523672104
2026_1301_1304,0.351684958
2026_1301_1314,0.334039897
2026_1301_1320,0.519111931
2026_1301_1326,0.354071438
2026_1301_1335,0.633494377
2026_1301_1341,0.809197247
2026_1301_1345,0.236661151
2026_1301_1365,0.386228442
2026_1301_1373,0.695133269
2026_1301_1374,0.493122369
2026_1301_1378,0.459252059
2026_1301_1385,0.251508206
2026_1301_1387,0.379487664
2026_1301_1388,0.295630068
2026_1301_1395,0.410143286
2026_1301_1397,0.364081323
2026_1301_1398,0.724812627
2026_1301_1400,0.494163185
2026_1301_1401,0.516681135
2026_1301_1403,0.339768052
2026_1301_1407,0.693249524
2026_1301_1416,0.475977272
2026_1301_1417,0.366732657
2026_1301_1420,0.716505945
2026_1301_1429,0.332540363
2026_1301_1433,0.4439255
2026_1301_1435,0.290475488
2026_1301_1437,0.394863129
2026_1301_1438,0.237522095
2026_1301_1458,0.309071988
2026_1301_1460,0.737978399
2026_1301_1465,0.697081625
2026_1301_1474,0.724170506
2026_1304_1314,0.571173728
2026_1304_1320,0.668096781
2026_1304_1326,0.580118775
2026_1304_1335,0.762313843
2026_1304_1341,0.887235343
2026_1304_1345,0.314256817
2026_1304_1365,0.60300988
2026_1304_1373,0.876882434
2026_1304_1374,0.639089346
2026_1304_1378,0.65726316
2026_1304_1385,0.467933595
2026_1304_1387,0.603352964
2026_1304_1388,0.587594807
2026_1304_1395,0.576250911
2026_1304_1397,0.564215899
2026_1304_1398,0.851048827
2026_1304_1400,0.650288284
2026_1304_1401,0.643850565
2026_1304_1403,0.525331974
2026_1304_1407,0.847789288
2026_1304_1416,0.603033066
2026_1304_1417,0.583642244
2026_1304_1420,0.894484043
2026_1304_1429,0.619938374
2026_1304_1433,0.660060585
2026_1304_1435,0.54251796
2026_1304_1437,0.589274824
2026_1304_1438,0.352432758
2026_1304_1458,0.534468055
2026_1304_1460,0.854044259
2026_1304_1465,0.848014176
2026_1304_1474,0.882461369
2026_1314_1320,0.653502345
2026_1314_1326,0.604451418
2026_1314_1335,0.753754675
2026_1314_1341,0.883937478
2026_1314_1345,0.372486144
2026_1314_1365,0.643142581
2026_1314_1373,0.86324507
2026_1314_1374,0.679911792
2026_1314_1378,0.66111356
2026_1314_1385,0.369487226
2026_1314_1387,0.593651354
2026_1314_1388,0.531883717
2026_1314_1395,0.600996912
2026_1314_1397,0.52747345
2026_1314_1398,0.844347179
2026_1314_1400,0.653619528
2026_1314_1401,0.68293947
2026_1314_1403,0.45840922
2026_1314_1407,0.801603794
2026_1314_1416,0.662198067
2026_1314_1417,0.555502176
2026_1314_1420,0.869486272
2026_1314_1429,0.646942198
2026_1314_1433,0.657141149
2026_1314_1435,0.492607474
2026_1314_1437,0.601989508
2026_1314_1438,0.335845023
2026_1314_1458,0.482338876
2026_1314_1460,0.838471413
2026_1314_1465,0.794483244
2026_1314_1474,0.865372717
2026_1320_1326,0.382582158
2026_1320_1335,0.59835875
2026_1320_1341,0.764355183
2026_1320_1345,0.252141923
2026_1320_1365,0.361679018
2026_1320_1373,0.651696444
2026_1320_1374,0.471512914
2026_1320_1378,0.480612576
2026_1320_1385,0.277527273
2026_1320_1387,0.404786199
2026_1320_1388,0.328343272
2026_1320_1395,0.388939857
2026_1320_1397,0.387375027
2026_1320_1398,0.666289449
2026_1320_1400,0.46711427
2026_1320_1401,0.458514541
2026_1320_1403,0.31705752
2026_1320_1407,0.622091532
2026_1320_1416,0.432398289
2026_1320_1417,0.384386212
2026_1320_1420,0.688506484
2026_1320_1429,0.389512241
2026_1320_1433,0.428497761
2026_1320_1435,0.311625272
2026_1320_1437,0.408225417
2026_1320_1438,0.248790339
2026_1320_1458,0.306342512
2026_1320_1460,0.681525946
2026_1320_1465,0.60875392
2026_1320_1474,0.693773508
2026_1326_1335,0.650810063
2026_1326_1341,0.782709837
2026_1326_1345,0.307157636
2026_1326_1365,0.599800766
2026_1326_1373,0.715960801
2026_1326_1374,0.67703265
2026_1326_1378,0.613524258
2026_1326_1385,0.265260398
2026_1326_1387,0.493782073
2026_1326_1388,0.456601709
2026_1326_1395,0.541065514
2026_1326_1397,0.411774367
2026_1326_1398,0.703277707
2026_1326_1400,0.649060011
2026_1326_1401,0.664943933
2026_1326_1403,0.383734137
2026_1326_1407,0.703447819
2026_1326_1416,0.653536916
2026_1326_1417,0.484113693
2026_1326_1420,0.733511925
2026_1326_1429,0.554179847
2026_1326_1433,0.60941869
2026_1326_1435,0.413326234
2026_1326_1437,0.521463692
2026_1326_1438,0.285435259
2026_1326_1458,0.394628912
2026_1326_1460,0.738981187
2026_1326_1465,0.692293406
2026_1326_1474,0.720470607
2026_1335_1341,0.760225832
2026_1335_1345,0.130913541
2026_1335_1365,0.299636304
2026_1335_1373,0.641040862
2026_1335_1374,0.326919973
2026_1335_1378,0.339263707
2026_1335_1385,0.154334828
2026_1335_1387,0.359482259
2026_1335_1388,0.188214213
2026_1335_1395,0.314807832
2026_1335_1397,0.238167748
2026_1335_1398,0.578313172
2026_1335_1400,0.349385828
2026_1335_1401,0.417192996
2026_1335_1403,0.191319808
2026_1335_1407,0.504696131
2026_1335_1416,0.324579626
2026_1335_1417,0.293980151
2026_1335_1420,0.705928624
2026_1335_1429,0.241648942
2026_1335_1433,0.252812773
2026_1335_1435,0.169469342
2026_1335_1437,0.338657409
2026_1335_1438,0.117387898
2026_1335_1458,0.181394115
2026_1335_1460,0.570752621
2026_1335_1465,0.498369008
2026_1335_1474,0.623666465
2026_1341_1345,0.092085235
2026_1341_1365,0.166087449
2026_1341_1373,0.313045502
2026_1341_1374,0.169895306
2026_1341_1378,0.173721641
2026_1341_1385,0.077549823
2026_1341_1387,0.172356695
2026_1341_1388,0.108337462
2026_1341_1395,0.229852378
2026_1341_1397,0.10173548
2026_1341_1398,0.250046074
2026_1341_1400,0.196029261
2026_1341_1401,0.240739107
2026_1341_1403,0.089878589
2026_1341_1407,0.249637261
2026_1341_1416,0.177073777
2026_1341_1417,0.15854907
2026_1341_1420,0.375373244
2026_1341_1429,0.150208265
2026_1341_1433,0.165117636
2026_1341_1435,0.088948578
2026_1341_1437,0.17786023
2026_1341_1438,0.080653705
2026_1341_1458,0.093951069
2026_1341_1460,0.252706021
2026_1341_1465,0.202977836
2026_1341_1474,0.367661268
2026_1345_1365,0.681441784
2026_1345_1373,0.921198964
2026_1345_1374,0.743247986
2026_1345_1378,0.736840844
2026_1345_1385,0.583853602
2026_1345_1387,0.753376245
2026_1345_1388,0.616583705
2026_1345_1395,0.658819079
2026_1345_1397,0.683099151
2026_1345_1398,0.905531287
2026_1345_1400,0.751594722
2026_1345_1401,0.762052536
2026_1345_1403,0.657581329
2026_1345_1407,0.903523028
2026_1345_1416,0.788416803
2026_1345_1417,0.62115705
2026_1345_1420,0.90839535
2026_1345_1429,0.694868028
2026_1345_1433,0.726313055
2026_1345_1435,0.634961665
2026_1345_1437,0.701486111
2026_1345_1438,0.541469812
2026_1345_1458,0.650698841
2026_1345_1460,0.912146091
2026_1345_1465,0.896481335
2026_1345_1474,1
2026_1365_1373,0.803853631
2026_1365_1374,0.639662206
2026_1365_1378,0.568389356
2026_1365_1385,0.256740302
2026_1365_1387,0.495133549
2026_1365_1388,0.369127721
2026_1365_1395,0.488337338
2026_1365_1397,0.411114216
2026_1365_1398,0.798945189
2026_1365_1400,0.637268245
2026_1365_1401,0.599055111
2026_1365_1403,0.351221859
2026_1365_1407,0.786871493
2026_1365_1416,0.592523873
2026_1365_1417,0.407121807
2026_1365_1420,0.803396344
2026_1365_1429,0.480864614
2026_1365_1433,0.559919834
2026_1365_1435,0.379701704
2026_1365_1437,0.42221874
2026_1365_1438,0.300026923
2026_1365_1458,0.338452727
2026_1365_1460,0.817005277
2026_1365_1465,0.725264907
2026_1365_1474,0.807444572
2026_1373_1374,0.273286492
2026_1373_1378,0.236610472
2026_1373_1385,0.074326232
2026_1373_1387,0.265088409
2026_1373_1388,0.105766401
2026_1373_1395,0.239083171
2026_1373_1397,0.138362989
2026_1373_1398,0.484033912
2026_1373_1400,0.312349498
2026_1373_1401,0.32469359
2026_1373_1403,0.101729669
2026_1373_1407,0.386407226
2026_1373_1416,0.27630046
2026_1373_1417,0.177491307
2026_1373_1420,0.531293154
2026_1373_1429,0.203787431
2026_1373_1433,0.215162009
2026_1373_1435,0.096202858
2026_1373_1437,0.220714092
2026_1373_1438,0.07156989
2026_1373_1458,0.102568194
2026_1373_1460,0.408991337
2026_1373_1465,0.3795394
2026_1373_1474,0.523174226
2026_1374_1378,0.488341212
2026_1374_1385,0.266898006
2026_1374_1387,0.350162208
2026_1374_1388,0.296039075
2026_1374_1395,0.399895012
2026_1374_1397,0.332761079
2026_1374_1398,0.753036439
2026_1374_1400,0.498738319
2026_1374_1401,0.517826676
2026_1374_1403,0.317876101
2026_1374_1407,0.722640157
2026_1374_1416,0.485973835
2026_1374_1417,0.364592791
2026_1374_1420,0.754913807
2026_1374_1429,0.343043029
2026_1374_1433,0.466403842
2026_1374_1435,0.303252995
2026_1374_1437,0.409900457
2026_1374_1438,0.240133345
2026_1374_1458,0.322605282
2026_1374_1460,0.766572118
2026_1374_1465,0.702894688
2026_1374_1474,0.74733758
2026_1378_1385,0.248708218
2026_1378_1387,0.40364483
2026_1378_1388,0.340924889
2026_1378_1395,0.413886398
2026_1378_1397,0.370249569
2026_1378_1398,0.758682489
2026_1378_1400,0.511227608
2026_1378_1401,0.508418143
2026_1378_1403,0.33528626
2026_1378_1407,0.741762161
2026_1378_1416,0.538478196
2026_1378_1417,0.374277771
2026_1378_1420,0.74455899
2026_1378_1429,0.381422848
2026_1378_1433,0.464151084
2026_1378_1435,0.348116279
2026_1378_1437,0.385353863
2026_1378_1438,0.2864739
2026_1378_1458,0.341373324
2026_1378_1460,0.75122416
2026_1378_1465,0.664420545
2026_1378_1474,0.758311868
2026_1385_1387,0.726173103
2026_1385_1388,0.624500215
2026_1385_1395,0.735156536
2026_1385_1397,0.608924389
2026_1385_1398,0.894924223
2026_1385_1400,0.742062688
2026_1385_1401,0.762023449
2026_1385_1403,0.602195263
2026_1385_1407,0.872112155
2026_1385_1416,0.785861671
2026_1385_1417,0.737449467
2026_1385_1420,0.917319417
2026_1385_1429,0.699938953
2026_1385_1433,0.670946717
2026_1385_1435,0.561746418
2026_1385_1437,0.749582231
2026_1385_1438,0.399781197
2026_1385_1458,0.59910953
2026_1385_1460,0.899795771
2026_1385_1465,0.867894232
2026_1385_1474,0.88777703
2026_1387_1388,0.357229352
2026_1387_1395,0.483396977
2026_1387_1397,0.402678639
2026_1387_1398,0.728310049
2026_1387_1400,0.633362234
2026_1387_1401,0.550717771
2026_1387_1403,0.394244105
2026_1387_1407,0.733978331
2026_1387_1416,0.567375362
2026_1387_1417,0.400062412
2026_1387_1420,0.775309324
2026_1387_1429,0.506186485
2026_1387_1433,0.566784561
2026_1387_1435,0.402699918
2026_1387_1437,0.471525997
2026_1387_1438,0.269169182
2026_1387_1458,0.383083642
2026_1387_1460,0.754410028
2026_1387_1465,0.710503221
2026_1387_1474,0.781723738
2026_1388_1395,0.627934456
2026_1388_1397,0.51034987
2026_1388_1398,0.854260623
2026_1388_1400,0.721467853
2026_1388_1401,0.734102964
2026_1388_1403,0.420559615
2026_1388_1407,0.840069413
2026_1388_1416,0.7567994
2026_1388_1417,0.56305337
2026_1388_1420,0.866993964
2026_1388_1429,0.649125755
2026_1388_1433,0.634085953
2026_1388_1435,0.435506463
2026_1388_1437,0.616113484
2026_1388_1438,0.356954962
2026_1388_1458,0.418782532
2026_1388_1460,0.856272757
2026_1388_1465,0.825482428
2026_1388_1474,0.85965842
2026_1395_1397,0.42427972
2026_1395_1398,0.747492194
2026_1395_1400,0.646575272
2026_1395_1401,0.604916513
2026_1395_1403,0.397005439
2026_1395_1407,0.741885126
2026_1395_1416,0.616375268
2026_1395_1417,0.438977182
2026_1395_1420,0.792876124
2026_1395_1429,0.502975345
2026_1395_1433,0.574816763
2026_1395_1435,0.422466338
2026_1395_1437,0.482830048
2026_1395_1438,0.304642349
2026_1395_1458,0.404113531
2026_1395_1460,0.775035799
2026_1395_1465,0.684258342
2026_1395_1474,0.781956553
2026_1397_1398,0.849654973
2026_1397_1400,0.638834536
2026_1397_1401,0.63947916
2026_1397_1403,0.434344321
2026_1397_1407,0.802524328
2026_1397_1416,0.643693268
2026_1397_1417,0.530749798
2026_1397_1420,0.870891392
2026_1397_1429,0.614414454
2026_1397_1433,0.610275865
2026_1397_1435,0.484056503
2026_1397_1437,0.589247465
2026_1397_1438,0.297151923
2026_1397_1458,0.499621451
2026_1397_1460,0.84543407
2026_1397_1465,0.796302736
2026_1397_1474,0.865645766
2026_1398_1400,0.284353048
2026_1398_1401,0.301202714
2026_1398_1403,0.125999808
2026_1398_1407,0.381051719
2026_1398_1416,0.26189509
2026_1398_1417,0.208409637
2026_1398_1420,0.503322363
2026_1398_1429,0.194347173
2026_1398_1433,0.210938171
2026_1398_1435,0.114181988
2026_1398_1437,0.242106482
2026_1398_1438,0.09298759
2026_1398_1458,0.129385829
2026_1398_1460,0.455787271
2026_1398_1465,0.348937362
2026_1398_1474,0.494377136
2026_1400_1401,0.513625145
2026_1400_1403,0.300927907
2026_1400_1407,0.664247513
2026_1400_1416,0.478429079
2026_1400_1417,0.368733585
2026_1400_1420,0.681501389
2026_1400_1429,0.358520448
2026_1400_1433,0.426295996
2026_1400_1435,0.289222836
2026_1400_1437,0.378918201
2026_1400_1438,0.227956012
2026_1400_1458,0.326836079
2026_1400_1460,0.700485408
2026_1400_1465,0.615855396
2026_1400_1474,0.694839776
2026_1401_1403,0.320856988
2026_1401_1407,0.640248358
2026_1401_1416,0.482342631
2026_1401_1417,0.347966164
2026_1401_1420,0.674935102
2026_1401_1429,0.377516687
2026_1401_1433,0.446505308
2026_1401_1435,0.285145283
2026_1401_1437,0.369235605
2026_1401_1438,0.227866098
2026_1401_1458,0.293868095
2026_1401_1460,0.697588444
2026_1401_1465,0.657210588
2026_1401_1474,0.661975384
2026_1403_1407,0.81922102
2026_1403_1416,0.678338587
2026_1403_1417,0.599300086
2026_1403_1420,0.903988004
2026_1403_1429,0.616411984
2026_1403_1433,0.647257447
2026_1403_1435,0.508682609
2026_1403_1437,0.605414152
2026_1403_1438,0.325014085
2026_1403_1458,0.524603605
2026_1403_1460,0.870335281
2026_1403_1465,0.826257169
2026_1403_1474,0.85965687
2026_1407_1416,0.269715309
2026_1407_1417,0.247913986
2026_1407_1420,0.584643185
2026_1407_1429,0.206768543
2026_1407_1433,0.227977917
2026_1407_1435,0.136112109
2026_1407_1437,0.27066052
2026_1407_1438,0.103756323
2026_1407_1458,0.162333846
2026_1407_1460,0.54599601
2026_1407_1465,0.450696766
2026_1407_1474,0.577422976
2026_1416_1417,0.370289773
2026_1416_1420,0.753760517
2026_1416_1429,0.292262375
2026_1416_1433,0.40020135
2026_1416_1435,0.217419058
2026_1416_1437,0.397841543
2026_1416_1438,0.178447038
2026_1416_1458,0.306622297
2026_1416_1460,0.766716897
2026_1416_1465,0.728791833
2026_1416_1474,0.755529702
2026_1417_1420,0.814018965
2026_1417_1429,0.583314776
2026_1417_1433,0.595911443
2026_1417_1435,0.413748384
2026_1417_1437,0.548152566
2026_1417_1438,0.303251058
2026_1417_1458,0.384436548
2026_1417_1460,0.786386847
2026_1417_1465,0.718470991
2026_1417_1474,0.782258332
2026_1420_1429,0.217533559
2026_1420_1433,0.228089824
2026_1420_1435,0.100490741
2026_1420_1437,0.207489252
2026_1420_1438,0.086194865
2026_1420_1458,0.097708002
2026_1420_1460,0.386059463
2026_1420_1465,0.337978423
2026_1420_1474,0.467272788
2026_1429_1433,0.589177907
2026_1429_1435,0.383537292
2026_1429_1437,0.474163026
2026_1429_1438,0.318119317
2026_1429_1458,0.366188318
2026_1429_1460,0.799034536
2026_1429_1465,0.720921993
2026_1429_1474,0.796644926
2026_1433_1435,0.375607491
2026_1433_1437,0.455316424
2026_1433_1438,0.302680343
2026_1433_1458,0.361967564
2026_1433_1460,0.814859211
2026_1433_1465,0.766035497
2026_1433_1474,0.819709599
2026_1435_1437,0.582696617
2026_1435_1438,0.352491498
2026_1435_1458,0.521184862
2026_1435_1460,0.887666404
2026_1435_1465,0.830753207
2026_1435_1474,0.881940424
2026_1437_1438,0.261717021
2026_1437_1458,0.386639386
2026_1437_1460,0.747685075
2026_1437_1465,0.712139428
2026_1437_1474,0.801462114
2026_1438_1458,0.685001612
2026_1438_1460,0.928888083
2026_1438_1465,0.903987765
2026_1438_1474,0.925176322
2026_1458_1460,0.85764873
2026_1458_1465,0.82940942
2026_1458_1474,0.84126246
2026_1460_1465,0.396930724
2026_1460_1474,0.579580426
2026_1465_1474,0.654039264
2026_3104_3113,0.655352294
2026_3104_3124,0.522904813
2026_3104_3155,0.590429783
2026_3104_3158,0.848142266
2026_3104_3160,0.636421025
2026_3104_3161,0.728457212
2026_3104_3163,0.094355904
2026_3104_3181,0.144182593
2026_3104_3192,0.862206757
2026_3104_3193,0.64775598
2026_3104_3208,0.514062226
2026_3104_3211,0.665559769
2026_3104_3219,0.874570489
2026_3104_3221,0.854210794
2026_3104_3224,0.861619473
2026_3104_3225,0.836767733
2026_3104_3228,0.562844157
2026_3104_3234,0.246719122
2026_3104_3235,0.596826613
2026_3104_3239,0.879880965
2026_3104_3241,0.649546564
2026_3104_3246,0.354313672
2026_3104_3257,0.175582916
2026_3104_3261,0.098378204
2026_3104_3268,0.353596002
2026_3104_3275,0.81358552
2026_3104_3276,0.124115631
2026_3104_3277,0.400091112
2026_3104_3278,0.241151407
2026_3104_3279,0.436291039
2026_3104_3283,0.862634957
2026_3104_3293,0.732844591
2026_3104_3301,0.521495104
2026_3104_3304,0.597382486
2026_3104_3314,0.163160935
2026_3104_3323,0.44711715
2026_3104_3326,0.174312279
2026_3104_3328,0.211171329
2026_3104_3329,0.545989633
2026_3104_3332,0.627200663
2026_3104_3343,0.624111056
2026_3104_3348,0.658514798
2026_3104_3350,0.631340742
2026_3104_3355,0.603161037
2026_3104_3359,0.89085561
2026_3104_3372,0.868390143
2026_3104_3376,0.072324097
2026_3104_3380,0.903511941
2026_3104_3393,0.616229057
2026_3104_3395,0.110622086
2026_3104_3397,0.5682621
2026_3104_3400,0.077142626
2026_3104_3403,0.529374123
2026_3104_3417,0.086539164
2026_3104_3425,0.585828006
2026_3104_3427,0.828765273
2026_3104_3435,0.137535527
2026_3104_3436,0.824790716
2026_3104_3437,0.623814285
2026_3104_3438,0.591927409
2026_3104_3439,0.558919847
2026_3104_3442,0.826378822
2026_3104_3449,0.530241132
2026_3104_3452,0.129095286
2026_3104_3453,0.798291981
2026_3104_3465,0.841329515
2026_3104_3471,0.855583012
2026_3113_3124,0.375605136
2026_3113_3155,0.349352986
2026_3113_3158,0.726393461
2026_3113_3160,0.46663481
2026_3113_3161,0.631186306
2026_3113_3163,0.077160336
2026_3113_3181,0.107107185
2026_3113_3192,0.7075302
2026_3113_3193,0.469898641
2026_3113_3208,0.36648348
2026_3113_3211,0.60398823
2026_3113_3219,0.739056349
2026_3113_3221,0.717805922
2026_3113_3224,0.766625345
2026_3113_3225,0.727376759
2026_3113_3228,0.358035386
2026_3113_3234,0
2026_3113_3235,0.401457459
2026_3113_3239,0.762143016
2026_3113_3241,0.530694544
2026_3113_3246,0.278149128
2026_3113_3257,0.088250302
2026_3113_3261,0.086145833
2026_3113_3268,0.295950413
2026_3113_3275,0.72045666
2026_3113_3276,0.10684327
2026_3113_3277,0.312137157
2026_3113_3278,0.164786756
2026_3113_3279,0.297572464
2026_3113_3283,0.744490147
2026_3113_3293,0.610006034
2026_3113_3301,0.31419459
2026_3113_3304,0.444552511
2026_3113_3314,0.105015352
2026_3113_3323,0.19935672
2026_3113_3326,0.123891175
2026_3113_3328,0.107728578
2026_3113_3329,0.352681935
2026_3113_3332,0.393052191
2026_3113_3343,0.319092095
2026_3113_3348,0.423436671
2026_3113_3350,0.456263155
2026_3113_3355,0.420072705
2026_3113_3359,0.783584833
2026_3113_3372,0.765465081
2026_3113_3376,0.063056
2026_3113_3380,0.790932298
2026_3113_3393,0.413558096
2026_3113_3395,0.107420236
2026_3113_3397,0.411179453
2026_3113_3400,0.059996754
2026_3113_3403,0.395138651
2026_3113_3417,0.074740358
2026_3113_3425,0.38896063
2026_3113_3427,0.670211434
2026_3113_3435,0.091593608
2026_3113_3436,0.701553583
2026_3113_3437,0.379842997
2026_3113_3438,0.427274913
2026_3113_3439,0.391536891
2026_3113_3442,0.729123592
2026_3113_3449,0.37070027
2026_3113_3452,0.112479493
2026_3113_3453,0.721727312
2026_3113_3465,0.715891063
2026_3113_3471,0.758968711
2026_3124_3155,0.567220271
2026_3124_3158,0.86877346
2026_3124_3160,0.608395278
2026_3124_3161,0.743722737
2026_3124_3163,0.108485617
2026_3124_3181,0.227997005
2026_3124_3192,0.899382889
2026_3124_3193,0.678360224
2026_3124_3208,0.510630965
2026_3124_3211,0.643990874
2026_3124_3219,0.912723899
2026_3124_3221,0.89024353
2026_3124_3224,0.886262834
2026_3124_3225,0.860768199
2026_3124_3228,0.530918956
2026_3124_3234,0.229831785
2026_3124_3235,0.602363706
2026_3124_3239,0.907855928
2026_3124_3241,0.667351723
2026_3124_3246,0.369664669
2026_3124_3257,0.187431857
2026_3124_3261,0.125094399
2026_3124_3268,0.339752078
2026_3124_3275,0.835897803
2026_3124_3276,0.155092642
2026_3124_3277,0.391591966
2026_3124_3278,0.297178656
2026_3124_3279,0.423514962
2026_3124_3283,0.901738584
2026_3124_3293,0.742559195
2026_3124_3301,0.477564961
2026_3124_3304,0.621326804
2026_3124_3314,0.291555613
2026_3124_3323,0.446336985
2026_3124_3326,0.264608741
2026_3124_3328,0.228585929
2026_3124_3329,0.564631701
2026_3124_3332,0.595708191
2026_3124_3343,0.621212602
2026_3124_3348,0.665598691
2026_3124_3350,0.626449883
2026_3124_3355,0.624830723
2026_3124_3359,0.915931106
2026_3124_3372,0.908025146
2026_3124_3376,0.085067257
2026_3124_3380,0.92583257
2026_3124_3393,0.604560673
2026_3124_3395,0.159230322
2026_3124_3397,0.555063844
2026_3124_3400,0.087808773
2026_3124_3403,0.542297661
2026_3124_3417,0.099713646
2026_3124_3425,0.576569498
2026_3124_3427,0.874428332
2026_3124_3435,0.163840145
2026_3124_3436,0.848198533
2026_3124_3437,0.596061885
2026_3124_3438,0.57878679
2026_3124_3439,0.561299384
2026_3124_3442,0.855326891
2026_3124_3449,0.494983733
2026_3124_3452,0.162585303
2026_3124_3453,0.829881132
2026_3124_3465,0.885259628
2026_3124_3471,0.878748775
2026_3155_3158,0.774893522
2026_3155_3160,0.62131834
2026_3155_3161,0.712628782
2026_3155_3163,0.125496089
2026_3155_3181,0.192356721
2026_3155_3192,0.776567161
2026_3155_3193,0.628702223
2026_3155_3208,0.483101875
2026_3155_3211,0.682848096
2026_3155_3219,0.806080639
2026_3155_3221,0.796250343
2026_3155_3224,0.798859358
2026_3155_3225,0.779309809
2026_3155_3228,0.492810369
2026_3155_3234,0.242292434
2026_3155_3235,0.523907542
2026_3155_3239,0.82281822
2026_3155_3241,0.653368294
2026_3155_3246,0.303143889
2026_3155_3257,0.143092975
2026_3155_3261,0.124182336
2026_3155_3268,0.335716367
2026_3155_3275,0.762955427
2026_3155_3276,0.14990963
2026_3155_3277,0.359281749
2026_3155_3278,0.272699773
2026_3155_3279,0.370055526
2026_3155_3283,0.819257975
2026_3155_3293,0.702992082
2026_3155_3301,0.400822222
2026_3155_3304,0.595575869
2026_3155_3314,0.166022897
2026_3155_3323,0.351780832
2026_3155_3326,0.18578057
2026_3155_3328,0.169559002
2026_3155_3329,0.47607255
2026_3155_3332,0.531356275
2026_3155_3343,0.508079708
2026_3155_3348,0.627174497
2026_3155_3350,0.622616291
2026_3155_3355,0.607036412
2026_3155_3359,0.843895972
2026_3155_3372,0.812355816
2026_3155_3376,0
2026_3155_3380,0.85531944
2026_3155_3393,0.563059747
2026_3155_3395,0.156388626
2026_3155_3397,0.565276265
2026_3155_3400,0.091099568
2026_3155_3403,0.519442976
2026_3155_3417,0.107953414
2026_3155_3425,0.541227221
2026_3155_3427,0.782823503
2026_3155_3435,0.141767129
2026_3155_3436,0.750098705
2026_3155_3437,0.609413862
2026_3155_3438,0.592779279
2026_3155_3439,0.546552718
2026_3155_3442,0.782366812
2026_3155_3449,0.414440542
2026_3155_3452,0.158954099
2026_3155_3453,0.762558043
2026_3155_3465,0.77409929
2026_3155_3471,0.790843785
2026_3158_3160,0.223404065
2026_3158_3161,0.322192967
2026_3158_3163,0.046750378
2026_3158_3181,0.045532562
2026_3158_3192,0.525217116
2026_3158_3193,0.231677026
2026_3158_3208,0.177651376
2026_3158_3211,0.240630299
2026_3158_3219,0.580078125
2026_3158_3221,0.4686836
2026_3158_3224,0.51644671
2026_3158_3225,0.376434237
2026_3158_3228,0.17486681
2026_3158_3234,0.056716602
2026_3158_3235,0.202870801
2026_3158_3239,0.519320905
2026_3158_3241,0.20689036
2026_3158_3246,0.07888601
2026_3158_3257,0.047323652
2026_3158_3261,0.039236169
2026_3158_3268,0.085147798
2026_3158_3275,0.381604493
2026_3158_3276,0.045149907
2026_3158_3277,0.081361428
2026_3158_3278,0.078141004
2026_3158_3279,0.08487232
2026_3158_3283,0.624741256
2026_3158_3293,0.242916554
2026_3158_3301,0.125904873
2026_3158_3304,0.210059494
2026_3158_3314,0.059940651
2026_3158_3323,0.105282344
2026_3158_3326,0.048668493
2026_3158_3328,0.061214831
2026_3158_3329,0.188569605
2026_3158_3332,0.18329832
2026_3158_3343,0.159369022
2026_3158_3348,0.217528746
2026_3158_3350,0.20098789
2026_3158_3355,0.201028153
2026_3158_3359,0.773235023
2026_3158_3372,0.641082227
2026_3158_3376,0.039234675
2026_3158_3380,0.801108718
2026_3158_3393,0.186627373
2026_3158_3395,0.044145893
2026_3158_3397,0.188314006
2026_3158_3400,0.04082112
2026_3158_3403,0.187332034
2026_3158_3417,0.044069204
2026_3158_3425,0.183618769
2026_3158_3427,0.547854066
2026_3158_3435,0.044415411
2026_3158_3436,0.427481443
2026_3158_3437,0.151826829
2026_3158_3438,0.181628749
2026_3158_3439,0.170956939
2026_3158_3442,0.397711307
2026_3158_3449,0.128896177
2026_3158_3452,0.061601177
2026_3158_3453,0.436164141
2026_3158_3465,0.613688469
2026_3158_3471,0.500301719
2026_3160_3161,0.690094352
2026_3160_3163,0
2026_3160_3181,0.133140728
2026_3160_3192,0.74930805
2026_3160_3193,0.561053574
2026_3160_3208,0.407329768
2026_3160_3211,0.638485432
2026_3160_3219,0.811987519
2026_3160_3221,0.764198959
2026_3160_3224,0.81879878
2026_3160_3225,0.787168384
2026_3160_3228,0.386303544
2026_3160_3234,0.219954759
2026_3160_3235,0.431049615
2026_3160_3239,0.795116305
2026_3160_3241,0.627004564
2026_3160_3246,0.287577093
2026_3160_3257,0.151432589
2026_3160_3261,0.120733306
2026_3160_3268,0.305580467
2026_3160_3275,0.759952486
2026_3160_3276,0.139769942
2026_3160_3277,0.313617855
2026_3160_3278,0.243101716
2026_3160_3279,0.325975418
2026_3160_3283,0.79452467
2026_3160_3293,0.700076282
2026_3160_3301,0.337441385
2026_3160_3304,0.505831718
2026_3160_3314,0.197036251
2026_3160_3323,0.302049518
2026_3160_3326,0.174236372
2026_3160_3328,0.207256541
2026_3160_3329,0.38671422
2026_3160_3332,0.419025928
2026_3160_3343,0.412845105
2026_3160_3348,0.560584307
2026_3160_3350,0.518009424
2026_3160_3355,0.480932355
2026_3160_3359,0.850831389
2026_3160_3372,0.803603709
2026_3160_3376,0.080445416
2026_3160_3380,0.865982354
2026_3160_3393,0.448836565
2026_3160_3395,0.143209621
2026_3160_3397,0.44676882
2026_3160_3400,0.079015747
2026_3160_3403,0.389031917
2026_3160_3417,0.09284272
2026_3160_3425,0.429388344
2026_3160_3427,0.723140895
2026_3160_3435,0
2026_3160_3436,0.742850602
2026_3160_3437,0.449570805
2026_3160_3438,0.455948502
2026_3160_3439,0.418019921
2026_3160_3442,0.774207771
2026_3160_3449,0.390759975
2026_3160_3452,0.139225423
2026_3160_3453,0.758942902
2026_3160_3465,0.770174623
2026_3160_3471,0.79024148
2026_3161_3163,0.062121242
2026_3161_3181,0.080108456
2026_3161_3192,0.689565063
2026_3161_3193,0.373775035
2026_3161_3208,0.249950424
2026_3161_3211,0.449689746
2026_3161_3219,0.741782248
2026_3161_3221,0.65528965
2026_3161_3224,0.700921237
2026_3161_3225,0.595876575
2026_3161_3228,0.246193901
2026_3161_3234,0.098565556
2026_3161_3235,0.268520772
2026_3161_3239,0.684242487
2026_3161_3241,0.439063668
2026_3161_3246,0.171845764
2026_3161_3257,0.086621828
2026_3161_3261,0.064640611
2026_3161_3268,0.186633587
2026_3161_3275,0.601752698
2026_3161_3276,0.078481942
2026_3161_3277,0.183589503
2026_3161_3278,0.134431511
2026_3161_3279,0.181272909
2026_3161_3283,0.701795518
2026_3161_3293,0.541537523
2026_3161_3301,0.188672006
2026_3161_3304,0.359571844
2026_3161_3314,0.110003732
2026_3161_3323,0.197601214
2026_3161_3326,0.10042157
2026_3161_3328,0.130661115
2026_3161_3329,0.252177268
2026_3161_3332,0.248136923
2026_3161_3343,0.267775029
2026_3161_3348,0.364780247
2026_3161_3350,0.330573916
2026_3161_3355,0.339884669
2026_3161_3359,0.75519675
2026_3161_3372,0.685700417
2026_3161_3376,0
2026_3161_3380,0.779271007
2026_3161_3393,0.245108157
2026_3161_3395,0.080734797
2026_3161_3397,0.253566772
2026_3161_3400,0.049101524
2026_3161_3403,0.27580753
2026_3161_3417,0.059345916
2026_3161_3425,0.242443472
2026_3161_3427,0.581131697
2026_3161_3435,0.079202466
2026_3161_3436,0.633147061
2026_3161_3437,0.235761911
2026_3161_3438,0.251281559
2026_3161_3439,0.221426591
2026_3161_3442,0.612858176
2026_3161_3449,0.242987975
2026_3161_3452,0.098233625
2026_3161_3453,0.607711673
2026_3161_3465,0.646715462
2026_3161_3471,0.673860312
2026_3163_3181,0.854686797
2026_3163_3192,0.943508446
2026_3163_3193,1
2026_3163_3208,0.910734892
2026_3163_3211,0.91977495
2026_3163_3219,1
2026_3163_3221,0.946700573
2026_3163_3224,1
2026_3163_3225,0.955540299
2026_3163_3228,1
2026_3163_3234,0.805775046
2026_3163_3235,1
2026_3163_3239,0.955516815
2026_3163_3241,0.920061171
2026_3163_3246,0.867860079
2026_3163_3257,0.873277903
2026_3163_3261,0.70503664
2026_3163_3268,1
2026_3163_3275,0.952754259
2026_3163_3276,0.813698471
2026_3163_3277,0.885228515
2026_3163_3278,0.858342409
2026_3163_3279,0.888301373
2026_3163_3283,0.954562008
2026_3163_3293,1
2026_3163_3301,0.869311273
2026_3163_3304,0.905328453
2026_3163_3314,1
2026_3163_3323,0.883390844
2026_3163_3326,1
2026_3163_3328,0.893709838
2026_3163_3329,0.897330999
2026_3163_3332,1
2026_3163_3343,0.898522794
2026_3163_3348,0.885089934
2026_3163_3350,0.903711319
2026_3163_3355,0.888783336
2026_3163_3359,0.953168035
2026_3163_3372,0.955699265
2026_3163_3376,0.649674714
2026_3163_3380,0.955478907
2026_3163_3393,1
2026_3163_3395,0.877409458
2026_3163_3397,0.900256276
2026_3163_3400,0.657866359
2026_3163_3403,0.90350765
2026_3163_3417,0.662636817
2026_3163_3425,0.900124431
2026_3163_3427,1
2026_3163_3435,1
2026_3163_3436,0.932170928
2026_3163_3437,0.893435299
2026_3163_3438,0.889855981
2026_3163_3439,0.901207685
2026_3163_3442,1
2026_3163_3449,0.897898555
2026_3163_3452,0.84562242
2026_3163_3453,0.9484393
2026_3163_3465,0.948169231
2026_3163_3471,0.956683576
2026_3181_3192,0.9444592
2026_3181_3193,0.863823593
2026_3181_3208,0.801625788
2026_3181_3211,0.874076486
2026_3181_3219,0.955261946
2026_3181_3221,0.957553148
2026_3181_3224,0.966112375
2026_3181_3225,0.939849615
2026_3181_3228,0.813813746
2026_3181_3234,0.534061313
2026_3181_3235,0.820572674
2026_3181_3239,0.963246644
2026_3181_3241,0.84750855
2026_3181_3246,0.702857077
2026_3181_3257,0.485084623
2026_3181_3261,0.28439033
2026_3181_3268,0.775173306
2026_3181_3275,0.938661158
2026_3181_3276,0.424024791
2026_3181_3277,0.774867713
2026_3181_3278,0.625765502
2026_3181_3279,0.734328806
2026_3181_3283,0.960356116
2026_3181_3293,0.906275868
2026_3181_3301,0.779784679
2026_3181_3304,0.828004718
2026_3181_3314,0.577074468
2026_3181_3323,0.711557329
2026_3181_3326,0.563466966
2026_3181_3328,0.53328526
2026_3181_3329,0.791533411
2026_3181_3332,0.826495588
2026_3181_3343,0.741408527
2026_3181_3348,0.82857126
2026_3181_3350,0.835078955
2026_3181_3355,0.827247083
2026_3181_3359,0.96429795
2026_3181_3372,0.962612092
2026_3181_3376,0.179758832
2026_3181_3380,0.964355469
2026_3181_3393,0.812414885
2026_3181_3395,0.488944292
2026_3181_3397,0.880751848
2026_3181_3400,0.155473277
2026_3181_3403,0.805176735
2026_3181_3417,0.13226752
2026_3181_3425,0.888428152
2026_3181_3427,0.956116736
2026_3181_3435,0.435173512
2026_3181_3436,0.9298352
2026_3181_3437,0.772742331
2026_3181_3438,0.809150755
2026_3181_3439,0.801318705
2026_3181_3442,0.941473186
2026_3181_3449,0.832718015
2026_3181_3452,0.560067713
2026_3181_3453,0.939626873
2026_3181_3465,0.957040131
2026_3181_3471,0.9619748
2026_3192_3193,0.198934272
2026_3192_3208,0.140770167
2026_3192_3211,0.252917737
2026_3192_3219,0.509671688
2026_3192_3221,0.422386259
2026_3192_3224,0.463463098
2026_3192_3225,0.292638302
2026_3192_3228,0.147010058
2026_3192_3234,0
2026_3192_3235,0.174352035
2026_3192_3239,0.475170344
2026_3192_3241,0.182748944
2026_3192_3246,0.083648168
2026_3192_3257,0.056509107
2026_3192_3261,0.046243232
2026_3192_3268,0.079581477
2026_3192_3275,0.315805763
2026_3192_3276,0.047816884
2026_3192_3277,0.088152803
2026_3192_3278,0.062222805
2026_3192_3279,0.089544557
2026_3192_3283,0.538900316
2026_3192_3293,0.243496716
2026_3192_3301,0.108394779
2026_3192_3304,0.21626541
2026_3192_3314,0.05096307
2026_3192_3323,0.086423568
2026_3192_3326,0.053016227
2026_3192_3328,0.060053308
2026_3192_3329,0.172127008
2026_3192_3332,0.163471773
2026_3192_3343,0.177440196
2026_3192_3348,0.196177319
2026_3192_3350,0.197921649
2026_3192_3355,0.200866669
2026_3192_3359,0.691023886
2026_3192_3372,0.555561066
2026_3192_3376,0.048270758
2026_3192_3380,0.732062042
2026_3192_3393,0.201351449
2026_3192_3395,0.054275509
2026_3192_3397,0.201078087
2026_3192_3400,0.046688545
2026_3192_3403,0.156083226
2026_3192_3417,0.052847985
2026_3192_3425,0.193434909
2026_3192_3427,0.501594245
2026_3192_3435,0.049904268
2026_3192_3436,0.367037714
2026_3192_3437,0.156456336
2026_3192_3438,0.194461107
2026_3192_3439,0.179041818
2026_3192_3442,0.326189458
2026_3192_3449,0.09660852
2026_3192_3452,0.054934978
2026_3192_3453,0.364610612
2026_3192_3465,0.502076805
2026_3192_3471,0.422033638
2026_3193_3208,0.328302264
2026_3193_3211,0.61907196
2026_3193_3219,0.849424243
2026_3193_3221,0.825648844
2026_3193_3224,0.8550632
2026_3193_3225,0.728102505
2026_3193_3228,0.331905395
2026_3193_3234,0.148589835
2026_3193_3235,0.341870576
2026_3193_3239,0.843951702
2026_3193_3241,0.555034697
2026_3193_3246,0.232946023
2026_3193_3257,0.146650359
2026_3193_3261,0.108184792
2026_3193_3268,0.216978312
2026_3193_3275,0.746284783
2026_3193_3276,0.123129904
2026_3193_3277,0.231329337
2026_3193_3278,0.18619518
2026_3193_3279,0.271841884
2026_3193_3283,0.859504819
2026_3193_3293,0.666314065
2026_3193_3301,0.259774715
2026_3193_3304,0.626209736
2026_3193_3314,0.184648618
2026_3193_3323,0.249961138
2026_3193_3326,0.179928511
2026_3193_3328,0.185384274
2026_3193_3329,0.308044583
2026_3193_3332,0.328155667
2026_3193_3343,0.349828631
2026_3193_3348,0.513691962
2026_3193_3350,0.4385086
2026_3193_3355,0.477179527
2026_3193_3359,0.859535038
2026_3193_3372,0.835094035
2026_3193_3376,0.083855249
2026_3193_3380,0.862917125
2026_3193_3393,0.35949415
2026_3193_3395,0.198403731
2026_3193_3397,0.548113227
2026_3193_3400,0.074229389
2026_3193_3403,0.352521598
2026_3193_3417,0.090326808
2026_3193_3425,0.357095212
2026_3193_3427,0.825671673
2026_3193_3435,0.123522155
2026_3193_3436,0.72642982
2026_3193_3437,0.383315772
2026_3193_3438,0.50053221
2026_3193_3439,0.31718415
2026_3193_3442,0.810313284
2026_3193_3449,0.313307703
2026_3193_3452,0.166275412
2026_3193_3453,0.807036579
2026_3193_3465,0.828929901
2026_3193_3471,0.7730335
2026_3208_3211,0.643428624
2026_3208_3219,0.845855415
2026_3208_3221,0.811480582
2026_3208_3224,0.844402969
2026_3208_3225,0.793002129
2026_3208_3228,0.517713487
2026_3208_3234,0
2026_3208_3235,0.549494326
2026_3208_3239,0.859095752
2026_3208_3241,0.639479041
2026_3208_3246,0.341526389
2026_3208_3257,0.171125948
2026_3208_3261,0.103817865
2026_3208_3268,0.317483068
2026_3208_3275,0.775876224
2026_3208_3276,0.123875834
2026_3208_3277,0.349221408
2026_3208_3278,0.325711697
2026_3208_3279,0.389278442
2026_3208_3283,0.873605669
2026_3208_3293,0.703971803
2026_3208_3301,0.427660674
2026_3208_3304,0.584158599
2026_3208_3314,0.220445514
2026_3208_3323,0.414686233
2026_3208_3326,0.20675315
2026_3208_3328,0.170792297
2026_3208_3329,0.507274926
2026_3208_3332,0.541936159
2026_3208_3343,0.581466496
2026_3208_3348,0.634698093
2026_3208_3350,0.616162777
2026_3208_3355,0.60588789
2026_3208_3359,0.894367278
2026_3208_3372,0.875372052
2026_3208_3376,0.075419083
2026_3208_3380,0.9114151
2026_3208_3393,0.577954412
2026_3208_3395,0.134542689
2026_3208_3397,0.535752952
2026_3208_3400,0.076314166
2026_3208_3403,0.528436244
2026_3208_3417,0.088391878
2026_3208_3425,0.582356036
2026_3208_3427,0.853210688
2026_3208_3435,0.129839465
2026_3208_3436,0.77752924
2026_3208_3437,0.579464555
2026_3208_3438,0.562508523
2026_3208_3439,0.557268023
2026_3208_3442,0.78700918
2026_3208_3449,0.472139388
2026_3208_3452,0.168885693
2026_3208_3453,0.767836392
2026_3208_3465,0.854237854
2026_3208_3471,0.834634185
2026_3211_3219,0.733510256
2026_3211_3221,0.701132119
2026_3211_3224,0.755702496
2026_3211_3225,0.640960932
2026_3211_3228,0.318515509
2026_3211_3234,0.163553089
2026_3211_3235,0.321101338
2026_3211_3239,0.73910898
2026_3211_3241,0.456988841
2026_3211_3246,0.22811991
2026_3211_3257,0.111777663
2026_3211_3261,0.089413337
2026_3211_3268,0.233969092
2026_3211_3275,0.617926836
2026_3211_3276,0.107948944
2026_3211_3277,0.241430476
2026_3211_3278,0.20395264
2026_3211_3279,0.241618514
2026_3211_3283,0.736750185
2026_3211_3293,0.557626784
2026_3211_3301,0.260072112
2026_3211_3304,0.393966824
2026_3211_3314,0.138052598
2026_3211_3323,0.264660835
2026_3211_3326,0.141388729
2026_3211_3328,0.152905121
2026_3211_3329,0.317102641
2026_3211_3332,0.315045536
2026_3211_3343,0.315154225
2026_3211_3348,0.419398934
2026_3211_3350,0.397200137
2026_3211_3355,0.402806073
2026_3211_3359,0.783422172
2026_3211_3372,0.732966006
2026_3211_3376,0.063864
2026_3211_3380,0.809656501
2026_3211_3393,0.308350623
2026_3211_3395,0.118242018
2026_3211_3397,0.272098154
2026_3211_3400,0.056587651
2026_3211_3403,0.34800899
2026_3211_3417,0
2026_3211_3425,0.283790946
2026_3211_3427,0.637753785
2026_3211_3435,0.108310103
2026_3211_3436,0.680968761
2026_3211_3437,0.305524737
2026_3211_3438,0.313670754
2026_3211_3439,0.287157446
2026_3211_3442,0.622659862
2026_3211_3449,0.310839534
2026_3211_3452,0.135239825
2026_3211_3453,0.607269228
2026_3211_3465,0.692247987
2026_3211_3471,0.719967067
2026_3219_3221,0.387193114
2026_3219_3224,0.456513852
2026_3219_3225,0.207053035
2026_3219_3228,0.140022695
2026_3219_3234,0.053174626
2026_3219_3235,0.158344582
2026_3219_3239,0.43681398
2026_3219_3241,0.138275221
2026_3219_3246,0.064605594
2026_3219_3257,0.041757572
2026_3219_3261,0.033649933
2026_3219_3268,0.06711974
2026_3219_3275,0.229874402
2026_3219_3276,0.039899167
2026_3219_3277,0.076248519
2026_3219_3278,0.050892256
2026_3219_3279,0.071532033
2026_3219_3283,0.519014418
2026_3219_3293,0.178888828
2026_3219_3301,0.093733422
2026_3219_3304,0.181616709
2026_3219_3314,0.040286127
2026_3219_3323,0.066540867
2026_3219_3326,0.044309147
2026_3219_3328,0.049222838
2026_3219_3329,0.139651567
2026_3219_3332,0.151756912
2026_3219_3343,0.148483068
2026_3219_3348,0.178506836
2026_3219_3350,0.164575353
2026_3219_3355,0.150927767
2026_3219_3359,0.575540304
2026_3219_3372,0.507759392
2026_3219_3376,0.034285981
2026_3219_3380,0.619315803
2026_3219_3393,0.176472545
2026_3219_3395,0.037112545
2026_3219_3397,0.166680157
2026_3219_3400,0.037057325
2026_3219_3403,0.150728911
2026_3219_3417,0.038534511
2026_3219_3425,0.16996339
2026_3219_3427,0.46592319
2026_3219_3435,0
2026_3219_3436,0.331681073
2026_3219_3437,0.121577255
2026_3219_3438,0.165088326
2026_3219_3439,0.145610377
2026_3219_3442,0.277371109
2026_3219_3449,0.087036371
2026_3219_3452,0.049559366
2026_3219_3453,0.35148108
2026_3219_3465,0.483285457
2026_3219_3471,0.380750358
2026_3221_3224,0.511592388
2026_3221_3225,0.365027815
2026_3221_3228,0.170560688
2026_3221_3234,0.056639671
2026_3221_3235,0.224823758
2026_3221_3239,0.538256109
2026_3221_3241,0.190973967
2026_3221_3246,0.085776508
2026_3221_3257,0.047342572
2026_3221_3261,0.045008309
2026_3221_3268,0.104855113
2026_3221_3275,0.343302727
2026_3221_3276,0
2026_3221_3277,0.124042101
2026_3221_3278,0.067555927
2026_3221_3279,0.096142136
2026_3221_3283,0.59452796
2026_3221_3293,0.219704777
2026_3221_3301,0.12288031
2026_3221_3304,0.231185436
2026_3221_3314,0.043949734
2026_3221_3323,0.080165029
2026_3221_3326,0.053734094
2026_3221_3328,0.052972943
2026_3221_3329,0.21995309
2026_3221_3332,0.190274566
2026_3221_3343,0.179229811
2026_3221_3348,0.18603614
2026_3221_3350,0.257594317
2026_3221_3355,0.195535749
2026_3221_3359,0.645408809
2026_3221_3372,0.606855631
2026_3221_3376,0.043060705
2026_3221_3380,0.675753891
2026_3221_3393,0.230691448
2026_3221_3395,0.046344496
2026_3221_3397,0.188457727
2026_3221_3400,0.042244658
2026_3221_3403,0.188976303
2026_3221_3417,0.051683687
2026_3221_3425,0.204154402
2026_3221_3427,0.53087908
2026_3221_3435,0.048405781
2026_3221_3436,0.376392037
2026_3221_3437,0.153522998
2026_3221_3438,0.208449438
2026_3221_3439,0.201208472
2026_3221_3442,0.39381355
2026_3221_3449,0.110747404
2026_3221_3452,0.051888391
2026_3221_3453,0.380136251
2026_3221_3465,0.550334632
2026_3221_3471,0.476980686
2026_3224_3225,0.369147301
2026_3224_3228,0.164056882
2026_3224_3234,0.049903478
2026_3224_3235,0.195408389
2026_3224_3239,0.529675484
2026_3224_3241,0.143237397
2026_3224_3246,0.062225036
2026_3224_3257,0.036184028
2026_3224_3261,0.033623368
2026_3224_3268,0.069394037
2026_3224_3275,0.362037539
2026_3224_3276,0.038997401
2026_3224_3277,0.084858909
2026_3224_3278,0.05957355
2026_3224_3279,0.07097128
2026_3224_3283,0.594650924
2026_3224_3293,0.183772385
2026_3224_3301,0.114226952
2026_3224_3304,0.19440797
2026_3224_3314,0.043566391
2026_3224_3323,0.075299092
2026_3224_3326,0.041362874
2026_3224_3328,0.051016282
2026_3224_3329,0.188944578
2026_3224_3332,0.180519074
2026_3224_3343,0.141582802
2026_3224_3348,0.172982484
2026_3224_3350,0.172312677
2026_3224_3355,0.140106231
2026_3224_3359,0.698853016
2026_3224_3372,0.607486188
2026_3224_3376,0.033585321
2026_3224_3380,0.765674889
2026_3224_3393,0.17370607
2026_3224_3395,0.032921828
2026_3224_3397,0.171551391
2026_3224_3400,0.034439392
2026_3224_3403,0.1665878
2026_3224_3417,0.036837965
2026_3224_3425,0.167043746
2026_3224_3427,0.52830863
2026_3224_3435,0.038270291
2026_3224_3436,0.353974313
2026_3224_3437,0.119968086
2026_3224_3438,0.166757032
2026_3224_3439,0.161047086
2026_3224_3442,0.380427003
2026_3224_3449,0.124396861
2026_3224_3452,0.051228374
2026_3224_3453,0.396369725
2026_3224_3465,0.55461365
2026_3224_3471,0.467757195
2026_3225_3228,0.169872686
2026_3225_3234,0.058161721
2026_3225_3235,0.204970941
2026_3225_3239,0.682511806
2026_3225_3241,0.266061425
2026_3225_3246,0.095069051
2026_3225_3257,0.063916132
2026_3225_3261,0.03985557
2026_3225_3268,0.104674116
2026_3225_3275,0.468555242
2026_3225_3276,0.045731533
2026_3225_3277,0.10118039
2026_3225_3278,0.07464546
2026_3225_3279,0.101882413
2026_3225_3283,0.70156914
2026_3225_3293,0.377634704
2026_3225_3301,0.123804025
2026_3225_3304,0.214381367
2026_3225_3314,0.06438797
2026_3225_3323,0.113545895
2026_3225_3326,0.071571507
2026_3225_3328,0.074845038
2026_3225_3329,0.164786369
2026_3225_3332,0.180230379
2026_3225_3343,0.18774718
2026_3225_3348,0.234802037
2026_3225_3350,0.187678382
2026_3225_3355,0.199143797
2026_3225_3359,0.775418401
2026_3225_3372,0.68805331
2026_3225_3376,0
2026_3225_3380,0.790644586
2026_3225_3393,0.171809033
2026_3225_3395,0.056649536
2026_3225_3397,0.203707248
2026_3225_3400,0.038799401
2026_3225_3403,0.192527905
2026_3225_3417,0.04255585
2026_3225_3425,0.18943508
2026_3225_3427,0.568238795
2026_3225_3435,0.052393582
2026_3225_3436,0.482076049
2026_3225_3437,0.15589726
2026_3225_3438,0.18399033
2026_3225_3439,0.150107116
2026_3225_3442,0.504961967
2026_3225_3449,0.133958235
2026_3225_3452,0.063227087
2026_3225_3453,0.511206567
2026_3225_3465,0.683063924
2026_3225_3471,0.581031561
2026_3228_3234,0.219414711
2026_3228_3235,0.529652297
2026_3228_3239,0.872566819
2026_3228_3241,0.64714092
2026_3228_3246,0.312130451
2026_3228_3257,0.157539189
2026_3228_3261,0.11782068
2026_3228_3268,0.317493528
2026_3228_3275,0.794830799
2026_3228_3276,0.136371076
2026_3228_3277,0.311237216
2026_3228_3278,0.280021638
2026_3228_3279,0.354851246
2026_3228_3283,0.882587373
2026_3228_3293,0.725768924
2026_3228_3301,0.423245877
2026_3228_3304,0.608238101
2026_3228_3314,0.21826826
2026_3228_3323,0.395233274
2026_3228_3326,0.200507402
2026_3228_3328,0.17796053
2026_3228_3329,0.499916732
2026_3228_3332,0.535072744
2026_3228_3343,0.593331993
2026_3228_3348,0.656788707
2026_3228_3350,0.634562433
2026_3228_3355,0.617471576
2026_3228_3359,0.908699453
2026_3228_3372,0.893459976
2026_3228_3376,0.091978721
2026_3228_3380,0.920210838
2026_3228_3393,0.605756938
2026_3228_3395,0.157685965
2026_3228_3397,0.582611918
2026_3228_3400,0.085459232
2026_3228_3403,0.525291026
2026_3228_3417,0.101236582
2026_3228_3425,0.596247315
2026_3228_3427,0.854326487
2026_3228_3435,0
2026_3228_3436,0.806323647
2026_3228_3437,0.610198021
2026_3228_3438,0.58586508
2026_3228_3439,0.595003068
2026_3228_3442,0.805689692
2026_3228_3449,0.453748733
2026_3228_3452,0.158424839
2026_3228_3453,0.770887792
2026_3228_3465,0.868257403
2026_3228_3471,0.854649365
2026_3234_3235,0.780141115
2026_3234_3239,0.94550401
2026_3234_3241,0.793760896
2026_3234_3246,0.664166093
2026_3234_3257,0.386271566
2026_3234_3261,0.312908739
2026_3234_3268,0.705847919
2026_3234_3275,0.921918273
2026_3234_3276,0.346778363
2026_3234_3277,0.708418489
2026_3234_3278,0.607546806
2026_3234_3279,0.691766202
2026_3234_3283,0.940196276
2026_3234_3293,0.884148836
2026_3234_3301,0.726369619
2026_3234_3304,0.778135717
2026_3234_3314,0.57224375
2026_3234_3323,0.680002093
2026_3234_3326,0.535569668
2026_3234_3328,0.529482543
2026_3234_3329,0.728870749
2026_3234_3332,0.761712611
2026_3234_3343,0.739600599
2026_3234_3348,0.813412309
2026_3234_3350,0.815185905
2026_3234_3355,0.804797828
2026_3234_3359,0.946361601
2026_3234_3372,0.933981717
2026_3234_3376,0.226234108
2026_3234_3380,0.947470367
2026_3234_3393,0.767261326
2026_3234_3395,0.437238961
2026_3234_3397,0.719330311
2026_3234_3400,0.227386773
2026_3234_3403,0.763175488
2026_3234_3417,0.165967345
2026_3234_3425,0.7248348
2026_3234_3427,0.929502726
2026_3234_3435,0.357231855
2026_3234_3436,0.915830076
2026_3234_3437,0.731384039
2026_3234_3438,1
2026_3234_3439,0.759258747
2026_3234_3442,0.934162974
2026_3234_3449,0.758856416
2026_3234_3452,0.557724714
2026_3234_3453,0.921848059
2026_3234_3465,0.92563808
2026_3234_3471,0.934547842
2026_3235_3239,0.834390163
2026_3235_3241,0.62136972
2026_3235_3246,0.306873173
2026_3235_3257,0.189299628
2026_3235_3261,0.103333198
2026_3235_3268,0.304247558
2026_3235_3275,0.768985331
2026_3235_3276,0.152879402
2026_3235_3277,0.322203338
2026_3235_3278,0.304976642
2026_3235_3279,0.336328954
2026_3235_3283,0.833298922
2026_3235_3293,0.692239344
2026_3235_3301,0.406478465
2026_3235_3304,0.59132272
2026_3235_3314,0.198303357
2026_3235_3323,0.325914979
2026_3235_3326,0.191586033
2026_3235_3328,0.207571387
2026_3235_3329,0.490758985
2026_3235_3332,0.50248301
2026_3235_3343,0.446513504
2026_3235_3348,0.586022854
2026_3235_3350,0.599858999
2026_3235_3355,0.598849416
2026_3235_3359,0.871632636
2026_3235_3372,0.855589449
2026_3235_3376,0.07734897
2026_3235_3380,0.89626801
2026_3235_3393,0.516375363
2026_3235_3395,0.180726916
2026_3235_3397,0.591941357
2026_3235_3400,0.073747687
2026_3235_3403,0.487377912
2026_3235_3417,0.0870528
2026_3235_3425,0.496985257
2026_3235_3427,0.795329273
2026_3235_3435,0.156425416
2026_3235_3436,0.756335855
2026_3235_3437,0.560578823
2026_3235_3438,0.576998174
2026_3235_3439,0.497907966
2026_3235_3442,0.791961312
2026_3235_3449,0.412898928
2026_3235_3452,0.187987328
2026_3235_3453,0.773393631
2026_3235_3465,0.813152432
2026_3235_3471,0.793352842
2026_3239_3241,0.149154842
2026_3239_3246,0.065290838
2026_3239_3257,0.039194766
2026_3239_3261,0
2026_3239_3268,0.076795354
2026_3239_3275,0.305209816
2026_3239_3276,0.04109038
2026_3239_3277,0.083563879
2026_3239_3278,0.055404283
2026_3239_3279,0.068965375
2026_3239_3283,0.515593648
2026_3239_3293,0.202416196
2026_3239_3301,0.100272536
2026_3239_3304,0.174913019
2026_3239_3314,0.038513903
2026_3239_3323,0.063229278
2026_3239_3326,0.04422684
2026_3239_3328,0.042458378
2026_3239_3329,0.176372513
2026_3239_3332,0.149431169
2026_3239_3343,0.137938932
2026_3239_3348,0.169130534
2026_3239_3350,0.193769202
2026_3239_3355,0.159587145
2026_3239_3359,0.639199734
2026_3239_3372,0.525427282
2026_3239_3376,0.033788387
2026_3239_3380,0.681802273
2026_3239_3393,0.177967265
2026_3239_3395,0.037072361
2026_3239_3397,0.16024451
2026_3239_3400,0.036423933
2026_3239_3403,0.155458838
2026_3239_3417,0.037422393
2026_3239_3425,0.16248849
2026_3239_3427,0.454411805
2026_3239_3435,0.039553367
2026_3239_3436,0.314541161
2026_3239_3437,0.131300941
2026_3239_3438,0.168018505
2026_3239_3439,0.155402437
2026_3239_3442,0.345948786
2026_3239_3449,0.097035542
2026_3239_3452,0.043809831
2026_3239_3453,0.373879582
2026_3239_3465,0.481574625
2026_3239_3471,0.425675571
2026_3241_3246,0.252559841
2026_3241_3257,0.156358108
2026_3241_3261,0.128679752
2026_3241_3268,0.234245241
2026_3241_3275,0.663394332
2026_3241_3276,0.148190081
2026_3241_3277,0.258118421
2026_3241_3278,0.235835969
2026_3241_3279,0.273568451
2026_3241_3283,0.849964976
2026_3241_3293,0.618772745
2026_3241_3301,0.306099325
2026_3241_3304,0.481878757
2026_3241_3314,0.208058387
2026_3241_3323,0.283539206
2026_3241_3326,0.195642367
2026_3241_3328,0.218446732
2026_3241_3329,0.351123512
2026_3241_3332,0.372456223
2026_3241_3343,0.359743863
2026_3241_3348,0.446011662
2026_3241_3350,0.413581908
2026_3241_3355,0.449138522
2026_3241_3359,0.864274442
2026_3241_3372,0.81735462
2026_3241_3376,0.068044551
2026_3241_3380,0.869870007
2026_3241_3393,0.350893021
2026_3241_3395,0.172243655
2026_3241_3397,0.421943933
2026_3241_3400,0
2026_3241_3403,0.376209557
2026_3241_3417,0.074457265
2026_3241_3425,0.378328145
2026_3241_3427,0.831622422
2026_3241_3435,0.164081767
2026_3241_3436,0.722125888
2026_3241_3437,0.349711567
2026_3241_3438,0.380926162
2026_3241_3439,0.318442166
2026_3241_3442,0.721263289
2026_3241_3449,0.373497277
2026_3241_3452,0.221755505
2026_3241_3453,0.751556933
2026_3241_3465,0.816214979
2026_3241_3471,0.814773619
2026_3246_3257,0.329535931
2026_3246_3261,0.158950046
2026_3246_3268,0.481822908
2026_3246_3275,0.891650915
2026_3246_3276,0.268003166
2026_3246_3277,0.528530419
2026_3246_3278,0.442197293
2026_3246_3279,0.518330991
2026_3246_3283,0.942864954
2026_3246_3293,0.830304623
2026_3246_3301,0.644547403
2026_3246_3304,0.760677755
2026_3246_3314,0.429923356
2026_3246_3323,0.573077321
2026_3246_3326,0.334393412
2026_3246_3328,0.447683632
2026_3246_3329,0.676864386
2026_3246_3332,0.709292889
2026_3246_3343,0.691409469
2026_3246_3348,0.72890085
2026_3246_3350,0.698699832
2026_3246_3355,0.699700892
2026_3246_3359,0.951102495
2026_3246_3372,0.938435495
2026_3246_3376,0.115421876
2026_3246_3380,0.954900265
2026_3246_3393,0.694499731
2026_3246_3395,0.285607725
2026_3246_3397,0.766831696
2026_3246_3400,0
2026_3246_3403,0.687164903
2026_3246_3417,0.128861621
2026_3246_3425,0.734329164
2026_3246_3427,0.916955948
2026_3246_3435,0.333759487
2026_3246_3436,0.905485153
2026_3246_3437,0.699930906
2026_3246_3438,0.697474599
2026_3246_3439,0.663609087
2026_3246_3442,0.898577452
2026_3246_3449,0.638353109
2026_3246_3452,0.38736853
2026_3246_3453,0.895166039
2026_3246_3465,0.93357873
2026_3246_3471,0.932000995
2026_3257_3261,0.29440999
2026_3257_3268,0.698238075
2026_3257_3275,0.935130417
2026_3257_3276,0.420085013
2026_3257_3277,0.715185881
2026_3257_3278,0.584606588
2026_3257_3279,0.728204131
2026_3257_3283,0.962333918
2026_3257_3293,0.91571933
2026_3257_3301,0.771657228
2026_3257_3304,0.903122663
2026_3257_3314,0.57982713
2026_3257_3323,0.716209948
2026_3257_3326,0.609728396
2026_3257_3328,0.575972915
2026_3257_3329,0.74251467
2026_3257_3332,0.889110088
2026_3257_3343,0.790411174
2026_3257_3348,0.852543592
2026_3257_3350,0.818565309
2026_3257_3355,0.818859816
2026_3257_3359,0.965732574
2026_3257_3372,0.963654876
2026_3257_3376,0.121896811
2026_3257_3380,0.965423167
2026_3257_3393,0.868445635
2026_3257_3395,0.550891399
2026_3257_3397,0.908834994
2026_3257_3400,0.119091861
2026_3257_3403,0.805318177
2026_3257_3417,0.126543283
2026_3257_3425,0.904202342
2026_3257_3427,0.957188964
2026_3257_3435,0.443431765
2026_3257_3436,0.936670542
2026_3257_3437,0.806609154
2026_3257_3438,0.871252835
2026_3257_3439,0.790579617
2026_3257_3442,0.95132941
2026_3257_3449,0.804729044
2026_3257_3452,0.573598921
2026_3257_3453,0.945136189
2026_3257_3465,0.9600631
2026_3257_3471,0.964223087
2026_3261_3268,0.896141827
2026_3261_3275,0.957964659
2026_3261_3276,0.676919818
2026_3261_3277,0.878646731
2026_3261_3278,0.769110501
2026_3261_3279,0.875886798
2026_3261_3283,0.958574951
2026_3261_3293,0.919146001
2026_3261_3301,0.868988633
2026_3261_3304,0.91469568
2026_3261_3314,0.775612772
2026_3261_3323,0.803733826
2026_3261_3326,0.737092674
2026_3261_3328,0.800302267
2026_3261_3329,0.88726604
2026_3261_3332,0.910480559
2026_3261_3343,0.85268116
2026_3261_3348,0.883908391
2026_3261_3350,0.895863235
2026_3261_3355,0.884109974
2026_3261_3359,0.96162039
2026_3261_3372,0.961196601
2026_3261_3376,0.393408775
2026_3261_3380,0.962209404
2026_3261_3393,0.900271177
2026_3261_3395,0.731850207
2026_3261_3397,0.900468826
2026_3261_3400,0.3841317
2026_3261_3403,1
2026_3261_3417,0.34373489
2026_3261_3425,0.911363721
2026_3261_3427,0.952884674
2026_3261_3435,0.685495853
2026_3261_3436,0.934302807
2026_3261_3437,1
2026_3261_3438,0.890619814
2026_3261_3439,0.905236959
2026_3261_3442,0.958407998
2026_3261_3449,0.897785783
2026_3261_3452,0.762583792
2026_3261_3453,0.953763247
2026_3261_3465,0.955762804
2026_3261_3471,0.963264942
2026_3268_3275,0.900985479
2026_3268_3276,0.211073294
2026_3268_3277,0.525050998
2026_3268_3278,0.447123438
2026_3268_3279,0.555030525
2026_3268_3283,0.937284768
2026_3268_3293,0.843060434
2026_3268_3301,0.658703625
2026_3268_3304,0.775811791
2026_3268_3314,0.44201535
2026_3268_3323,0.597280622
2026_3268_3326,0.330948323
2026_3268_3328,0.425377876
2026_3268_3329,0.669864476
2026_3268_3332,0.711494863
2026_3268_3343,0.70106864
2026_3268_3348,0.733261406
2026_3268_3350,0.721505761
2026_3268_3355,0.71288389
2026_3268_3359,0.945695102
2026_3268_3372,0.939429462
2026_3268_3376,0.094721057
2026_3268_3380,0.953569055
2026_3268_3393,0.697140098
2026_3268_3395,0.271175861
2026_3268_3397,0.755352914
2026_3268_3400,0.090375379
2026_3268_3403,0.699797451
2026_3268_3417,0.102569155
2026_3268_3425,0.708590806
2026_3268_3427,0.910305798
2026_3268_3435,0.242369547
2026_3268_3436,0.8953107
2026_3268_3437,0.680907547
2026_3268_3438,0.692950487
2026_3268_3439,0.684363008
2026_3268_3442,0.902864575
2026_3268_3449,0.628566086
2026_3268_3452,0.350720048
2026_3268_3453,0.890287101
2026_3268_3465,0.931390464
2026_3268_3471,0.928394854
2026_3275_3276,0.049923424
2026_3275_3277,0.121636957
2026_3275_3278,0.085728578
2026_3275_3279,0.120742507
2026_3275_3283,0.719576359
2026_3275_3293,0.411720693
2026_3275_3301,0.145817325
2026_3275_3304,0.234639212
2026_3275_3314,0.069319867
2026_3275_3323,0.135470837
2026_3275_3326,0.078698859
2026_3275_3328,0.079243384
2026_3275_3329,0.193822131
2026_3275_3332,0.212630853
2026_3275_3343,0.22675091
2026_3275_3348,0.268281519
2026_3275_3350,0.221595705
2026_3275_3355,0.229220718
2026_3275_3359,0.772638202
2026_3275_3372,0.692425966
2026_3275_3376,0.036879491
2026_3275_3380,0.810857892
2026_3275_3393,0.200343952
2026_3275_3395,0.05587979
2026_3275_3397,0.221765488
2026_3275_3400,0
2026_3275_3403,0.218439773
2026_3275_3417,0.041146915
2026_3275_3425,0.204140887
2026_3275_3427,0.653461158
2026_3275_3435,0.05472165
2026_3275_3436,0.499021649
2026_3275_3437,0.181233302
2026_3275_3438,0.206296623
2026_3275_3439,0.177716583
2026_3275_3442,0.512142122
2026_3275_3449,0.164128363
2026_3275_3452,0.067985512
2026_3275_3453,0.512468159
2026_3275_3465,0.682145298
2026_3275_3471,0.581716537
2026_3276_3277,0.81978786
2026_3276_3278,0.683456719
2026_3276_3279,0.858324885
2026_3276_3283,0.95706588
2026_3276_3293,0.918026268
2026_3276_3301,1
2026_3276_3304,0.911513627
2026_3276_3314,0.682151854
2026_3276_3323,0.781963944
2026_3276_3326,0.643244207
2026_3276_3328,0.672466934
2026_3276_3329,0.837483227
2026_3276_3332,0.900286853
2026_3276_3343,0.824668348
2026_3276_3348,0.876252353
2026_3276_3350,0.877937078
2026_3276_3355,0.854550362
2026_3276_3359,0.959285557
2026_3276_3372,0.958756566
2026_3276_3376,0.219856158
2026_3276_3380,0.960424185
2026_3276_3393,0.886182785
2026_3276_3395,0.616286993
2026_3276_3397,1
2026_3276_3400,0.189071193
2026_3276_3403,0.884483814
2026_3276_3417,0.200858042
2026_3276_3425,0.894402742
2026_3276_3427,0.950578272
2026_3276_3435,0.50595361
2026_3276_3436,0.932903051
2026_3276_3437,0.799172759
2026_3276_3438,0.877695978
2026_3276_3439,0.876444697
2026_3276_3442,0.956561923
2026_3276_3449,0.874742925
2026_3276_3452,0.678803504
2026_3276_3453,0.949057162
2026_3276_3465,0.9519189
2026_3276_3471,0.959924102
2026_3277_3278,0.414847612
2026_3277_3279,0.519946992
2026_3277_3283,0.920055509
2026_3277_3293,0.822645128
2026_3277_3301,0.636081636
2026_3277_3304,0.695793331
2026_3277_3314,0.371692479
2026_3277_3323,0.538197637
2026_3277_3326,0.262643248
2026_3277_3328,0.434467822
2026_3277_3329,0.663999259
2026_3277_3332,0.683478773
2026_3277_3343,0.683998942
2026_3277_3348,0.721124768
2026_3277_3350,0.706631064
2026_3277_3355,0.692013443
2026_3277_3359,0.942104816
2026_3277_3372,0.936556339
2026_3277_3376,0
2026_3277_3380,0.947952092
2026_3277_3393,0.664561391
2026_3277_3395,0.260360807
2026_3277_3397,0.674880266
2026_3277_3400,0.098065004
2026_3277_3403,0.695519686
2026_3277_3417,0.115320794
2026_3277_3425,0.676163912
2026_3277_3427,0.903039336
2026_3277_3435,0.224077687
2026_3277_3436,0.886066258
2026_3277_3437,0.656310737
2026_3277_3438,0.655692875
2026_3277_3439,0.652381361
2026_3277_3442,0.89656955
2026_3277_3449,0.587458491
2026_3277_3452,0.346557647
2026_3277_3453,0.868510067
2026_3277_3465,0.912806451
2026_3277_3471,0.925640941
2026_3278_3279,0.575023293
2026_3278_3283,0.94827342
2026_3278_3293,0.84797889
2026_3278_3301,0.684576452
2026_3278_3304,0.812232673
2026_3278_3314,0.46670717
2026_3278_3323,0.639018834
2026_3278_3326,0.468346477
2026_3278_3328,0.505623043
2026_3278_3329,0.67298609
2026_3278_3332,0.742531776
2026_3278_3343,0.712661982
2026_3278_3348,0.777831078
2026_3278_3350,0.75589025
2026_3278_3355,0.753297091
2026_3278_3359,0.953729272
2026_3278_3372,0.951989532
2026_3278_3376,0.116200626
2026_3278_3380,0.955742657
2026_3278_3393,0.702285528
2026_3278_3395,0.453336954
2026_3278_3397,0.853855848
2026_3278_3400,0.108970642
2026_3278_3403,0.696576715
2026_3278_3417,0
2026_3278_3425,0.82164216
2026_3278_3427,0.941056013
2026_3278_3435,0.325085491
2026_3278_3436,0.902571738
2026_3278_3437,0.719194651
2026_3278_3438,0.768050969
2026_3278_3439,0.681429923
2026_3278_3442,0.924928665
2026_3278_3449,0.74731046
2026_3278_3452,0.45369041
2026_3278_3453,0.927074254
2026_3278_3465,0.946427047
2026_3278_3471,0.936669946
2026_3279_3283,0.930167973
2026_3279_3293,0.770332932
2026_3279_3301,0.58191812
2026_3279_3304,0.636693954
2026_3279_3314,0.344514817
2026_3279_3323,0.535351157
2026_3279_3326,0.272426158
2026_3279_3328,0.377307028
2026_3279_3329,0.606506407
2026_3279_3332,0.669685543
2026_3279_3343,0.637730896
2026_3279_3348,0.683298588
2026_3279_3350,0.661022484
2026_3279_3355,0.659317851
2026_3279_3359,0.94827503
2026_3279_3372,0.934495091
2026_3279_3376,0.096030496
2026_3279_3380,0.953076541
2026_3279_3393,0.628568649
2026_3279_3395,0.171891958
2026_3279_3397,0.627029538
2026_3279_3400,0.093876243
2026_3279_3403,0.638611495
2026_3279_3417,0
2026_3279_3425,0.661762178
2026_3279_3427,0.91864723
2026_3279_3435,0.218945116
2026_3279_3436,0.88725704
2026_3279_3437,0.651328146
2026_3279_3438,0.617266893
2026_3279_3439,0.610233963
2026_3279_3442,0.882661939
2026_3279_3449,0.599835575
2026_3279_3452,0.354103893
2026_3279_3453,0.8708058
2026_3279_3465,0.922666788
2026_3279_3471,0.921120882
2026_3283_3293,0.186890408
2026_3283_3301,0.090908498
2026_3283_3304,0.192904457
2026_3283_3314,0.040585108
2026_3283_3323,0.064225018
2026_3283_3326,0.04953637
2026_3283_3328,0.051720895
2026_3283_3329,0.170984015
2026_3283_3332,0.151781574
2026_3283_3343,0.1306407
2026_3283_3348,0.154417187
2026_3283_3350,0.174773321
2026_3283_3355,0.14461121
2026_3283_3359,0.563661695
2026_3283_3372,0.500656366
2026_3283_3376,0.038143061
2026_3283_3380,0.641356707
2026_3283_3393,0.182276607
2026_3283_3395,0.042509675
2026_3283_3397,0.172667935
2026_3283_3400,0
2026_3283_3403,0.124727994
2026_3283_3417,0.043748956
2026_3283_3425,0.152107149
2026_3283_3427,0.448880166
2026_3283_3435,0.044533823
2026_3283_3436,0.279454619
2026_3283_3437,0.122238837
2026_3283_3438,0.166767359
2026_3283_3439,0.154279128
2026_3283_3442,0.327116132
2026_3283_3449,0.103787296
2026_3283_3452,0.046302482
2026_3283_3453,0.367450297
2026_3283_3465,0.449447334
2026_3283_3471,0.341657251
2026_3293_3301,0.224130183
2026_3293_3304,0.424741745
2026_3293_3314,0.14987655
2026_3293_3323,0.209347308
2026_3293_3326,0.117268398
2026_3293_3328,0.124330208
2026_3293_3329,0.278058022
2026_3293_3332,0.280618638
2026_3293_3343,0.261325717
2026_3293_3348,0.324160784
2026_3293_3350,0.307017028
2026_3293_3355,0.327649713
2026_3293_3359,0.826966763
2026_3293_3372,0.771660864
2026_3293_3376,0.043773226
2026_3293_3380,0.828372121
2026_3293_3393,0.279308081
2026_3293_3395,0.104460597
2026_3293_3397,0.332786113
2026_3293_3400,0.04573581
2026_3293_3403,0.315741837
2026_3293_3417,0.047819678
2026_3293_3425,0.287377596
2026_3293_3427,0.766675413
2026_3293_3435,0.09017662
2026_3293_3436,0.661226869
2026_3293_3437,0.232772112
2026_3293_3438,0.294020295
2026_3293_3439,0.254448354
2026_3293_3442,0.679973245
2026_3293_3449,0.265824348
2026_3293_3452,0.115699358
2026_3293_3453,0.698829234
2026_3293_3465,0.776555836
2026_3293_3471,0.760369003
2026_3301_3304,0.651079237
2026_3301_3314,0.275694102
2026_3301_3323,0.46600768
2026_3301_3326,0.262197196
2026_3301_3328,0.262908161
2026_3301_3329,0.578849435
2026_3301_3332,0.60482949
2026_3301_3343,0.699557245
2026_3301_3348,0.735759974
2026_3301_3350,0.702740729
2026_3301_3355,0.679702282
2026_3301_3359,0.919855475
2026_3301_3372,0.918430567
2026_3301_3376,0.096426286
2026_3301_3380,0.929681897
2026_3301_3393,0.688392282
2026_3301_3395,0.165804058
2026_3301_3397,0.633732617
2026_3301_3400,0.094514608
2026_3301_3403,0.597389221
2026_3301_3417,0.110514879
2026_3301_3425,0.639773309
2026_3301_3427,0.864020586
2026_3301_3435,0.168682396
2026_3301_3436,0.857513607
2026_3301_3437,0.675786734
2026_3301_3438,0.64735657
2026_3301_3439,0.655229807
2026_3301_3442,0.855488062
2026_3301_3449,0.523542941
2026_3301_3452,0.174927726
2026_3301_3453,0.821050107
2026_3301_3465,0.89309603
2026_3301_3471,0.887908518
2026_3304_3314,0.181957945
2026_3304_3323,0.256345987
2026_3304_3326,0.181849062
2026_3304_3328,0.129812136
2026_3304_3329,0.362795264
2026_3304_3332,0.384209841
2026_3304_3343,0.319315493
2026_3304_3348,0.435343862
2026_3304_3350,0.456352562
2026_3304_3355,0.461445361
2026_3304_3359,0.776164651
2026_3304_3372,0.823355556
2026_3304_3376,0
2026_3304_3380,0.847209096
2026_3304_3393,0.391147316
2026_3304_3395,0.135338396
2026_3304_3397,0.424780846
2026_3304_3400,0.064342558
2026_3304_3403,0.435279667
2026_3304_3417,0.075183265
2026_3304_3425,0.384529114
2026_3304_3427,0.730055451
2026_3304_3435,0.102179855
2026_3304_3436,0.741808057
2026_3304_3437,0.36374101
2026_3304_3438,0.428199679
2026_3304_3439,0.36301145
2026_3304_3442,0.783698738
2026_3304_3449,0.363687247
2026_3304_3452,0.130283996
2026_3304_3453,0.778021812
2026_3304_3465,0.796761751
2026_3304_3471,0.794407606
2026_3314_3323,0.656486571
2026_3314_3326,0.480594248
2026_3314_3328,0.499455452
2026_3314_3329,0.750363708
2026_3314_3332,0.848668098
2026_3314_3343,0.738239169
2026_3314_3348,0.800270796
2026_3314_3350,0.777730286
2026_3314_3355,0.797474861
2026_3314_3359,0.962516248
2026_3314_3372,0.96235323
2026_3314_3376,0.133988187
2026_3314_3380,0.96354109
2026_3314_3393,0.818467796
2026_3314_3395,0.462400079
2026_3314_3397,0.87041533
2026_3314_3400,0.125570774
2026_3314_3403,0.795349658
2026_3314_3417,0.140457243
2026_3314_3425,0.881566167
2026_3314_3427,0.953994453
2026_3314_3435,0.354029179
2026_3314_3436,0.9185341
2026_3314_3437,0.739255071
2026_3314_3438,0.779358327
2026_3314_3439,0.744519532
2026_3314_3442,0.944070756
2026_3314_3449,0.833794415
2026_3314_3452,0.488038868
2026_3314_3453,0.938427091
2026_3314_3465,0.95534277
2026_3314_3471,0.955313981
2026_3323_3326,0.36447379
2026_3323_3328,0.360915393
2026_3323_3329,0.642029285
2026_3323_3332,0.651514649
2026_3323_3343,0.692302883
2026_3323_3348,0.728927433
2026_3323_3350,0.681785762
2026_3323_3355,0.704309106
2026_3323_3359,0.936922252
2026_3323_3372,0.930503368
2026_3323_3376,0.097367533
2026_3323_3380,0.940900207
2026_3323_3393,0.674477398
2026_3323_3395,0.275131077
2026_3323_3397,0.74083662
2026_3323_3400,0.095539577
2026_3323_3403,0.630111456
2026_3323_3417,0.11117015
2026_3323_3425,0.708811581
2026_3323_3427,0.916581213
2026_3323_3435,0.296011746
2026_3323_3436,0.867793798
2026_3323_3437,0.664314926
2026_3323_3438,0.717227757
2026_3323_3439,0.636306226
2026_3323_3442,0.892516494
2026_3323_3449,0.581521809
2026_3323_3452,0.291933239
2026_3323_3453,0.885467291
2026_3323_3465,0.924520671
2026_3323_3471,0.909379423
2026_3326_3328,0.508155286
2026_3326_3329,0.777780235
2026_3326_3332,0.831201613
2026_3326_3343,0.726720929
2026_3326_3348,0.813035011
2026_3326_3350,0.771193743
2026_3326_3355,0.789158642
2026_3326_3359,0.957695186
2026_3326_3372,0.959138691
2026_3326_3376,0.112665236
2026_3326_3380,0.960008502
2026_3326_3393,0.802181363
2026_3326_3395,0.461907595
2026_3326_3397,0.870829463
2026_3326_3400,0.113651767
2026_3326_3403,0.813390374
2026_3326_3417,0.116874263
2026_3326_3425,0.863530397
2026_3326_3427,0.944884062
2026_3326_3435,0.397288769
2026_3326_3436,0.923993409
2026_3326_3437,0.746835351
2026_3326_3438,0.787783146
2026_3326_3439,0.76585722
2026_3326_3442,0.938476741
2026_3326_3449,0.804671347
2026_3326_3452,0.531847835
2026_3326_3453,0.930814147
2026_3326_3465,0.952671289
2026_3326_3471,0.960326016
2026_3328_3329,0.72111088
2026_3328_3332,0.864516199
2026_3328_3343,0.734217882
2026_3328_3348,0.798170924
2026_3328_3350,0.774026752
2026_3328_3355,0.791991293
2026_3328_3359,0.960068822
2026_3328_3372,0.959439754
2026_3328_3376,0
2026_3328_3380,0.96007818
2026_3328_3393,0.844842851
2026_3328_3395,0.46990633
2026_3328_3397,0.8903023
2026_3328_3400,0.098333038
2026_3328_3403,0.778156042
2026_3328_3417,0.107565001
2026_3328_3425,0.89204067
2026_3328_3427,0.95016849
2026_3328_3435,0.346009135
2026_3328_3436,0.909478068
2026_3328_3437,0.751102328
2026_3328_3438,0.841147721
2026_3328_3439,0.752919972
2026_3328_3442,0.939630032
2026_3328_3449,0.782286763
2026_3328_3452,0.517504692
2026_3328_3453,0.936352909
2026_3328_3465,0.953581512
2026_3328_3471,0.951934636
2026_3329_3332,0.520614207
2026_3329_3343,0.541859627
2026_3329_3348,0.648134887
2026_3329_3350,0.638553977
2026_3329_3355,0.632182896
2026_3329_3359,0.879265428
2026_3329_3372,0.846223891
2026_3329_3376,0.090581849
2026_3329_3380,0.897297025
2026_3329_3393,0.542628765
2026_3329_3395,0.241514832
2026_3329_3397,0.609267294
2026_3329_3400,0.082057677
2026_3329_3403,0.497643143
2026_3329_3417,0
2026_3329_3425,0.553576648
2026_3329_3427,0.82611078
2026_3329_3435,0.2222251
2026_3329_3436,0.744539738
2026_3329_3437,0.588461757
2026_3329_3438,0.586346745
2026_3329_3439,0.529230654
2026_3329_3442,0.790344238
2026_3329_3449,0.442263782
2026_3329_3452,0.215315431
2026_3329_3453,0.742443919
2026_3329_3465,0.808983505
2026_3329_3471,0.797706187
2026_3332_3343,0.500002861
2026_3332_3348,0.648756087
2026_3332_3350,0.621905506
2026_3332_3355,0.613366485
2026_3332_3359,0.87779671
2026_3332_3372,0.876500905
2026_3332_3376,0.069056429
2026_3332_3380,0.901446104
2026_3332_3393,0.532183766
2026_3332_3395,0.120422967
2026_3332_3397,0.541163981
2026_3332_3400,0
2026_3332_3403,0.485304028
2026_3332_3417,0.079136118
2026_3332_3425,0.514652371
2026_3332_3427,0.817241311
2026_3332_3435,0.11987137
2026_3332_3436,0.779893935
2026_3332_3437,0.5982427
2026_3332_3438,0.569855213
2026_3332_3439,0.501661956
2026_3332_3442,0.809661865
2026_3332_3449,0.377892047
2026_3332_3452,0.134343952
2026_3332_3453,0.77759558
2026_3332_3465,0.849393606
2026_3332_3471,0.812851965
2026_3343_3348,0.653205574
2026_3343_3350,0.608285189
2026_3343_3355,0.602508605
2026_3343_3359,0.871419728
2026_3343_3372,0.834686697
2026_3343_3376,0.074479185
2026_3343_3380,0.881956756
2026_3343_3393,0.540553153
2026_3343_3395,0.205092177
2026_3343_3397,0.54881072
2026_3343_3400,0.073838793
2026_3343_3403,0.385576338
2026_3343_3417,0
2026_3343_3425,0.490452409
2026_3343_3427,0.857217789
2026_3343_3435,0.180947587
2026_3343_3436,0.78563422
2026_3343_3437,0.546446621
2026_3343_3438,0.560174465
2026_3343_3439,0.472890705
2026_3343_3442,0.836831391
2026_3343_3449,0.365852445
2026_3343_3452,0.224726379
2026_3343_3453,0.816041529
2026_3343_3465,0.820444107
2026_3343_3471,0.838190854
2026_3348_3350,0.431395948
2026_3348_3355,0.468939126
2026_3348_3359,0.85332042
2026_3348_3372,0.791557431
2026_3348_3376,0.079609595
2026_3348_3380,0.854387999
2026_3348_3393,0.325960368
2026_3348_3395,0.177852184
2026_3348_3397,0.457845658
2026_3348_3400,0.073237039
2026_3348_3403,0.328516155
2026_3348_3417,0.092665084
2026_3348_3425,0.36018607
2026_3348_3427,0.840034723
2026_3348_3435,0.125466049
2026_3348_3436,0.720041335
2026_3348_3437,0.363974452
2026_3348_3438,0.44135344
2026_3348_3439,0.292660832
2026_3348_3442,0.789545834
2026_3348_3449,0.318172723
2026_3348_3452,0.190119982
2026_3348_3453,0.781393588
2026_3348_3465,0.785710573
2026_3348_3471,0.776614785
2026_3350_3355,0.519472301
2026_3350_3359,0.846113861
2026_3350_3372,0.799920559
2026_3350_3376,0
2026_3350_3380,0.859604537
2026_3350_3393,0.363716334
2026_3350_3395,0.166779295
2026_3350_3397,0.488191485
2026_3350_3400,0.065404803
2026_3350_3403,0.396011919
2026_3350_3417,0.07815481
2026_3350_3425,0.375694394
2026_3350_3427,0.753700912
2026_3350_3435,0.167758465
2026_3350_3436,0.760948479
2026_3350_3437,0.435420513
2026_3350_3438,0.435806513
2026_3350_3439,0.333409965
2026_3350_3442,0.781292021
2026_3350_3449,0.369427741
2026_3350_3452,0.197488785
2026_3350_3453,0.781067014
2026_3350_3465,0.794266522
2026_3350_3471,0.795024455
2026_3355_3359,0.863526821
2026_3355_3372,0.810246646
2026_3355_3376,0.085066125
2026_3355_3380,0.867228389
2026_3355_3393,0.40235889
2026_3355_3395,0.221308589
2026_3355_3397,0.569496334
2026_3355_3400,0.07851626
2026_3355_3403,0.414243162
2026_3355_3417,0.095776021
2026_3355_3425,0.420883656
2026_3355_3427,0.802694619
2026_3355_3435,0.168555111
2026_3355_3436,0.731637001
2026_3355_3437,0.444685698
2026_3355_3438,0.459515005
2026_3355_3439,0.367321432
2026_3355_3442,0.793700337
2026_3355_3449,0.386189252
2026_3355_3452,0.218046546
2026_3355_3453,0.78611052
2026_3355_3465,0.803579152
2026_3355_3471,0.789270937
2026_3359_3372,0.402877986
2026_3359_3376,0
2026_3359_3380,0.537149847
2026_3359_3393,0.146922201
2026_3359_3395,0.036604635
2026_3359_3397,0.155721024
2026_3359_3400,0.036813773
2026_3359_3403,0.087598853
2026_3359_3417,0.040739637
2026_3359_3425,0.130545214
2026_3359_3427,0.348383009
2026_3359_3435,0.037812054
2026_3359_3436,0.218405962
2026_3359_3437,0.104758568
2026_3359_3438,0.154004976
2026_3359_3439,0.121706598
2026_3359_3442,0.221828684
2026_3359_3449,0.081263952
2026_3359_3452,0.044168081
2026_3359_3453,0.337883323
2026_3359_3465,0.375548065
2026_3359_3471,0.257933587
2026_3372_3376,0.034488868
2026_3372_3380,0.681491971
2026_3372_3393,0.164429501
2026_3372_3395,0.037260521
2026_3372_3397,0.156209797
2026_3372_3400,0
2026_3372_3403,0.109814495
2026_3372_3417,0.038695045
2026_3372_3425,0.147555634
2026_3372_3427,0.468912154
2026_3372_3435,0.039398681
2026_3372_3436,0.294972241
2026_3372_3437,0.131454647
2026_3372_3438,0.16612488
2026_3372_3439,0.153328881
2026_3372_3442,0.3146905
2026_3372_3449,0.095716663
2026_3372_3452,0.047141086
2026_3372_3453,0.352085829
2026_3372_3465,0.448900819
2026_3372_3471,0.318989545
2026_3376_3380,1
2026_3376_3393,0.932913482
2026_3376_3395,0.857436121
2026_3376_3397,0.926649749
2026_3376_3400,0.475243479
2026_3376_3403,0.924985349
2026_3376_3417,0.50014621
2026_3376_3425,1
2026_3376_3427,0.957182765
2026_3376_3435,0.82324481
2026_3376_3436,0.947495759
2026_3376_3437,0.924359143
2026_3376_3438,0.926227689
2026_3376_3439,0.933939576
2026_3376_3442,0.963834941
2026_3376_3449,0.927997053
2026_3376_3452,0.823618889
2026_3376_3453,0.958820999
2026_3376_3465,0.959670007
2026_3376_3471,0.966043413
2026_3380_3393,0.132858947
2026_3380_3395,0.035119817
2026_3380_3397,0.153302893
2026_3380_3400,0.037382856
2026_3380_3403,0.082141742
2026_3380_3417,0.038453128
2026_3380_3425,0.116775312
2026_3380_3427,0.368903637
2026_3380_3435,0.038984537
2026_3380_3436,0.210510716
2026_3380_3437,0.09363196
2026_3380_3438,0.120060101
2026_3380_3439,0.108965442
2026_3380_3442,0.206619233
2026_3380_3449,0.073527396
2026_3380_3452,0.044276107
2026_3380_3453,0.281939328
2026_3380_3465,0.308304667
2026_3380_3471,0.237158835
2026_3393_3395,0.138528004
2026_3393_3397,0.504355133
2026_3393_3400,0.074919611
2026_3393_3403,0.428211302
2026_3393_3417,0.095351852
2026_3393_3425,0.496549606
2026_3393_3427,0.778658926
2026_3393_3435,0.125133276
2026_3393_3436,0.781920135
2026_3393_3437,0.562319279
2026_3393_3438,0.537732899
2026_3393_3439,0.468325973
2026_3393_3442,0.818338215
2026_3393_3449,0.38500905
2026_3393_3452,0.147810251
2026_3393_3453,0.784094036
2026_3393_3465,0.81547159
2026_3393_3471,0.827264965
2026_3395_3397,0.898632944
2026_3395_3400,0.145178184
2026_3395_3403,0.882015526
2026_3395_3417,0.129081011
2026_3395_3425,0.905802965
2026_3395_3427,0.951192439
2026_3395_3435,0.395400375
2026_3395_3436,0.938977718
2026_3395_3437,0.816538572
2026_3395_3438,0.882603347
2026_3395_3439,0.887418389
2026_3395_3442,0.948132157
2026_3395_3449,0.895899475
2026_3395_3452,0.56695801
2026_3395_3453,0.940893531
2026_3395_3465,0.953741968
2026_3395_3471,0.960858643
2026_3397_3400,0.067091227
2026_3397_3403,0.443607628
2026_3397_3417,0.077748917
2026_3397_3425,0.453900754
2026_3397_3427,0.768346012
2026_3397_3435,0.114235163
2026_3397_3436,0.769474983
2026_3397_3437,0.446263224
2026_3397_3438,0.510162115
2026_3397_3439,0.469953597
2026_3397_3442,0.805442572
2026_3397_3449,0.442366481
2026_3397_3452,0.129227877
2026_3397_3453,0.8029778
2026_3397_3465,0.813333035
2026_3397_3471,0.820960104
2026_3400_3403,0.932053864
2026_3400_3417,0.491645277
2026_3400_3425,0.935774803
2026_3400_3427,0.958562076
2026_3400_3435,0.846417189
2026_3400_3436,0.94588995
2026_3400_3437,0.924651325
2026_3400_3438,0.927217901
2026_3400_3439,1
2026_3400_3442,0.960962415
2026_3400_3449,0.932064354
2026_3400_3452,1
2026_3400_3453,0.955971837
2026_3400_3465,0.956876576
2026_3400_3471,0.963968396
2026_3403_3417,0.09103334
2026_3403_3425,0.562960684
2026_3403_3427,0.847752035
2026_3403_3435,0.17354776
2026_3403_3436,0.760719419
2026_3403_3437,0.544817626
2026_3403_3438,0.536307275
2026_3403_3439,0.522918284
2026_3403_3442,0.755527675
2026_3403_3449,0.483525872
2026_3403_3452,0.203669041
2026_3403_3453,0.718313158
2026_3403_3465,0.817960501
2026_3403_3471,0.811389685
2026_3417_3425,0.92315805
2026_3417_3427,0.954017699
2026_3417_3435,0.839226961
2026_3417_3436,0.942767441
2026_3417_3437,0.917989671
2026_3417_3438,0.916556239
2026_3417_3439,0.921877921
2026_3417_3442,0.959816694
2026_3417_3449,0.916620851
2026_3417_3452,0.871784329
2026_3417_3453,1
2026_3417_3465,1
2026_3417_3471,0.962761343
2026_3425_3427,0.770450234
2026_3425_3435,0.105356432
2026_3425_3436,0.768597186
2026_3425_3437,0.516444504
2026_3425_3438,0.529894292
2026_3425_3439,0.470652819
2026_3425_3442,0.808342218
2026_3425_3449,0.423699945
2026_3425_3452,0.121244721
2026_3425_3453,0.79485023
2026_3425_3465,0.842314541
2026_3425_3471,0.831838012
2026_3427_3435,0.049310993
2026_3427_3436,0.336575329
2026_3427_3437,0.149902746
2026_3427_3438,0.231842369
2026_3427_3439,0.207536191
2026_3427_3442,0.389785856
2026_3427_3449,0.139071167
2026_3427_3452,0.052336305
2026_3427_3453,0.453302622
2026_3427_3465,0.523732781
2026_3427_3471,0.447965056
2026_3435_3436,0.931264997
2026_3435_3437,0.805083036
2026_3435_3438,0.864606202
2026_3435_3439,0.850796521
2026_3435_3442,0.95589602
2026_3435_3449,0.853792012
2026_3435_3452,0.652399898
2026_3435_3453,0.950334668
2026_3435_3465,0.955169916
2026_3435_3471,0.96272409
2026_3436_3437,0.205602974
2026_3436_3438,0.234065995
2026_3436_3439,0.202454478
2026_3436_3442,0.456466943
2026_3436_3449,0.165881932
2026_3436_3452,0.082754843
2026_3436_3453,0.507486224
2026_3436_3465,0.62893641
2026_3436_3471,0.548717618
2026_3437_3438,0.537903428
2026_3437_3439,0.438465059
2026_3437_3442,0.874128044
2026_3437_3449,0.377090603
2026_3437_3452,0.196302161
2026_3437_3453,0.847253859
2026_3437_3465,0.866369247
2026_3437_3471,0.866086423
2026_3438_3439,0.436920971
2026_3438_3442,0.827190697
2026_3438_3449,0.397969037
2026_3438_3452,0.174067885
2026_3438_3453,0.805840969
2026_3438_3465,0.819273353
2026_3438_3471,0.844890714
2026_3439_3442,0.82398361
2026_3439_3449,0.40460819
2026_3439_3452,0.143721893
2026_3439_3453,0.794962883
2026_3439_3465,0.827035487
2026_3439_3471,0.83168453
2026_3442_3449,0.153990299
2026_3442_3452,0.063632198
2026_3442_3453,0.452465445
2026_3442_3465,0.567724705
2026_3442_3471,0.534032106
2026_3449_3452,0.145882994
2026_3449_3453,0.827481449
2026_3449_3465,0.890586674
2026_3449_3471,0.88061583
2026_3452_3453,0.9330917
2026_3452_3465,0.949691832
2026_3452_3471,0.947179794
2026_3453_3465,0.558825374
2026_3453_3471,0.558755338
2026_3465_3471,0.348898053
