ID,Pred
2026_1103_1104,0.215625495
2026_1103_1112,0.190773115
2026_1104_1112,0.449202091
2026_1103_1116,0.276884198
2026_1104_1116,0.637045503
2026_1112_1116,0.561915696
2026_1103_1140,0.309137851
2026_1104_1140,0.600364029
2026_1112_1140,0.555660129
2026_1116_1140,0.504642606
2026_1103_1155,0.32326144
2026_1104_1155,0.642012537
2026_1112_1155,0.6549474
2026_1116_1155,0.522019386
2026_1140_1155,0.597622931
2026_1103_1163,0.26039958
2026_1104_1163,0.434254676
2026_1112_1163,0.506612659
2026_1116_1163,0.389114559
2026_1140_1163,0.398712277
2026_1155_1163,0.368908912
2026_1103_1181,0.094330825
2026_1104_1181,0.211273894
2026_1112_1181,0.194534883
2026_1116_1181,0.119774893
2026_1140_1181,0.17813006
2026_1155_1181,0.162418336
2026_1163_1181,0.231183603
2026_1103_1196,0.093536742
2026_1104_1196,0.202628419
2026_1112_1196,0.207079008
2026_1116_1196,0.115200989
2026_1140_1196,0.184989646
2026_1112_1254,1
2026_1163_1196,0.252663463
2026_1181_1196,0.514622927
2026_1103_1202,0.709126413
2026_1104_1202,0.883983672
2026_1112_1202,0.898741245
2026_1116_1202,0.84600395
2026_1140_1202,0.820006728
2026_1155_1202,0.823868632
2026_1112_1429,1
2026_1181_1202,0.935050249
2026_1196_1202,0.933897376
2026_1103_1208,0.298374921
2026_1104_1208,0.681399047
2026_1112_1208,0.620154858
2026_1116_1208,0.55007267
2026_1140_1208,0.586465478
2026_1155_1208,0.585690558
2026_1163_1208,0.620611489
2026_1181_1208,0.885768712
2026_1196_1208,0.882347107
2026_1202_1208,0.232421994
2026_1103_1211,0.159939796
2026_1104_1211,0.320658803
2026_1112_1211,0.415150285
2026_1116_1211,0.217770129
2026_1140_1211,0.297390521
2026_1155_1211,0.264907807
2026_1163_1211,0.416538298
2026_1181_1211,0.669966102
2026_1196_1211,0.769013524
2026_1202_1211,0.078421302
2026_1208_1211,0.15902698
2026_1103_1218,0.644909441
2026_1104_1218,0.878991067
2026_1112_1218,0.887388229
2026_1116_1218,0.834510386
2026_1140_1218,0.80431962
2026_1155_1218,0.839394212
2026_1163_1218,0.856212437
2026_1181_1218,0.917324841
2026_1196_1218,0.916139245
2026_1202_1218,0.519364476
2026_1208_1218,0.768725216
2026_1211_1218,0.897757292
2026_1103_1219,0.531900764
2026_1104_1219,0.834076464
2026_1112_1219,0.868913233
2026_1116_1219,0.736599326
2026_1140_1219,0.696118116
2026_1155_1219,0.675301313
2026_1163_1219,0.767423213
2026_1181_1219,0.930885315
2026_1196_1219,0.924929678
2026_1202_1219,0.34763363
2026_1208_1219,0.682425261
2026_1211_1219,0.874854207
2026_1218_1219,0.301173478
2026_1103_1220,0.633580148
2026_1104_1220,0.901970506
2026_1112_1220,0.910659492
2026_1116_1220,0.841909766
2026_1140_1220,0.810362637
2026_1155_1220,0.842583179
2026_1163_1220,0.86377126
2026_1181_1220,0.935669899
2026_1196_1220,0.933511615
2026_1202_1220,0.505962491
2026_1208_1220,0.758889198
2026_1211_1220,0.917589247
2026_1218_1220,0.507765949
2026_1219_1220,0.691523671
2026_1103_1222,0.101437226
2026_1104_1222,0.21371536
2026_1112_1222,0.279533952
2026_1116_1222,0.131495282
2026_1140_1222,0.201040626
2026_1155_1222,0.184556022
2026_1163_1222,0.316579968
2026_1181_1222,0.551784933
2026_1196_1222,0.548368275
2026_1202_1222,0.071552493
2026_1208_1222,0.11760328
2026_1211_1222,0.332188934
2026_1218_1222,0.076000221
2026_1219_1222,0.108989514
2026_1220_1222,0.064831473
2026_1103_1224,0.778686285
2026_1104_1224,0.930710971
2026_1112_1224,0.93112433
2026_1116_1224,0.907653093
2026_1140_1224,0.871675849
2026_1155_1224,0.883640409
2026_1163_1224,0.892770648
2026_1181_1224,0.948567331
2026_1196_1224,0.94883579
2026_1202_1224,0.671053231
2026_1208_1224,0.864573836
2026_1211_1224,0.942249596
2026_1218_1224,0.646737099
2026_1219_1224,0.805234849
2026_1220_1224,0.664206266
2026_1222_1224,0.94378835
2026_1103_1225,0.756473184
2026_1104_1225,0.919152439
2026_1112_1225,0.921158195
2026_1116_1225,0.887318254
2026_1140_1225,0.854238987
2026_1155_1225,0.848315418
2026_1163_1225,0.877382636
2026_1181_1225,0.939558208
2026_1196_1225,0.937533081
2026_1202_1225,0.600664973
2026_1208_1225,0.822799742
2026_1211_1225,0.930784702
2026_1218_1225,0.535381496
2026_1219_1225,0.783408403
2026_1220_1225,0.620833576
2026_1112_1437,1
2026_1224_1225,0.391630143
2026_1103_1228,0.234304994
2026_1104_1228,0.489055574
2026_1112_1228,0.566244066
2026_1116_1228,0.444467515
2026_1140_1228,0.426667631
2026_1155_1228,0.386987954
2026_1163_1228,0.580644429
2026_1181_1228,0.87859714
2026_1196_1228,0.870991886
2026_1202_1228,0.156413466
2026_1208_1228,0.405523181
2026_1211_1228,0.659119844
2026_1218_1228,0.181612387
2026_1219_1228,0.19741416
2026_1220_1228,0.146282166
2026_1222_1228,0.795327842
2026_1224_1228,0.100659534
2026_1225_1228,0.114094533
2026_1103_1234,0.374214709
2026_1104_1234,0.7680071
2026_1112_1234,0.737501502
2026_1116_1234,0.590709507
2026_1140_1234,0.641257942
2026_1155_1234,0.69965905
2026_1163_1234,0.683183312
2026_1181_1234,0.878361225
2026_1155_1196,0
2026_1202_1234,0.256860644
2026_1208_1234,0.568669617
2026_1211_1234,0.849712312
2026_1218_1234,0.225680426
2026_1219_1234,0.381172359
2026_1220_1234,0.233189657
2026_1222_1234,0.877080917
2026_1224_1234,0.170127198
2026_1225_1234,0.213300899
2026_1228_1234,0.713808
2026_1103_1235,0.229220137
2026_1104_1235,0.485561371
2026_1112_1235,0.497788727
2026_1116_1235,0.448243648
2026_1140_1235,0.44843021
2026_1155_1235,0.408457041
2026_1163_1235,0.534229279
2026_1181_1235,0.804678977
2026_1196_1235,0.758388579
2026_1202_1235,0.129952148
2026_1208_1235,0.436099201
2026_1211_1235,0.589472055
2026_1218_1235,0.119620942
2026_1219_1235,0.177646771
2026_1220_1235,0.104515076
2026_1222_1235,0.724767208
2026_1224_1235,0.081565239
2026_1225_1235,0.089317612
2026_1228_1235,0.433925182
2026_1234_1235,0.3290416
2026_1103_1242,0.256131083
2026_1104_1242,0.572735608
2026_1112_1242,0.556360602
2026_1116_1242,0.49284637
2026_1140_1242,0.478857249
2026_1155_1242,0.472335041
2026_1163_1242,0.602538407
2026_1181_1242,0.876092374
2026_1196_1242,0.870982289
2026_1202_1242,0.123574719
2026_1208_1242,0.465245456
2026_1211_1242,0.774654806
2026_1218_1242,0.13069728
2026_1219_1242,0.222009987
2026_1220_1242,0.114295639
2026_1222_1242,0.862499416
2026_1224_1242,0.077043764
2026_1225_1242,0.081670634
2026_1228_1242,0.513911128
2026_1234_1242,0.391643316
2026_1235_1242,0.564397037
2026_1103_1244,0.648807943
2026_1104_1244,0.855806947
2026_1112_1244,0.877464473
2026_1116_1244,0.761108518
2026_1140_1244,0.773104906
2026_1155_1244,0.8135162
2026_1163_1244,0.823202848
2026_1181_1244,0.918781579
2026_1196_1244,0.919698417
2026_1202_1244,0.413039804
2026_1208_1244,0.73956728
2026_1211_1244,0.907296181
2026_1218_1244,0.455579549
2026_1219_1244,0.733222008
2026_1220_1244,0.489070803
2026_1222_1244,0.923510611
2026_1224_1244,0.269471109
2026_1225_1244,0.341043502
2026_1228_1244,0.82897836
2026_1234_1244,0.647291601
2026_1235_1244,0.856740296
2026_1242_1244,0.834203184
2026_1103_1246,0.272467643
2026_1104_1246,0.623605072
2026_1112_1246,0.584515691
2026_1116_1246,0.580904543
2026_1140_1246,0.549075484
2026_1155_1246,0.479340494
2026_1163_1246,0.602354467
2026_1181_1246,0.877560616
2026_1196_1246,0.873631597
2026_1202_1246,0.168271542
2026_1208_1246,0.463709295
2026_1211_1246,0.716877162
2026_1218_1246,0.199646115
2026_1219_1246,0.278697103
2026_1220_1246,0.191222742
2026_1222_1246,0.863448024
2026_1224_1246,0.096296392
2026_1225_1246,0.1271929
2026_1228_1246,0.578822136
2026_1234_1246,0.297498852
2026_1235_1246,0.575895667
2026_1242_1246,0.585933387
2026_1244_1246,0.1892692
2026_1103_1250,0.673697233
2026_1104_1250,0.905704916
2026_1112_1250,0.907031357
2026_1116_1250,0.868921757
2026_1140_1250,0.825352848
2026_1155_1250,0.831247509
2026_1163_1250,0.85767889
2026_1181_1250,0.929503679
2026_1163_1202,1
2026_1202_1250,0.600001693
2026_1208_1250,0.802060962
2026_1211_1250,0.918321133
2026_1218_1250,0.59399426
2026_1219_1250,0.738931358
2026_1220_1250,0.587459564
2026_1222_1250,0.924363196
2026_1224_1250,0.435518086
2026_1225_1250,0.564441204
2026_1228_1250,0.850239575
2026_1234_1250,0.761510253
2026_1235_1250,0.884287894
2026_1242_1250,0.891001523
2026_1244_1250,0.699613214
2026_1246_1250,0.83103025
2026_1103_1254,0.693017006
2026_1104_1254,0.895065188
2026_1181_1326,1
2026_1116_1254,0.856665671
2026_1140_1254,0.830231607
2026_1155_1254,0.831955016
2026_1163_1254,0.837469399
2026_1181_1254,0.918962419
2026_1196_1254,0.916102409
2026_1202_1254,0.63136071
2026_1208_1254,0.790596247
2026_1211_1254,0.906749606
2026_1218_1254,0.527308285
2026_1219_1254,0.746223152
2026_1220_1254,0.585235953
2026_1222_1254,0.912003279
2026_1224_1254,0.414217055
2026_1225_1254,0.54018575
2026_1228_1254,0.836658359
2026_1234_1254,0.777134776
2026_1235_1254,0.872227132
2026_1242_1254,0.885622025
2026_1244_1254,0.646330953
2026_1246_1254,0.830754697
2026_1250_1254,0.492522627
2026_1103_1257,0.310303241
2026_1104_1257,0.63311547
2026_1112_1257,0.585998237
2026_1116_1257,0.529526055
2026_1140_1257,0.527623713
2026_1155_1257,0.41314441
2026_1163_1257,0.655011296
2026_1181_1257,0.783111513
2026_1196_1257,0.846574903
2026_1202_1257,0.16505754
2026_1208_1257,0.413409024
2026_1211_1257,0.700059772
2026_1218_1257,0.16781193
2026_1219_1257,0.287743419
2026_1220_1257,0.14999035
2026_1222_1257,0.833965778
2026_1224_1257,0.085258819
2026_1225_1257,0.105844826
2026_1228_1257,0.593028605
2026_1234_1257,0.283045352
2026_1235_1257,0.58805567
2026_1242_1257,0.575093389
2026_1244_1257,0.194715306
2026_1246_1257,0.476828605
2026_1250_1257,0.109619759
2026_1254_1257,0.126039162
2026_1103_1270,0.462124914
2026_1104_1270,0.797549367
2026_1112_1270,0.839360952
2026_1116_1270,0.697893262
2026_1140_1270,0.610892713
2026_1155_1270,0.583535671
2026_1163_1270,0.712551713
2026_1181_1270,0.905267298
2026_1196_1270,0.905593932
2026_1202_1270,0.275419354
2026_1208_1270,0.609232366
2026_1211_1270,0.836707592
2026_1218_1270,0.235885367
2026_1219_1270,0.416091591
2026_1220_1270,0.269789398
2026_1222_1270,0.867884696
2026_1224_1270,0.173508152
2026_1225_1270,0.194478437
2026_1228_1270,0.773945093
2026_1234_1270,0.539851844
2026_1235_1270,0.749949098
2026_1242_1270,0.740293145
2026_1244_1270,0.262488604
2026_1246_1270,0.648435533
2026_1250_1270,0.221804172
2026_1254_1270,0.220463216
2026_1257_1270,0.621655107
2026_1103_1274,0.3961595
2026_1104_1274,0.806668282
2026_1112_1274,0.713125229
2026_1116_1274,0.693123281
2026_1140_1274,0.698453903
2026_1155_1274,0.644923747
2026_1163_1274,0.722579777
2026_1181_1274,0.873139381
2026_1196_1274,0.886240363
2026_1202_1274,0.316661328
2026_1208_1274,0.604857862
2026_1211_1274,0.851815641
2026_1218_1274,0.295301467
2026_1219_1274,0.428926587
2026_1220_1274,0.328132361
2026_1222_1274,0.86966908
2026_1224_1274,0.189093962
2026_1225_1274,0.253811747
2026_1228_1274,0.715440691
2026_1234_1274,0.483091205
2026_1235_1274,0.6890378
2026_1242_1274,0.71215862
2026_1244_1274,0.361216396
2026_1246_1274,0.636356533
2026_1250_1274,0.212988317
2026_1254_1274,0.231885985
2026_1257_1274,0.718469858
2026_1270_1274,0.480328143
2026_1103_1275,0.606619298
2026_1104_1275,0.83840251
2026_1112_1275,0.857898712
2026_1116_1275,0.714127302
2026_1140_1275,0.746689439
2026_1155_1275,0.775541782
2026_1163_1275,0.772378504
2026_1181_1275,0.918342292
2026_1196_1275,0.925049007
2026_1202_1275,0.359069765
2026_1208_1275,0.691315711
2026_1211_1275,0.895216644
2026_1218_1275,0.318119377
2026_1219_1275,0.581053913
2026_1220_1275,0.315287977
2026_1222_1275,0.903850555
2026_1224_1275,0.271356106
2026_1225_1275,0.299120545
2026_1228_1275,0.808077335
2026_1234_1275,0.698326707
2026_1235_1275,0.815684617
2026_1242_1275,0.742144167
2026_1244_1275,0.436131448
2026_1246_1275,0.776091337
2026_1250_1275,0.313849509
2026_1254_1275,0.326880246
2026_1257_1275,0.768449605
2026_1270_1275,0.616023421
2026_1274_1275,0.565702438
2026_1103_1276,0.230637789
2026_1104_1276,0.440020084
2026_1112_1276,0.50648725
2026_1116_1276,0.391235441
2026_1140_1276,0.450950474
2026_1155_1276,0.379334778
2026_1163_1276,0.525467336
2026_1181_1276,0.743384719
2026_1196_1276,0.783223569
2026_1202_1276,0.123233922
2026_1181_1373,1
2026_1211_1276,0.527543187
2026_1218_1276,0.116293482
2026_1219_1276,0.167299613
2026_1220_1276,0.088080272
2026_1222_1276,0.757041991
2026_1181_1395,1
2026_1225_1276,0.080042005
2026_1228_1276,0.410673559
2026_1234_1276,0.259723902
2026_1235_1276,0.512796879
2026_1242_1276,0.369677097
2026_1244_1276,0.146601528
2026_1246_1276,0.409309477
2026_1250_1276,0.093404464
2026_1254_1276,0.122826748
2026_1257_1276,0.40121752
2026_1270_1276,0.226154506
2026_1274_1276,0.237509891
2026_1275_1276,0.168282911
2026_1103_1277,0.202653766
2026_1104_1277,0.423882693
2026_1112_1277,0.498504251
2026_1116_1277,0.333137959
2026_1140_1277,0.41270414
2026_1155_1277,0.370750934
2026_1163_1277,0.506859422
2026_1181_1277,0.741804242
2026_1196_1277,0.715707302
2026_1202_1277,0.092090495
2026_1208_1277,0.304238677
2026_1211_1277,0.584805787
2026_1218_1277,0.132595196
2026_1219_1277,0.161258698
2026_1220_1277,0.109518111
2026_1222_1277,0.617951512
2026_1224_1277,0.066352196
2026_1225_1277,0.076403558
2026_1228_1277,0.354126453
2026_1234_1277,0.215669975
2026_1235_1277,0.449562013
2026_1242_1277,0.356515527
2026_1244_1277,0.125756875
2026_1246_1277,0.313406944
2026_1250_1277,0.087934397
2026_1254_1277,0.102628894
2026_1257_1277,0.368878007
2026_1270_1277,0.187482044
2026_1274_1277,0.210368007
2026_1275_1277,0.160862491
2026_1276_1277,0.489881545
2026_1103_1281,0.381804615
2026_1104_1281,0.708102465
2026_1112_1281,0.701124191
2026_1116_1281,0.550930142
2026_1140_1281,0.656862676
2026_1155_1281,0.68733865
2026_1163_1281,0.641381204
2026_1181_1281,0.873373628
2026_1196_1281,0.85397464
2026_1202_1281,0.302033633
2026_1208_1281,0.546218932
2026_1211_1281,0.834687948
2026_1218_1281,0.255526543
2026_1219_1281,0.408728331
2026_1220_1281,0.256827056
2026_1222_1281,0.82628876
2026_1224_1281,0.179237679
2026_1225_1281,0.203002706
2026_1228_1281,0.654320538
2026_1234_1281,0.450190753
2026_1235_1281,0.62832278
2026_1242_1281,0.550517261
2026_1244_1281,0.32536754
2026_1246_1281,0.563657343
2026_1250_1281,0.250523865
2026_1254_1281,0.28901723
2026_1257_1281,0.66259855
2026_1270_1281,0.477561265
2026_1274_1281,0.420659781
2026_1275_1281,0.390860498
2026_1276_1281,0.713650405
2026_1277_1281,0.721313775
2026_1103_1295,0.741635025
2026_1104_1295,0.871793151
2026_1112_1295,0.903041959
2026_1116_1295,0.830519497
2026_1140_1295,0.793505311
2026_1155_1295,0.806619048
2026_1163_1295,0.854061484
2026_1181_1295,0.932152569
2026_1196_1295,0.928358376
2026_1202_1295,0.536625206
2026_1208_1295,0.761492193
2026_1211_1295,0.92248714
2026_1218_1295,0.534342229
2026_1219_1295,0.76398474
2026_1220_1295,0.507719576
2026_1222_1295,0.921791315
2026_1224_1295,0.319666654
2026_1225_1295,0.437093794
2026_1228_1295,0.852811575
2026_1234_1295,0.727786422
2026_1235_1295,0.894867599
2026_1242_1295,0.866270363
2026_1244_1295,0.571273386
2026_1246_1295,0.805866241
2026_1250_1295,0.36387226
2026_1254_1295,0.405455559
2026_1257_1295,0.813368082
2026_1270_1295,0.7776739
2026_1274_1295,0.667170525
2026_1275_1295,0.637078702
2026_1276_1295,0.8829844
2026_1277_1295,0.902561724
2026_1281_1295,0.738588572
2026_1103_1301,0.487070411
2026_1104_1301,0.83781153
2026_1112_1301,0.779900789
2026_1116_1301,0.680302262
2026_1140_1301,0.713348627
2026_1155_1301,0.75559634
2026_1163_1301,0.720379412
2026_1181_1301,0.8839733
2026_1196_1301,0.894375026
2026_1202_1301,0.377673805
2026_1208_1301,0.696013153
2026_1211_1301,0.862537801
2026_1218_1301,0.308936685
2026_1219_1301,0.527772129
2026_1220_1301,0.348843157
2026_1222_1301,0.889782608
2026_1224_1301,0.239400372
2026_1225_1301,0.314758748
2026_1228_1301,0.752751887
2026_1234_1301,0.665048957
2026_1235_1301,0.727517784
2026_1242_1301,0.736760914
2026_1244_1301,0.404347986
2026_1246_1301,0.695940495
2026_1250_1301,0.274883747
2026_1254_1301,0.31575802
2026_1257_1301,0.761347413
2026_1270_1301,0.548033416
2026_1274_1301,0.567807436
2026_1275_1301,0.544476867
2026_1276_1301,0.800719619
2026_1277_1301,0.797123551
2026_1281_1301,0.643367946
2026_1295_1301,0.337755144
2026_1103_1304,0.36315316
2026_1104_1304,0.706225276
2026_1112_1304,0.696854651
2026_1116_1304,0.579533458
2026_1140_1304,0.518717051
2026_1155_1304,0.524011731
2026_1163_1304,0.734390378
2026_1181_1304,0.887107849
2026_1196_1304,0.897143185
2026_1202_1304,0.177287981
2026_1208_1304,0.510301232
2026_1211_1304,0.838264942
2026_1218_1304,0.186991245
2026_1219_1304,0.362524748
2026_1220_1304,0.177855432
2026_1222_1304,0.88173914
2026_1224_1304,0.116145723
2026_1225_1304,0.126475915
2026_1228_1304,0.673944116
2026_1234_1304,0.3940534
2026_1235_1304,0.684208453
2026_1242_1304,0.58433938
2026_1244_1304,0.257840157
2026_1246_1304,0.47450754
2026_1250_1304,0.12030521
2026_1254_1304,0.194165528
2026_1257_1304,0.498895228
2026_1270_1304,0.373002559
2026_1274_1304,0.347957104
2026_1275_1304,0.28754285
2026_1276_1304,0.664963841
2026_1277_1304,0.770703197
2026_1281_1304,0.514131486
2026_1295_1304,0.163691029
2026_1301_1304,0.343595058
2026_1103_1314,0.295023203
2026_1104_1314,0.672673166
2026_1112_1314,0.59975338
2026_1116_1314,0.588303626
2026_1140_1314,0.548576295
2026_1155_1314,0.423579186
2026_1163_1314,0.648152471
2026_1181_1314,0.872925878
2026_1196_1314,0.881910741
2026_1202_1314,0.162919685
2026_1208_1314,0.473252445
2026_1211_1314,0.796772838
2026_1218_1314,0.202243939
2026_1219_1314,0.30547899
2026_1220_1314,0.19479309
2026_1222_1314,0.857460558
2026_1224_1314,0.095016681
2026_1225_1314,0.109742753
2026_1228_1314,0.608901322
2026_1234_1314,0.364171714
2026_1235_1314,0.567596376
2026_1242_1314,0.58929652
2026_1244_1314,0.211224318
2026_1246_1314,0.492697656
2026_1250_1314,0.126771659
2026_1254_1314,0.145451665
2026_1257_1314,0.534972668
2026_1270_1314,0.376086384
2026_1274_1314,0.331235796
2026_1275_1314,0.285735339
2026_1276_1314,0.604485333
2026_1277_1314,0.728180289
2026_1281_1314,0.447138131
2026_1295_1314,0.161545321
2026_1301_1314,0.27814284
2026_1304_1314,0.555670023
2026_1103_1320,0.531676233
2026_1104_1320,0.773501098
2026_1112_1320,0.790328145
2026_1116_1320,0.65606916
2026_1140_1320,0.675152361
2026_1155_1320,0.706504762
2026_1163_1320,0.711206436
2026_1181_1320,0.892002106
2026_1196_1320,0.89572233
2026_1202_1320,0.32080096
2026_1208_1320,0.627679169
2026_1211_1320,0.851612747
2026_1218_1320,0.34839341
2026_1219_1320,0.521456122
2026_1220_1320,0.36968258
2026_1222_1320,0.877650321
2026_1224_1320,0.247423485
2026_1225_1320,0.28173551
2026_1228_1320,0.711809397
2026_1234_1320,0.596479118
2026_1235_1320,0.737605512
2026_1242_1320,0.695576847
2026_1244_1320,0.390570879
2026_1246_1320,0.686794043
2026_1250_1320,0.2970981
2026_1254_1320,0.308796853
2026_1257_1320,0.673378408
2026_1270_1320,0.550948799
2026_1274_1320,0.542409241
2026_1275_1320,0.445243776
2026_1276_1320,0.777874351
2026_1277_1320,0.772569001
2026_1281_1320,0.552924395
2026_1295_1320,0.322407395
2026_1301_1320,0.463075042
2026_1304_1320,0.672113478
2026_1314_1320,0.635784388
2026_1103_1326,0.39018786
2026_1104_1326,0.692570627
2026_1112_1326,0.677075744
2026_1116_1326,0.598307014
2026_1140_1326,0.644117713
2026_1155_1326,0.631657362
2026_1163_1326,0.679520488
2026_1196_1234,1
2026_1196_1326,0.899870574
2026_1202_1326,0.222939
2026_1208_1326,0.514898181
2026_1211_1326,0.86792171
2026_1218_1326,0.24155508
2026_1219_1326,0.447043568
2026_1220_1326,0.245386556
2026_1222_1326,0.878970981
2026_1224_1326,0.149687722
2026_1225_1326,0.189652801
2026_1228_1326,0.679409325
2026_1234_1326,0.436240673
2026_1235_1326,0.665121853
2026_1242_1326,0.587539315
2026_1244_1326,0.274265379
2026_1246_1326,0.595342219
2026_1250_1326,0.202809498
2026_1254_1326,0.256765574
2026_1257_1326,0.635653615
2026_1270_1326,0.456508219
2026_1274_1326,0.392102897
2026_1275_1326,0.306005239
2026_1276_1326,0.668005228
2026_1277_1326,0.730868399
2026_1281_1326,0.456357479
2026_1295_1326,0.248987556
2026_1301_1326,0.318278074
2026_1304_1326,0.552200079
2026_1314_1326,0.569969654
2026_1320_1326,0.355683357
2026_1103_1335,0.580700278
2026_1104_1335,0.83077538
2026_1112_1335,0.847081542
2026_1116_1335,0.748422623
2026_1140_1335,0.70340699
2026_1155_1335,0.759377062
2026_1163_1335,0.779496908
2026_1181_1335,0.896784186
2026_1196_1335,0.894040048
2026_1202_1335,0.411765218
2026_1208_1335,0.709783018
2026_1211_1335,0.87170589
2026_1218_1335,0.488621444
2026_1219_1335,0.664944947
2026_1220_1335,0.431345999
2026_1222_1335,0.905301809
2026_1224_1335,0.285272628
2026_1225_1335,0.368673414
2026_1228_1335,0.79360199
2026_1234_1335,0.640190482
2026_1235_1335,0.806792438
2026_1242_1335,0.792487621
2026_1244_1335,0.465484917
2026_1246_1335,0.725826263
2026_1250_1335,0.327630609
2026_1254_1335,0.357826859
2026_1257_1335,0.776759982
2026_1270_1335,0.666808605
2026_1274_1335,0.637699485
2026_1275_1335,0.554936588
2026_1276_1335,0.84578228
2026_1277_1335,0.857503712
2026_1281_1335,0.671040297
2026_1295_1335,0.487017989
2026_1301_1335,0.569078684
2026_1304_1335,0.755096376
2026_1314_1335,0.734563112
2026_1320_1335,0.633574069
2026_1326_1335,0.722908139
2026_1103_1341,0.75731051
2026_1104_1341,0.921055496
2026_1112_1341,0.916480064
2026_1116_1341,0.885931313
2026_1140_1341,0.850512207
2026_1155_1341,0.853891313
2026_1163_1341,0.865532279
2026_1181_1341,0.935973167
2026_1196_1250,1
2026_1202_1341,0.646734476
2026_1208_1341,0.836399674
2026_1211_1341,0.927066565
2026_1218_1341,0.642924905
2026_1219_1341,0.769740999
2026_1220_1341,0.68690902
2026_1222_1341,0.930121303
2026_1224_1341,0.655498803
2026_1225_1341,0.654175818
2026_1228_1341,0.871122003
2026_1234_1341,0.830469787
2026_1235_1341,0.894408405
2026_1242_1341,0.903800905
2026_1244_1341,0.710933924
2026_1246_1341,0.87485075
2026_1250_1341,0.642460227
2026_1254_1341,0.616222024
2026_1257_1341,0.890982866
2026_1270_1341,0.793289781
2026_1274_1341,0.769797504
2026_1275_1341,0.722527027
2026_1276_1341,0.89783752
2026_1277_1341,0.919874489
2026_1281_1341,0.798593223
2026_1295_1341,0.674394429
2026_1301_1341,0.780993938
2026_1304_1341,0.848808169
2026_1314_1341,0.851781189
2026_1320_1341,0.731241107
2026_1326_1341,0.838594139
2026_1335_1341,0.699096084
2026_1103_1345,0.266314805
2026_1104_1345,0.50475198
2026_1112_1345,0.535712421
2026_1116_1345,0.420542479
2026_1140_1345,0.467645764
2026_1155_1345,0.447587311
2026_1163_1345,0.54774946
2026_1181_1345,0.831528962
2026_1196_1345,0.821168184
2026_1202_1345,0.161122948
2026_1208_1345,0.41971004
2026_1211_1345,0.686781228
2026_1218_1345,0.147407144
2026_1219_1345,0.209753603
2026_1220_1345,0.138437226
2026_1222_1345,0.77660203
2026_1224_1345,0.101139978
2026_1225_1345,0.109676041
2026_1228_1345,0.434078425
2026_1234_1345,0.333152324
2026_1235_1345,0.526996791
2026_1242_1345,0.428315908
2026_1244_1345,0.196357086
2026_1246_1345,0.406364083
2026_1250_1345,0.13431485
2026_1254_1345,0.179317057
2026_1257_1345,0.421049505
2026_1270_1345,0.278304458
2026_1274_1345,0.288763106
2026_1275_1345,0.218710184
2026_1276_1345,0.585766971
2026_1277_1345,0.617429554
2026_1281_1345,0.362416655
2026_1295_1345,0.124903873
2026_1301_1345,0.24664554
2026_1304_1345,0.329457313
2026_1314_1345,0.369892418
2026_1320_1345,0.288718849
2026_1326_1345,0.359142542
2026_1335_1345,0.170163184
2026_1341_1345,0.126899347
2026_1103_1365,0.366796821
2026_1104_1365,0.717109621
2026_1112_1365,0.734544158
2026_1116_1365,0.581196129
2026_1140_1365,0.656726897
2026_1155_1365,0.707798362
2026_1163_1365,0.675021231
2026_1181_1365,0.873605847
2026_1196_1365,0.865440011
2026_1202_1365,0.277502894
2026_1208_1365,0.60372299
2026_1211_1365,0.835540891
2026_1218_1365,0.263479829
2026_1219_1365,0.390775144
2026_1220_1365,0.279210389
2026_1222_1365,0.858889401
2026_1224_1365,0.206053257
2026_1225_1365,0.234617472
2026_1228_1365,0.678447723
2026_1234_1365,0.520908415
2026_1235_1365,0.669827759
2026_1242_1365,0.603021264
2026_1244_1365,0.357484221
2026_1246_1365,0.6573084
2026_1250_1365,0.272277087
2026_1254_1365,0.282115489
2026_1257_1365,0.664604962
2026_1270_1365,0.436266989
2026_1274_1365,0.476871252
2026_1275_1365,0.378221631
2026_1276_1365,0.723513007
2026_1277_1365,0.719945669
2026_1281_1365,0.485506147
2026_1295_1365,0.256219357
2026_1301_1365,0.40825209
2026_1304_1365,0.572933972
2026_1314_1365,0.610373855
2026_1320_1365,0.395642519
2026_1326_1365,0.592959523
2026_1335_1365,0.342404902
2026_1341_1365,0.207608745
2026_1345_1365,0.634453237
2026_1103_1373,0.64710623
2026_1104_1373,0.898330867
2026_1112_1373,0.895790696
2026_1116_1373,0.848418295
2026_1140_1373,0.790790975
2026_1155_1373,0.808438003
2026_1163_1373,0.84274888
2026_1196_1341,1
2026_1196_1373,0.925810933
2026_1202_1373,0.608323991
2026_1208_1373,0.792098522
2026_1211_1373,0.905185282
2026_1218_1373,0.506861985
2026_1219_1373,0.726494849
2026_1220_1373,0.564590991
2026_1222_1373,0.923466384
2026_1224_1373,0.383516341
2026_1225_1373,0.491054535
2026_1228_1373,0.849525392
2026_1234_1373,0.739770591
2026_1235_1373,0.866436601
2026_1242_1373,0.881542742
2026_1244_1373,0.676504612
2026_1246_1373,0.825096548
2026_1250_1373,0.467620254
2026_1254_1373,0.457057416
2026_1257_1373,0.847566068
2026_1270_1373,0.725882173
2026_1274_1373,0.734328926
2026_1275_1373,0.677295446
2026_1276_1373,0.878504932
2026_1277_1373,0.9027282
2026_1281_1373,0.736155748
2026_1295_1373,0.611174047
2026_1301_1373,0.632920682
2026_1304_1373,0.814243317
2026_1314_1373,0.798382699
2026_1320_1373,0.699128866
2026_1326_1373,0.777945638
2026_1335_1373,0.613965511
2026_1341_1373,0.333494484
2026_1345_1373,0.853377461
2026_1365_1373,0.716448784
2026_1103_1374,0.468876511
2026_1104_1374,0.769610226
2026_1112_1374,0.757290006
2026_1116_1374,0.662243843
2026_1140_1374,0.680566609
2026_1155_1374,0.727539122
2026_1163_1374,0.693775117
2026_1181_1374,0.883740008
2026_1196_1374,0.884740412
2026_1202_1374,0.295066059
2026_1208_1374,0.629202545
2026_1211_1374,0.847527266
2026_1218_1374,0.259397596
2026_1219_1374,0.445807874
2026_1220_1374,0.288422585
2026_1222_1374,0.864863515
2026_1224_1374,0.207274169
2026_1225_1374,0.226579532
2026_1228_1374,0.720612884
2026_1234_1374,0.594427526
2026_1235_1374,0.712446332
2026_1242_1374,0.684462965
2026_1244_1374,0.380795985
2026_1246_1374,0.678568542
2026_1250_1374,0.257351369
2026_1254_1374,0.286736578
2026_1257_1374,0.692402303
2026_1270_1374,0.510935247
2026_1274_1374,0.481705159
2026_1275_1374,0.381065339
2026_1276_1374,0.74312079
2026_1277_1374,0.751461744
2026_1281_1374,0.492842436
2026_1295_1374,0.24532114
2026_1301_1374,0.407618523
2026_1304_1374,0.646302283
2026_1314_1374,0.614870429
2026_1320_1374,0.44724521
2026_1326_1374,0.606098771
2026_1335_1374,0.349977612
2026_1341_1374,0.207875505
2026_1345_1374,0.676870286
2026_1365_1374,0.525256634
2026_1373_1374,0.305833489
2026_1103_1378,0.527356565
2026_1104_1378,0.840235412
2026_1112_1378,0.81212765
2026_1116_1378,0.74735254
2026_1140_1378,0.72624737
2026_1155_1378,0.788067341
2026_1163_1378,0.741876006
2026_1181_1378,0.896674395
2026_1196_1378,0.90564388
2026_1202_1378,0.411284745
2026_1208_1378,0.727405369
2026_1211_1378,0.877891481
2026_1218_1378,0.347534478
2026_1219_1378,0.588603556
2026_1220_1378,0.413963914
2026_1222_1378,0.897299111
2026_1224_1378,0.309781879
2026_1225_1378,0.350214422
2026_1228_1378,0.790870011
2026_1234_1378,0.67402935
2026_1235_1378,0.751600266
2026_1242_1378,0.768894851
2026_1244_1378,0.44491449
2026_1246_1378,0.717548251
2026_1250_1378,0.348517001
2026_1254_1378,0.365140349
2026_1257_1378,0.785479903
2026_1270_1378,0.60126704
2026_1274_1378,0.571783245
2026_1275_1378,0.54486537
2026_1276_1378,0.808021367
2026_1277_1378,0.806182206
2026_1281_1378,0.69265312
2026_1295_1378,0.375749648
2026_1301_1378,0.543373466
2026_1304_1378,0.675802648
2026_1314_1378,0.7065714
2026_1320_1378,0.555583417
2026_1326_1378,0.760356307
2026_1335_1378,0.431733996
2026_1341_1378,0.272904992
2026_1345_1378,0.780880272
2026_1365_1378,0.64960891
2026_1373_1378,0.373048186
2026_1374_1378,0.586579621
2026_1103_1385,0.219312564
2026_1104_1385,0.456519097
2026_1112_1385,0.505245566
2026_1116_1385,0.384481162
2026_1140_1385,0.41443345
2026_1155_1385,0.33956933
2026_1163_1385,0.542332292
2026_1181_1385,0.718936205
2026_1196_1385,0.703482568
2026_1202_1385,0.124708295
2026_1208_1385,0.295453548
2026_1211_1385,0.63666451
2026_1218_1385,0.135218844
2026_1219_1385,0.179530859
2026_1220_1385,0.126733989
2026_1222_1385,0.683789194
2026_1224_1385,0.067437239
2026_1225_1385,0.091529138
2026_1228_1385,0.501807332
2026_1234_1385,0.272158593
2026_1235_1385,0.506050408
2026_1242_1385,0.427732766
2026_1244_1385,0.138155535
2026_1246_1385,0.33191064
2026_1250_1385,0.08327423
2026_1254_1385,0.098177947
2026_1257_1385,0.382275432
2026_1270_1385,0.234306723
2026_1274_1385,0.231339678
2026_1275_1385,0.192905053
2026_1276_1385,0.494666725
2026_1277_1385,0.56872493
2026_1281_1385,0.277178884
2026_1295_1385,0.108243324
2026_1301_1385,0.206800476
2026_1304_1385,0.343015939
2026_1314_1385,0.303689957
2026_1320_1385,0.240218312
2026_1326_1385,0.250328094
2026_1335_1385,0.180523723
2026_1341_1385,0.079119898
2026_1345_1385,0.494040906
2026_1365_1385,0.260475487
2026_1373_1385,0.103942655
2026_1374_1385,0.237289682
2026_1378_1385,0.204367474
2026_1103_1387,0.385448575
2026_1104_1387,0.774190187
2026_1112_1387,0.745725751
2026_1116_1387,0.547587812
2026_1140_1387,0.659731865
2026_1155_1387,0.696413696
2026_1163_1387,0.68285048
2026_1181_1387,0.885979474
2026_1196_1387,0.892747283
2026_1202_1387,0.290663332
2026_1208_1387,0.535660982
2026_1211_1387,0.842172801
2026_1218_1387,0.295047402
2026_1219_1387,0.393874407
2026_1220_1387,0.27777493
2026_1222_1387,0.880025744
2026_1224_1387,0.210384056
2026_1225_1387,0.248293504
2026_1228_1387,0.647979021
2026_1234_1387,0.492062002
2026_1235_1387,0.667142153
2026_1242_1387,0.562168598
2026_1244_1387,0.346884221
2026_1246_1387,0.647325516
2026_1250_1387,0.230705246
2026_1254_1387,0.292454958
2026_1257_1387,0.710442662
2026_1270_1387,0.444536775
2026_1274_1387,0.429424912
2026_1275_1387,0.336925775
2026_1208_1276,0
2026_1277_1387,0.771084189
2026_1281_1387,0.486448497
2026_1295_1387,0.301192462
2026_1301_1387,0.355636299
2026_1304_1387,0.551957548
2026_1314_1387,0.562150657
2026_1320_1387,0.381379545
2026_1326_1387,0.527076364
2026_1335_1387,0.36411342
2026_1341_1387,0.189881548
2026_1345_1387,0.604008436
2026_1365_1387,0.463089764
2026_1373_1387,0.274724275
2026_1374_1387,0.411357582
2026_1378_1387,0.354629278
2026_1385_1387,0.765307963
2026_1103_1388,0.294119507
2026_1104_1388,0.655381083
2026_1112_1388,0.600197017
2026_1116_1388,0.506993771
2026_1140_1388,0.550125599
2026_1155_1388,0.430176109
2026_1163_1388,0.64188689
2026_1181_1388,0.796687901
2026_1196_1388,0.81927824
2026_1202_1388,0.14367047
2026_1208_1388,0.356448084
2026_1211_1388,0.700976133
2026_1218_1388,0.183674663
2026_1219_1388,0.286093235
2026_1220_1388,0.169704497
2026_1222_1388,0.806813657
2026_1224_1388,0.088888332
2026_1225_1388,0.134585083
2026_1228_1388,0.599265993
2026_1234_1388,0.246511936
2026_1235_1388,0.586645007
2026_1242_1388,0.553042233
2026_1244_1388,0.191040754
2026_1246_1388,0.48238501
2026_1250_1388,0.119858585
2026_1254_1388,0.133280158
2026_1257_1388,0.526457667
2026_1270_1388,0.346803546
2026_1274_1388,0.318716913
2026_1275_1388,0.209880844
2026_1276_1388,0.564660132
2026_1277_1388,0.635547101
2026_1281_1388,0.30254069
2026_1295_1388,0.158933222
2026_1301_1388,0.227567032
2026_1304_1388,0.494396776
2026_1314_1388,0.464759469
2026_1320_1388,0.272735745
2026_1326_1388,0.29654786
2026_1335_1388,0.224645257
2026_1341_1388,0.094314165
2026_1345_1388,0.548683643
2026_1365_1388,0.285191387
2026_1373_1388,0.136328235
2026_1374_1388,0.273430377
2026_1378_1388,0.203614131
2026_1385_1388,0.657840669
2026_1387_1388,0.28612861
2026_1103_1395,0.376831204
2026_1104_1395,0.799068749
2026_1112_1395,0.745535493
2026_1116_1395,0.659331441
2026_1140_1395,0.680556238
2026_1155_1395,0.724090695
2026_1163_1395,0.68915385
2026_1222_1225,1
2026_1196_1395,0.882417083
2026_1202_1395,0.310746551
2026_1208_1395,0.620594382
2026_1211_1395,0.844845772
2026_1218_1395,0.272029012
2026_1219_1395,0.443270653
2026_1220_1395,0.273145348
2026_1222_1395,0.871181071
2026_1224_1395,0.221251339
2026_1225_1395,0.269001216
2026_1228_1395,0.703293145
2026_1234_1395,0.501186311
2026_1235_1395,0.670840979
2026_1242_1395,0.666640878
2026_1244_1395,0.308521777
2026_1246_1395,0.639350355
2026_1250_1395,0.244001031
2026_1254_1395,0.262141943
2026_1257_1395,0.74524498
2026_1270_1395,0.476518899
2026_1274_1395,0.456386477
2026_1275_1395,0.365217209
2026_1276_1395,0.752241552
2026_1277_1395,0.779575825
2026_1281_1395,0.546886265
2026_1295_1395,0.285664052
2026_1301_1395,0.405285567
2026_1304_1395,0.546087086
2026_1314_1395,0.627610326
2026_1320_1395,0.401288152
2026_1326_1395,0.570798695
2026_1335_1395,0.294866323
2026_1341_1395,0.186365351
2026_1345_1395,0.703777134
2026_1365_1395,0.481844991
2026_1373_1395,0.26015833
2026_1374_1395,0.404447556
2026_1378_1395,0.323541164
2026_1385_1395,0.73465085
2026_1387_1395,0.525079548
2026_1388_1395,0.766422749
2026_1103_1397,0.236689359
2026_1104_1397,0.561075091
2026_1112_1397,0.5324049
2026_1116_1397,0.442795098
2026_1140_1397,0.484410375
2026_1155_1397,0.385473222
2026_1163_1397,0.564788818
2026_1181_1397,0.748628616
2026_1196_1397,0.712500274
2026_1202_1397,0.10759151
2026_1208_1397,0.289202392
2026_1211_1397,0.667003214
2026_1218_1397,0.145923659
2026_1219_1397,0.228373691
2026_1220_1397,0.124816209
2026_1222_1397,0.757549107
2026_1224_1397,0.079222515
2026_1225_1397,0.088757463
2026_1228_1397,0.510791183
2026_1234_1397,0.209916085
2026_1235_1397,0.509268284
2026_1242_1397,0.474768043
2026_1244_1397,0.151356801
2026_1246_1397,0.35372892
2026_1250_1397,0.102834947
2026_1254_1397,0.116237015
2026_1257_1397,0.454699546
2026_1270_1397,0.265007615
2026_1274_1397,0.221855253
2026_1275_1397,0.188157201
2026_1276_1397,0.511231244
2026_1277_1397,0.572313249
2026_1281_1397,0.255681574
2026_1295_1397,0.128358543
2026_1301_1397,0.179221287
2026_1304_1397,0.379749328
2026_1314_1397,0.310143888
2026_1320_1397,0.237539917
2026_1326_1397,0.217308477
2026_1335_1397,0.152757347
2026_1341_1397,0.083744116
2026_1345_1397,0.474685818
2026_1365_1397,0.252907693
2026_1373_1397,0.113701135
2026_1374_1397,0.250404149
2026_1378_1397,0.157237753
2026_1385_1397,0.54841888
2026_1387_1397,0.236621603
2026_1388_1397,0.45205161
2026_1395_1397,0.203740746
2026_1103_1398,0.752732217
2026_1104_1398,0.924109757
2026_1112_1398,0.924929082
2026_1116_1398,0.883955896
2026_1140_1398,0.856374264
2026_1155_1398,0.854251623
2026_1163_1398,0.881519198
2026_1181_1398,0.945319474
2026_1196_1398,0.947489619
2026_1202_1398,0.639757395
2026_1208_1398,0.817295969
2026_1211_1398,0.93598789
2026_1218_1398,0.54406321
2026_1219_1398,0.775902033
2026_1220_1398,0.607143342
2026_1222_1398,0.941968918
2026_1224_1398,0.35200271
2026_1225_1398,0.490733147
2026_1228_1398,0.886350214
2026_1234_1398,0.78560704
2026_1224_1276,0
2026_1242_1398,0.900602341
2026_1244_1398,0.644988954
2026_1246_1398,0.854857862
2026_1250_1398,0.409538478
2026_1254_1398,0.488819152
2026_1257_1398,0.900715172
2026_1270_1398,0.802298248
2026_1274_1398,0.734009862
2026_1275_1398,0.729326606
2026_1276_1398,0.891799629
2026_1277_1398,0.932789147
2026_1281_1398,0.790293753
2026_1295_1398,0.58643055
2026_1301_1398,0.697537124
2026_1304_1398,0.837193012
2026_1314_1398,0.838762939
2026_1320_1398,0.753783405
2026_1326_1398,0.821159065
2026_1335_1398,0.608696163
2026_1341_1398,0.314413667
2026_1345_1398,0.86460495
2026_1365_1398,0.787492275
2026_1373_1398,0.514907002
2026_1374_1398,0.739919126
2026_1378_1398,0.617866158
2026_1385_1398,0.909200668
2026_1387_1398,0.747147083
2026_1388_1398,0.891177654
2026_1395_1398,0.736804128
2026_1397_1398,0.912592113
2026_1103_1400,0.453136951
2026_1104_1400,0.720662236
2026_1112_1400,0.69354862
2026_1116_1400,0.58762902
2026_1140_1400,0.64807409
2026_1155_1400,0.708607852
2026_1163_1400,0.637178898
2026_1181_1400,0.887040377
2026_1196_1400,0.892390013
2026_1202_1400,0.299152225
2026_1208_1400,0.565090179
2026_1211_1400,0.875966847
2026_1218_1400,0.25137192
2026_1219_1400,0.465054572
2026_1220_1400,0.267640859
2026_1222_1400,0.890293896
2026_1224_1400,0.184551194
2026_1225_1400,0.208589956
2026_1228_1400,0.635047495
2026_1234_1400,0.511386991
2026_1235_1400,0.668384194
2026_1242_1400,0.603174269
2026_1244_1400,0.333822489
2026_1246_1400,0.574025273
2026_1250_1400,0.25423345
2026_1254_1400,0.266785592
2026_1257_1400,0.649471045
2026_1270_1400,0.519594014
2026_1274_1400,0.400030375
2026_1275_1400,0.401619196
2026_1276_1400,0.713408172
2026_1277_1400,0.720533609
2026_1281_1400,0.484882683
2026_1295_1400,0.25621894
2026_1301_1400,0.360363901
2026_1304_1400,0.583522022
2026_1314_1400,0.554243863
2026_1320_1400,0.440909386
2026_1326_1400,0.564598262
2026_1335_1400,0.292135358
2026_1341_1400,0.184543744
2026_1345_1400,0.64451921
2026_1365_1400,0.495501012
2026_1373_1400,0.247272804
2026_1374_1400,0.48478213
2026_1378_1400,0.310207844
2026_1385_1400,0.733745635
2026_1387_1400,0.508722246
2026_1388_1400,0.753041625
2026_1395_1400,0.509703338
2026_1397_1400,0.743082047
2026_1398_1400,0.228112772
2026_1103_1401,0.304547429
2026_1104_1401,0.646128654
2026_1112_1401,0.696018457
2026_1116_1401,0.580384076
2026_1140_1401,0.549340725
2026_1155_1401,0.558962941
2026_1163_1401,0.631973505
2026_1181_1401,0.86836046
2026_1196_1401,0.867635489
2026_1202_1401,0.250912219
2026_1208_1401,0.559360147
2026_1211_1401,0.772690117
2026_1218_1401,0.229588777
2026_1219_1401,0.342913628
2026_1220_1401,0.233051226
2026_1222_1401,0.866871953
2026_1224_1401,0.165291607
2026_1225_1401,0.186296284
2026_1228_1401,0.633759439
2026_1234_1401,0.43076843
2026_1235_1401,0.613435328
2026_1242_1401,0.569242179
2026_1244_1401,0.243628874
2026_1246_1401,0.558871925
2026_1250_1401,0.219317555
2026_1254_1401,0.252085954
2026_1257_1401,0.553408265
2026_1270_1401,0.391856581
2026_1274_1401,0.404728085
2026_1275_1401,0.34113884
2026_1276_1401,0.671092749
2026_1277_1401,0.682785571
2026_1281_1401,0.424857616
2026_1295_1401,0.21977067
2026_1301_1401,0.330786645
2026_1304_1401,0.513105094
2026_1314_1401,0.543621004
2026_1320_1401,0.382884592
2026_1326_1401,0.530571401
2026_1335_1401,0.240333438
2026_1341_1401,0.15457435
2026_1345_1401,0.614963949
2026_1365_1401,0.442629784
2026_1373_1401,0.225041226
2026_1374_1401,0.417044401
2026_1378_1401,0.278793722
2026_1385_1401,0.685087562
2026_1387_1401,0.492374152
2026_1388_1401,0.617068648
2026_1395_1401,0.435026795
2026_1397_1401,0.68793422
2026_1398_1401,0.203036875
2026_1400_1401,0.480797023
2026_1103_1403,0.266064972
2026_1104_1403,0.486092657
2026_1112_1403,0.513106406
2026_1116_1403,0.35183683
2026_1140_1403,0.456275165
2026_1155_1403,0.389185697
2026_1163_1403,0.561608851
2026_1181_1403,0.8441962
2026_1196_1403,0.832485199
2026_1202_1403,0.109278508
2026_1208_1403,0.341091305
2026_1211_1403,0.664961457
2026_1218_1403,0.134067491
2026_1219_1403,0.251491725
2026_1220_1403,0.124643967
2026_1222_1403,0.810924292
2026_1224_1403,0.067613021
2026_1225_1403,0.092562646
2026_1228_1403,0.516147792
2026_1234_1403,0.254912436
2026_1235_1403,0.543624282
2026_1242_1403,0.433787286
2026_1244_1403,0.141785964
2026_1246_1403,0.383246511
2026_1250_1403,0.08523827
2026_1254_1403,0.102120057
2026_1257_1403,0.41259563
2026_1270_1403,0.323287308
2026_1274_1403,0.22213541
2026_1275_1403,0.187390253
2026_1276_1403,0.494475216
2026_1277_1403,0.5857867
2026_1281_1403,0.378615439
2026_1295_1403,0.101281025
2026_1301_1403,0.203794494
2026_1304_1403,0.307465523
2026_1314_1403,0.337467074
2026_1320_1403,0.250627398
2026_1326_1403,0.229569867
2026_1335_1403,0.173144713
2026_1341_1403,0.081600122
2026_1345_1403,0.470766336
2026_1365_1403,0.295119643
2026_1373_1403,0.100080296
2026_1374_1403,0.280935049
2026_1378_1403,0.190184936
2026_1385_1403,0.598379254
2026_1387_1403,0.254692763
2026_1388_1403,0.397414356
2026_1395_1403,0.233747214
2026_1397_1403,0.492468745
2026_1398_1403,0.084668972
2026_1400_1403,0.26370874
2026_1401_1403,0.373841882
2026_1103_1407,0.587482095
2026_1104_1407,0.875134706
2026_1112_1407,0.887261748
2026_1116_1407,0.803788126
2026_1140_1407,0.756976962
2026_1155_1407,0.79099828
2026_1163_1407,0.819039404
2026_1181_1407,0.933935821
2026_1196_1407,0.935103655
2026_1202_1407,0.363168299
2026_1208_1407,0.708887458
2026_1211_1407,0.914304078
2026_1218_1407,0.313384414
2026_1219_1407,0.564002752
2026_1220_1407,0.351072103
2026_1222_1407,0.924642444
2026_1224_1407,0.229610234
2026_1225_1407,0.249106988
2026_1228_1407,0.814384401
2026_1234_1407,0.712562084
2026_1235_1407,0.856433451
2026_1242_1407,0.847705781
2026_1244_1407,0.441168815
2026_1246_1407,0.757309198
2026_1250_1407,0.27266562
2026_1254_1407,0.293743342
2026_1257_1407,0.790073574
2026_1270_1407,0.617909908
2026_1274_1407,0.519883811
2026_1275_1407,0.576412737
2026_1276_1407,0.843575716
2026_1277_1407,0.862775385
2026_1281_1407,0.640241027
2026_1295_1407,0.340324491
2026_1301_1407,0.510569632
2026_1304_1407,0.770315111
2026_1314_1407,0.746153057
2026_1320_1407,0.57459712
2026_1326_1407,0.714853644
2026_1335_1407,0.380861968
2026_1341_1407,0.222744465
2026_1345_1407,0.788107336
2026_1365_1407,0.687351048
2026_1373_1407,0.296174645
2026_1374_1407,0.632517636
2026_1378_1407,0.467085809
2026_1385_1407,0.866696656
2026_1387_1407,0.663164616
2026_1388_1407,0.820181429
2026_1395_1407,0.642687321
2026_1397_1407,0.83163017
2026_1398_1407,0.254352599
2026_1400_1407,0.659395218
2026_1401_1407,0.689426303
2026_1403_1407,0.869248211
2026_1103_1416,0.414815098
2026_1104_1416,0.819384217
2026_1112_1416,0.779940367
2026_1116_1416,0.696496367
2026_1140_1416,0.704116106
2026_1155_1416,0.762951016
2026_1163_1416,0.718389988
2026_1181_1416,0.883346498
2026_1196_1416,0.902089238
2026_1202_1416,0.294587851
2026_1208_1416,0.683241129
2026_1211_1416,0.861889303
2026_1218_1416,0.242965683
2026_1219_1416,0.475391269
2026_1220_1416,0.259401828
2026_1222_1416,0.886964083
2026_1224_1416,0.20174025
2026_1225_1416,0.221962839
2026_1228_1416,0.764706075
2026_1234_1416,0.553196251
2026_1235_1416,0.710347235
2026_1242_1416,0.693570495
2026_1244_1416,0.345480293
2026_1246_1416,0.704290211
2026_1250_1416,0.221733794
2026_1254_1416,0.257403672
2026_1257_1416,0.762550592
2026_1270_1416,0.497141868
2026_1274_1416,0.477069139
2026_1275_1416,0.41635859
2026_1276_1416,0.784012973
2026_1277_1416,0.792178512
2026_1281_1416,0.613259077
2026_1295_1416,0.28108409
2026_1301_1416,0.443467498
2026_1304_1416,0.602995872
2026_1314_1416,0.674312174
2026_1320_1416,0.44468081
2026_1326_1416,0.660246134
2026_1335_1416,0.309123725
2026_1341_1416,0.159055337
2026_1345_1416,0.738894641
2026_1365_1416,0.540231943
2026_1373_1416,0.249686748
2026_1374_1416,0.521002471
2026_1378_1416,0.378466964
2026_1385_1416,0.760929942
2026_1387_1416,0.590218067
2026_1388_1416,0.795922577
2026_1395_1416,0.615562975
2026_1397_1416,0.823104739
2026_1398_1416,0.267077476
2026_1400_1416,0.586644769
2026_1401_1416,0.654454112
2026_1403_1416,0.811167598
2026_1407_1416,0.378782183
2026_1103_1417,0.296068817
2026_1104_1417,0.704502106
2026_1112_1417,0.582983017
2026_1116_1417,0.545210481
2026_1140_1417,0.569345355
2026_1155_1417,0.450835317
2026_1163_1417,0.628322482
2026_1181_1417,0.864958704
2026_1196_1417,0.870710254
2026_1202_1417,0.221613243
2026_1208_1417,0.45677653
2026_1211_1417,0.776554346
2026_1218_1417,0.232117489
2026_1219_1417,0.297019958
2026_1220_1417,0.246639967
2026_1222_1417,0.84870559
2026_1224_1417,0.128979236
2026_1225_1417,0.179848358
2026_1228_1417,0.592415154
2026_1234_1417,0.369808912
2026_1235_1417,0.576636016
2026_1242_1417,0.583236814
2026_1244_1417,0.262576967
2026_1246_1417,0.47721678
2026_1250_1417,0.172107577
2026_1254_1417,0.186258957
2026_1257_1417,0.545378983
2026_1270_1417,0.358742714
2026_1274_1417,0.383941263
2026_1275_1417,0.289079487
2026_1276_1417,0.616273165
2026_1277_1417,0.71895504
2026_1281_1417,0.388184458
2026_1295_1417,0.204630658
2026_1301_1417,0.316191941
2026_1304_1417,0.519814551
2026_1314_1417,0.44314447
2026_1320_1417,0.342963129
2026_1326_1417,0.412986577
2026_1335_1417,0.272481978
2026_1341_1417,0.134422228
2026_1345_1417,0.576268494
2026_1365_1417,0.3532556
2026_1373_1417,0.200947583
2026_1374_1417,0.334265351
2026_1378_1417,0.28046453
2026_1385_1417,0.712120593
2026_1387_1417,0.442040354
2026_1388_1417,0.538704813
2026_1395_1417,0.374780357
2026_1397_1417,0.687166035
2026_1398_1417,0.164609581
2026_1400_1417,0.419130176
2026_1401_1417,0.433569998
2026_1403_1417,0.622231781
2026_1407_1417,0.267465651
2026_1416_1417,0.301471025
2026_1103_1420,0.689600527
2026_1104_1420,0.915348291
2026_1112_1420,0.912622929
2026_1116_1420,0.871311486
2026_1140_1420,0.827263832
2026_1155_1420,0.835733414
2026_1163_1420,0.854333282
2026_1181_1420,0.937051415
2026_1196_1420,0.936916709
2026_1202_1420,0.601025224
2026_1208_1420,0.806753755
2026_1211_1420,0.924240053
2026_1218_1420,0.562062562
2026_1219_1420,0.727514505
2026_1220_1420,0.56209749
2026_1222_1420,0.930467904
2026_1224_1420,0.444751561
2026_1225_1420,0.552954912
2026_1228_1420,0.868786216
2026_1234_1420,0.769025743
2026_1235_1420,0.890103519
2026_1242_1420,0.88781774
2026_1244_1420,0.663114488
2026_1246_1420,0.850181043
2026_1250_1420,0.517337203
2026_1254_1420,0.524729908
2026_1257_1420,0.875127494
2026_1270_1420,0.760212719
2026_1274_1420,0.742337346
2026_1275_1420,0.656386137
2026_1276_1420,0.895559072
2026_1277_1420,0.921530545
2026_1281_1420,0.753618479
2026_1295_1420,0.620634258
2026_1301_1420,0.684122741
2026_1304_1420,0.820938647
2026_1314_1420,0.829954207
2026_1320_1420,0.694180608
2026_1326_1420,0.817069411
2026_1335_1420,0.637546241
2026_1341_1420,0.364263684
2026_1345_1420,0.860768378
2026_1365_1420,0.74748677
2026_1373_1420,0.588162184
2026_1374_1420,0.705845952
2026_1378_1420,0.613237798
2026_1385_1420,0.920457304
2026_1387_1420,0.696197331
2026_1388_1420,0.886524141
2026_1395_1420,0.750925422
2026_1397_1420,0.894771755
2026_1398_1420,0.599284589
2026_1400_1420,0.738530576
2026_1401_1420,0.760795593
2026_1403_1420,0.90736407
2026_1407_1420,0.703993976
2026_1416_1420,0.752555847
2026_1417_1420,0.812309027
2026_1103_1429,0.338389486
2026_1104_1429,0.725973666
2026_1235_1398,1
2026_1116_1429,0.596016824
2026_1140_1429,0.622192502
2026_1155_1429,0.557495296
2026_1163_1429,0.677480042
2026_1181_1429,0.8616153
2026_1196_1429,0.867909193
2026_1202_1429,0.301448703
2026_1208_1429,0.544922113
2026_1211_1429,0.719772935
2026_1218_1429,0.263539672
2026_1219_1429,0.336536527
2026_1220_1429,0.282011688
2026_1222_1429,0.839396596
2026_1224_1429,0.202618718
2026_1225_1429,0.232229084
2026_1228_1429,0.636959255
2026_1234_1429,0.476448298
2026_1235_1429,0.642860591
2026_1242_1429,0.620042503
2026_1244_1429,0.308547169
2026_1246_1429,0.628885567
2026_1250_1429,0.250080854
2026_1254_1429,0.274174005
2026_1257_1429,0.615449071
2026_1270_1429,0.407091528
2026_1274_1429,0.495359033
2026_1275_1429,0.325350821
2026_1276_1429,0.680418789
2026_1277_1429,0.740006149
2026_1281_1429,0.463238388
2026_1295_1429,0.244105771
2026_1301_1429,0.373180628
2026_1304_1429,0.561529517
2026_1314_1429,0.585050941
2026_1320_1429,0.372709543
2026_1326_1429,0.512980223
2026_1335_1429,0.341329455
2026_1341_1429,0.201078594
2026_1345_1429,0.634444177
2026_1365_1429,0.451715648
2026_1373_1429,0.287272334
2026_1374_1429,0.403629929
2026_1378_1429,0.327166885
2026_1385_1429,0.738282025
2026_1387_1429,0.482393116
2026_1388_1429,0.653897524
2026_1395_1429,0.464476854
2026_1397_1429,0.732675731
2026_1398_1429,0.22718288
2026_1400_1429,0.463419825
2026_1401_1429,0.495890528
2026_1403_1429,0.657743812
2026_1407_1429,0.327305198
2026_1416_1429,0.385085821
2026_1417_1429,0.626855671
2026_1420_1429,0.23695524
2026_1103_1433,0.384340793
2026_1104_1433,0.704068363
2026_1112_1433,0.734239221
2026_1116_1433,0.535978615
2026_1140_1433,0.613268137
2026_1155_1433,0.589463353
2026_1163_1433,0.655306339
2026_1181_1433,0.822840929
2026_1196_1433,0.837098777
2026_1202_1433,0.174579754
2026_1208_1433,0.482514113
2026_1211_1433,0.740782201
2026_1218_1433,0.174495399
2026_1219_1433,0.371920109
2026_1220_1433,0.177852109
2026_1222_1433,0.828753889
2026_1224_1433,0.143648148
2026_1225_1433,0.161785334
2026_1228_1433,0.665395617
2026_1234_1433,0.453706026
2026_1235_1433,0.667357922
2026_1242_1433,0.561607122
2026_1244_1433,0.192763552
2026_1246_1433,0.592867255
2026_1250_1433,0.17380552
2026_1254_1433,0.183692381
2026_1257_1433,0.592180789
2026_1270_1433,0.441480875
2026_1274_1433,0.419029862
2026_1275_1433,0.284775257
2026_1276_1433,0.68945241
2026_1277_1433,0.675662994
2026_1281_1433,0.384846538
2026_1295_1433,0.188240632
2026_1301_1433,0.273776382
2026_1304_1433,0.495721072
2026_1314_1433,0.558563948
2026_1320_1433,0.305228055
2026_1326_1433,0.447352439
2026_1335_1433,0.232565686
2026_1341_1433,0.14820081
2026_1345_1433,0.600491524
2026_1365_1433,0.410728067
2026_1373_1433,0.200765893
2026_1374_1433,0.37264061
2026_1378_1433,0.255028278
2026_1385_1433,0.665932417
2026_1387_1433,0.424555242
2026_1388_1433,0.648251534
2026_1395_1433,0.423962831
2026_1397_1433,0.666669607
2026_1398_1433,0.152237475
2026_1400_1433,0.318400681
2026_1401_1433,0.434831977
2026_1403_1433,0.6476354
2026_1407_1433,0.195101008
2026_1416_1433,0.319403917
2026_1417_1433,0.561840296
2026_1420_1433,0.166598991
2026_1429_1433,0.531180143
2026_1103_1435,0.358450979
2026_1104_1435,0.676895738
2026_1112_1435,0.624391615
2026_1116_1435,0.570008457
2026_1140_1435,0.585341632
2026_1155_1435,0.514946043
2026_1163_1435,0.672303438
2026_1181_1435,0.892719746
2026_1196_1435,0.905272603
2026_1202_1435,0.193196923
2026_1208_1435,0.4820804
2026_1211_1435,0.879727662
2026_1218_1435,0.194460869
2026_1219_1435,0.355887473
2026_1220_1435,0.183815792
2026_1222_1435,0.889529765
2026_1224_1435,0.106219806
2026_1225_1435,0.128642246
2026_1228_1435,0.629692435
2026_1234_1435,0.421225071
2026_1235_1435,0.600556493
2026_1242_1435,0.570778608
2026_1244_1435,0.27889812
2026_1246_1435,0.477418393
2026_1250_1435,0.13230215
2026_1254_1435,0.154547483
2026_1257_1435,0.559609413
2026_1270_1435,0.426589936
2026_1274_1435,0.311035186
2026_1275_1435,0.294705153
2026_1276_1435,0.68735522
2026_1277_1435,0.758889556
2026_1281_1435,0.502379298
2026_1295_1435,0.15423508
2026_1301_1435,0.294144571
2026_1304_1435,0.540948272
2026_1314_1435,0.490090013
2026_1320_1435,0.35368222
2026_1326_1435,0.441760153
2026_1335_1435,0.221924141
2026_1341_1435,0.115074232
2026_1345_1435,0.605163217
2026_1365_1435,0.427791774
2026_1373_1435,0.16256848
2026_1374_1435,0.37722373
2026_1378_1435,0.2431283
2026_1385_1435,0.732536674
2026_1387_1435,0.469100535
2026_1388_1435,0.559094906
2026_1395_1435,0.411210358
2026_1397_1435,0.716332257
2026_1398_1435,0.142665237
2026_1400_1435,0.474022627
2026_1401_1435,0.503395855
2026_1403_1435,0.763642728
2026_1407_1435,0.23281382
2026_1416_1435,0.38964808
2026_1417_1435,0.499522775
2026_1420_1435,0.132906482
2026_1429_1435,0.423836678
2026_1433_1435,0.543786764
2026_1103_1437,0.344317883
2026_1104_1437,0.664244354
2026_1276_1387,1
2026_1116_1437,0.520579278
2026_1140_1437,0.575200737
2026_1155_1437,0.551500499
2026_1163_1437,0.609925687
2026_1181_1437,0.841126621
2026_1196_1437,0.84392935
2026_1202_1437,0.232925847
2026_1208_1437,0.429247111
2026_1211_1437,0.791378796
2026_1218_1437,0.253876597
2026_1219_1437,0.345104218
2026_1220_1437,0.259636164
2026_1222_1437,0.818190932
2026_1224_1437,0.192703947
2026_1225_1437,0.224750027
2026_1228_1437,0.599039495
2026_1234_1437,0.383567244
2026_1235_1437,0.57790333
2026_1242_1437,0.527811408
2026_1244_1437,0.310569853
2026_1246_1437,0.526563406
2026_1250_1437,0.238075525
2026_1254_1437,0.260671586
2026_1257_1437,0.587080598
2026_1270_1437,0.375383675
2026_1274_1437,0.413633466
2026_1275_1437,0.284757972
2026_1276_1437,0.641991556
2026_1277_1437,0.676769078
2026_1281_1437,0.417050332
2026_1295_1437,0.240320474
2026_1301_1437,0.320348203
2026_1304_1437,0.494927764
2026_1314_1437,0.532757938
2026_1320_1437,0.302014828
2026_1326_1437,0.428337246
2026_1335_1437,0.316574574
2026_1341_1437,0.190253705
2026_1345_1437,0.542743325
2026_1365_1437,0.328014433
2026_1373_1437,0.251042992
2026_1374_1437,0.323098004
2026_1378_1437,0.317257136
2026_1385_1437,0.680667579
2026_1387_1437,0.417977273
2026_1388_1437,0.635045409
2026_1395_1437,0.437555879
2026_1397_1437,0.69119674
2026_1398_1437,0.216207162
2026_1400_1437,0.397195786
2026_1401_1437,0.430440158
2026_1403_1437,0.712456346
2026_1407_1437,0.263336986
2026_1416_1437,0.379019469
2026_1417_1437,0.489195794
2026_1420_1437,0.239475921
2026_1429_1437,0.373161197
2026_1433_1437,0.484456599
2026_1435_1437,0.502975941
2026_1103_1438,0.417455405
2026_1104_1438,0.692042887
2026_1112_1438,0.714349031
2026_1116_1438,0.599364817
2026_1140_1438,0.588337183
2026_1155_1438,0.588146091
2026_1163_1438,0.694127202
2026_1181_1438,0.876961648
2026_1196_1438,0.884865701
2026_1202_1438,0.274661452
2026_1208_1438,0.577030718
2026_1211_1438,0.774628878
2026_1218_1438,0.264788866
2026_1219_1438,0.40107432
2026_1220_1438,0.279328614
2026_1222_1438,0.840828955
2026_1224_1438,0.211706251
2026_1225_1438,0.234618023
2026_1228_1438,0.619613886
2026_1234_1438,0.471538842
2026_1235_1438,0.655189574
2026_1242_1438,0.627195418
2026_1244_1438,0.330472767
2026_1246_1438,0.541420758
2026_1250_1438,0.219392926
2026_1254_1438,0.307413667
2026_1257_1438,0.573450625
2026_1270_1438,0.450558752
2026_1274_1438,0.365359455
2026_1275_1438,0.377802491
2026_1276_1438,0.759111226
2026_1277_1438,0.745105445
2026_1281_1438,0.546151102
2026_1295_1438,0.226506248
2026_1301_1438,0.434725523
2026_1304_1438,0.523576438
2026_1314_1438,0.50276798
2026_1320_1438,0.348895282
2026_1326_1438,0.516759574
2026_1335_1438,0.269401908
2026_1341_1438,0.243071914
2026_1345_1438,0.685210109
2026_1365_1438,0.450528592
2026_1373_1438,0.26827696
2026_1374_1438,0.427779496
2026_1378_1438,0.372548908
2026_1385_1438,0.625578284
2026_1387_1438,0.511954188
2026_1388_1438,0.579910219
2026_1395_1438,0.493687302
2026_1397_1438,0.663378358
2026_1398_1438,0.296099961
2026_1400_1438,0.514831662
2026_1401_1438,0.560352206
2026_1403_1438,0.65476644
2026_1407_1438,0.368611813
2026_1416_1438,0.432469487
2026_1417_1438,0.552449942
2026_1420_1438,0.260012925
2026_1429_1438,0.465167493
2026_1433_1438,0.551970661
2026_1435_1438,0.547571719
2026_1437_1438,0.539236486
2026_1103_1458,0.27590853
2026_1104_1458,0.538533449
2026_1112_1458,0.566396892
2026_1116_1458,0.455209404
2026_1140_1458,0.466189265
2026_1155_1458,0.367512316
2026_1163_1458,0.617014468
2026_1181_1458,0.868916333
2026_1196_1458,0.86956346
2026_1202_1458,0.168805674
2026_1208_1458,0.417209953
2026_1211_1458,0.678352177
2026_1218_1458,0.181077838
2026_1219_1458,0.260475934
2026_1220_1458,0.153886914
2026_1222_1458,0.847457767
2026_1224_1458,0.087006353
2026_1225_1458,0.11862205
2026_1228_1458,0.564979613
2026_1234_1458,0.318588316
2026_1235_1458,0.556724131
2026_1242_1458,0.520373881
2026_1244_1458,0.195174977
2026_1246_1458,0.40375486
2026_1250_1458,0.106860824
2026_1254_1458,0.127717048
2026_1257_1458,0.428098798
2026_1270_1458,0.317079902
2026_1274_1458,0.270994306
2026_1275_1458,0.251655459
2026_1276_1458,0.551515102
2026_1277_1458,0.611754477
2026_1281_1458,0.365107805
2026_1295_1458,0.140284315
2026_1301_1458,0.250514597
2026_1304_1458,0.400357515
2026_1314_1458,0.388379455
2026_1320_1458,0.316569149
2026_1326_1458,0.356723279
2026_1335_1458,0.22822836
2026_1341_1458,0.101564638
2026_1345_1458,0.557303667
2026_1365_1458,0.336663842
2026_1373_1458,0.129364565
2026_1374_1458,0.305495799
2026_1378_1458,0.229573488
2026_1385_1458,0.630103171
2026_1387_1458,0.30901444
2026_1388_1458,0.371138513
2026_1395_1458,0.293203413
2026_1397_1458,0.503978908
2026_1398_1458,0.107260756
2026_1400_1458,0.371482015
2026_1401_1458,0.42256555
2026_1403_1458,0.544054747
2026_1407_1458,0.192521408
2026_1416_1458,0.251129776
2026_1417_1458,0.399296254
2026_1420_1458,0.10633903
2026_1429_1458,0.33965987
2026_1433_1458,0.379321843
2026_1435_1458,0.384160548
2026_1437_1458,0.442565322
2026_1438_1458,0.422836214
2026_1103_1460,0.690779209
2026_1104_1460,0.892506897
2026_1112_1460,0.904990435
2026_1116_1460,0.833651781
2026_1140_1460,0.797648907
2026_1155_1460,0.830095708
2026_1163_1460,0.853858471
2026_1181_1460,0.931598961
2026_1196_1460,0.931064188
2026_1202_1460,0.542210698
2026_1208_1460,0.776144743
2026_1211_1460,0.922002971
2026_1218_1460,0.514157772
2026_1219_1460,0.751486659
2026_1220_1460,0.565758169
2026_1222_1460,0.929668605
2026_1224_1460,0.291118056
2026_1225_1460,0.429444611
2026_1228_1460,0.864523947
2026_1234_1460,0.765286446
2026_1235_1460,0.889164925
2026_1242_1460,0.864277124
2026_1244_1460,0.62233454
2026_1246_1460,0.802448332
2026_1250_1460,0.376661509
2026_1254_1460,0.363400608
2026_1257_1460,0.849969566
2026_1270_1460,0.765345395
2026_1274_1460,0.708829224
2026_1275_1460,0.67612046
2026_1276_1460,0.88705337
2026_1277_1460,0.909620821
2026_1281_1460,0.775028348
2026_1295_1460,0.558081806
2026_1301_1460,0.658901513
2026_1304_1460,0.812177181
2026_1314_1460,0.800330997
2026_1320_1460,0.700446069
2026_1326_1460,0.76914078
2026_1335_1460,0.595445335
2026_1341_1460,0.256764263
2026_1345_1460,0.861105561
2026_1365_1460,0.749179244
2026_1373_1460,0.407037586
2026_1374_1460,0.695811987
2026_1378_1460,0.615791202
2026_1385_1460,0.88251853
2026_1387_1460,0.733800471
2026_1388_1460,0.85323298
2026_1395_1460,0.757559538
2026_1397_1460,0.870015442
2026_1398_1460,0.457882762
2026_1400_1460,0.751302421
2026_1401_1460,0.757944405
2026_1403_1460,0.899293959
2026_1407_1460,0.635047317
2026_1416_1460,0.760216892
2026_1417_1460,0.771035552
2026_1420_1460,0.349428475
2026_1429_1460,0.708500385
2026_1433_1460,0.83391726
2026_1435_1460,0.819107354
2026_1437_1460,0.740112007
2026_1438_1460,0.760841787
2026_1458_1460,0.859576702
2026_1103_1465,0.655647278
2026_1104_1465,0.89599669
2026_1112_1465,0.908743739
2026_1116_1465,0.818349302
2026_1140_1465,0.796101093
2026_1155_1465,0.842380166
2026_1163_1465,0.863632023
2026_1181_1465,0.935506284
2026_1196_1465,0.937178433
2026_1202_1465,0.393838525
2026_1208_1465,0.743407011
2026_1211_1465,0.924100399
2026_1218_1465,0.424825221
2026_1219_1465,0.700639129
2026_1220_1465,0.426400423
2026_1222_1465,0.934843183
2026_1224_1465,0.21370627
2026_1225_1465,0.302255809
2026_1228_1465,0.839516103
2026_1234_1465,0.669914961
2026_1235_1465,0.892856181
2026_1242_1465,0.859213769
2026_1244_1465,0.475111783
2026_1246_1465,0.763114929
2026_1250_1465,0.26237613
2026_1254_1465,0.349103302
2026_1257_1465,0.850984156
2026_1270_1465,0.731543183
2026_1274_1465,0.562995255
2026_1275_1465,0.619101107
2026_1276_1465,0.863238454
2026_1277_1465,0.895370483
2026_1281_1465,0.767243087
2026_1295_1465,0.409137875
2026_1301_1465,0.621705532
2026_1304_1465,0.762121975
2026_1314_1465,0.75846535
2026_1320_1465,0.607600868
2026_1326_1465,0.718101978
2026_1335_1465,0.434703529
2026_1341_1465,0.206985414
2026_1345_1465,0.830506086
2026_1365_1465,0.712981582
2026_1373_1465,0.329000324
2026_1374_1465,0.712868869
2026_1378_1465,0.533367336
2026_1385_1465,0.878452182
2026_1387_1465,0.655920327
2026_1388_1465,0.866204023
2026_1395_1465,0.678565681
2026_1397_1465,0.881132424
2026_1398_1465,0.340238243
2026_1400_1465,0.723800182
2026_1401_1465,0.743599236
2026_1403_1465,0.891581416
2026_1407_1465,0.638759613
2026_1416_1465,0.638709366
2026_1417_1465,0.77501744
2026_1420_1465,0.273166835
2026_1429_1465,0.722982585
2026_1433_1465,0.865805089
2026_1435_1465,0.790232003
2026_1437_1465,0.726103902
2026_1438_1465,0.677836239
2026_1458_1465,0.845814407
2026_1460_1465,0.401829302
2026_1103_1474,0.661755741
2026_1104_1474,0.905527771
2026_1112_1474,0.909408927
2026_1116_1474,0.860497832
2026_1140_1474,0.805749357
2026_1155_1474,0.801421106
2026_1163_1474,0.852093637
2026_1181_1474,0.929276824
2026_1196_1474,0.930135846
2026_1202_1474,0.550985217
2026_1208_1474,0.801460266
2026_1211_1474,0.916198075
2026_1218_1474,0.519692481
2026_1219_1474,0.730427325
2026_1220_1474,0.558804274
2026_1222_1474,0.925139785
2026_1224_1474,0.325384915
2026_1225_1474,0.445148587
2026_1228_1474,0.864054739
2026_1234_1474,0.750329256
2026_1235_1474,0.878940225
2026_1242_1474,0.897221744
2026_1244_1474,0.59512049
2026_1246_1474,0.826981843
2026_1250_1474,0.351422369
2026_1254_1474,0.416066915
2026_1257_1474,0.858715534
2026_1270_1474,0.733003497
2026_1274_1474,0.712400556
2026_1275_1474,0.681154668
2026_1276_1474,0.898639441
2026_1277_1474,0.91384232
2026_1281_1474,0.760812938
2026_1295_1474,0.525981069
2026_1301_1474,0.662038207
2026_1304_1474,0.828503907
2026_1314_1474,0.820243239
2026_1320_1474,0.705283761
2026_1326_1474,0.790969372
2026_1335_1474,0.615812361
2026_1341_1474,0.343901336
2026_1345_1474,1
2026_1365_1474,0.72868818
2026_1373_1474,0.447873801
2026_1374_1474,0.671117604
2026_1378_1474,0.601590693
2026_1385_1474,0.871099234
2026_1387_1474,0.693210065
2026_1388_1474,0.8477422
2026_1395_1474,0.7164976
2026_1397_1474,0.890690982
2026_1398_1474,0.471687317
2026_1400_1474,0.740844011
2026_1401_1474,0.75591588
2026_1403_1474,0.883622289
2026_1407_1474,0.688046515
2026_1416_1474,0.720577002
2026_1417_1474,0.785642982
2026_1420_1474,0.333901167
2026_1429_1474,0.669970632
2026_1433_1474,0.815746129
2026_1435_1474,0.813758135
2026_1437_1474,0.740297973
2026_1438_1474,0.718557656
2026_1458_1474,0.861453116
2026_1460_1474,0.537607491
2026_1465_1474,0.572945356
2026_3104_3113,0.825772405
2026_3104_3124,0.408774793
2026_3113_3124,0.116823032
2026_3104_3155,0.774140894
2026_3113_3155,0.338437289
2026_3124_3155,0.851758301
2026_3104_3158,0.885000825
2026_3113_3158,0.649798512
2026_3124_3158,0.905439556
2026_3155_3158,0.724377573
2026_3104_3160,0.687299371
2026_3113_3160,0.376224697
2026_3124_3160,0.845140874
2026_3155_3160,0.583564043
2026_3158_3160,0.264592767
2026_3104_3161,0.804431975
2026_3113_3161,0.542719126
2026_3124_3161,0.878461957
2026_3155_3161,0.635985374
2026_3158_3161,0.316127002
2026_3160_3161,0.622390211
2026_3104_3163,0.086810946
2026_3113_3163,0.071750492
2026_3124_3163,0.140100732
2026_3155_3163,0.099595927
2026_3158_3163,0.049353383
2026_3113_3234,0
2026_3161_3163,0.064039677
2026_3104_3181,0.164169401
2026_3113_3181,0.077173732
2026_3124_3181,0.25983566
2026_3155_3181,0.098654516
2026_3158_3181,0.048129268
2026_3160_3181,0.097762011
2026_3161_3181,0.072611287
2026_3163_3181,0.818447828
2026_3104_3192,0.913581729
2026_3113_3192,0.640715182
2026_3124_3192,0.929936945
2026_3155_3192,0.732616127
2026_3158_3192,0.593433857
2026_3160_3192,0.719395399
2026_3161_3192,0.648383021
2026_3163_3192,0.955463231
2026_3181_3192,0.954144359
2026_3104_3193,0.7386567
2026_3113_3193,0.384879827
2026_3124_3193,0.768073797
2026_3155_3193,0.523987293
2026_3158_3193,0.178322181
2026_3160_3193,0.417285025
2026_3161_3193,0.284595817
2026_3155_3376,0
2026_3181_3193,0.886499584
2026_3192_3193,0.155730307
2026_3104_3208,0.783349454
2026_3113_3208,0.399537593
2026_3124_3208,0.863622665
2026_3155_3208,0.564832628
2026_3158_3208,0.263170451
2026_3160_3208,0.508980334
2026_3161_3208,0.366309524
2026_3163_3208,0.924483418
2026_3181_3208,0.925240517
2026_3192_3208,0.238114774
2026_3193_3208,0.522932112
2026_3104_3211,0.715704024
2026_3113_3211,0.468386739
2026_3124_3211,0.856835127
2026_3155_3211,0.59705919
2026_3158_3211,0.301331162
2026_3160_3211,0.590027153
2026_3161_3211,0.446208626
2026_3163_3211,0.930019259
2026_3181_3211,0.923350513
2026_3192_3211,0.289847851
2026_3193_3211,0.713533044
2026_3208_3211,0.487189621
2026_3104_3219,0.936033189
2026_3113_3219,0.706021667
2026_3124_3219,0.951698244
2026_3155_3219,0.802200019
2026_3158_3219,0.662665009
2026_3160_3219,0.745690107
2026_3161_3219,0.687908411
2026_3160_3163,0
2026_3181_3219,0.966129541
2026_3192_3219,0.601701856
2026_3193_3219,0.86527276
2026_3208_3219,0.779743075
2026_3211_3219,0.754964352
2026_3104_3221,0.879627943
2026_3113_3221,0.652741492
2026_3124_3221,0.909639776
2026_3155_3221,0.742277622
2026_3158_3221,0.592270136
2026_3160_3221,0.689644754
2026_3161_3221,0.629506111
2026_3163_3221,0.939145803
2026_3181_3221,0.941220701
2026_3192_3221,0.486352831
2026_3193_3221,0.819595218
2026_3208_3221,0.725866318
2026_3211_3221,0.669183969
2026_3219_3221,0.381050408
2026_3104_3224,0.925939202
2026_3113_3224,0.65532434
2026_3124_3224,0.941469073
2026_3155_3224,0.775901198
2026_3158_3224,0.577057242
2026_3160_3224,0.759478092
2026_3161_3224,0.678757608
2026_3160_3435,0
2026_3181_3224,0.966105819
2026_3192_3224,0.496535629
2026_3193_3224,0.849039614
2026_3208_3224,0.764823556
2026_3211_3224,0.743622363
2026_3219_3224,0.417215765
2026_3221_3224,0.512686551
2026_3104_3225,0.908917844
2026_3113_3225,0.746433616
2026_3124_3225,0.930315971
2026_3155_3225,0.758854032
2026_3158_3225,0.599953353
2026_3160_3225,0.779070258
2026_3161_3225,0.70260936
2026_3163_3225,0.955785811
2026_3181_3225,0.950566947
2026_3192_3225,0.44397071
2026_3193_3225,0.847809196
2026_3208_3225,0.755200207
2026_3211_3225,0.706317961
2026_3219_3225,0.398324877
2026_3221_3225,0.456132323
2026_3224_3225,0.56310004
2026_3104_3228,0.554705977
2026_3113_3228,0.233926728
2026_3124_3228,0.776955664
2026_3155_3228,0.348648787
2026_3158_3228,0.171771258
2026_3160_3228,0.370294273
2026_3161_3228,0.303878665
2026_3161_3376,0
2026_3181_3228,0.851707041
2026_3192_3228,0.133818239
2026_3193_3228,0.33362031
2026_3208_3228,0.292639345
2026_3211_3228,0.302071333
2026_3219_3228,0.102924004
2026_3221_3228,0.189660311
2026_3224_3228,0.140752837
2026_3225_3228,0.144298807
2026_3104_3234,0.43343401
2026_3163_3193,1
2026_3124_3234,0.505973637
2026_3155_3234,0.276737303
2026_3158_3234,0.069476888
2026_3160_3234,0.314760894
2026_3161_3234,0.188628942
2026_3163_3234,0.868025303
2026_3181_3234,0.702910244
2026_3163_3219,1
2026_3193_3234,0.175093099
2026_3163_3224,1
2026_3211_3234,0.229938194
2026_3219_3234,0.058397692
2026_3221_3234,0.119551219
2026_3224_3234,0.060323879
2026_3225_3234,0.064365745
2026_3228_3234,0.385311872
2026_3104_3235,0.630598366
2026_3113_3235,0.249841258
2026_3124_3235,0.77795589
2026_3155_3235,0.422412038
2026_3158_3235,0.166633606
2026_3160_3235,0.386424035
2026_3161_3235,0.279931068
2026_3163_3228,1
2026_3181_3235,0.833687007
2026_3192_3235,0.148065656
2026_3193_3235,0.300198287
2026_3208_3235,0.338475227
2026_3211_3235,0.333866
2026_3219_3235,0.118716173
2026_3221_3235,0.228061572
2026_3224_3235,0.144294903
2026_3225_3235,0.141945451
2026_3228_3235,0.550486028
2026_3234_3235,0.624547601
2026_3104_3239,0.925878048
2026_3113_3239,0.706121981
2026_3124_3239,0.943789124
2026_3155_3239,0.802389026
2026_3158_3239,0.757963598
2026_3160_3239,0.785994112
2026_3161_3239,0.708090425
2026_3163_3239,0.956502497
2026_3181_3239,0.959922373
2026_3192_3239,0.63297379
2026_3193_3239,0.863640547
2026_3208_3239,0.790437102
2026_3211_3239,0.73987776
2026_3219_3239,0.583604813
2026_3221_3239,0.632843196
2026_3224_3239,0.658355534
2026_3225_3239,0.509771466
2026_3228_3239,0.877424955
2026_3234_3239,0.933687389
2026_3235_3239,0.840928495
2026_3104_3241,0.705319285
2026_3113_3241,0.437123954
2026_3124_3241,0.773069263
2026_3155_3241,0.529817462
2026_3158_3241,0.194166631
2026_3160_3241,0.510813057
2026_3161_3241,0.372399151
2026_3163_3241,0.94055903
2026_3181_3241,0.905191004
2026_3192_3241,0.176637068
2026_3193_3241,0.575465381
2026_3208_3241,0.423764139
2026_3211_3241,0.486404061
2026_3219_3241,0.128286198
2026_3221_3241,0.243461892
2026_3224_3241,0.145923525
2026_3225_3241,0.209838793
2026_3228_3241,0.668175638
2026_3234_3241,0.788350046
2026_3235_3241,0.646858752
2026_3239_3241,0.150633708
2026_3104_3246,0.469721943
2026_3113_3246,0.169573173
2026_3124_3246,0.564673424
2026_3155_3246,0.252646029
2026_3158_3246,0.081787944
2026_3160_3246,0.276061565
2026_3161_3246,0.190813124
2026_3163_3246,0.913385451
2026_3181_3246,0.814962685
2026_3192_3246,0.078443997
2026_3193_3246,0.263442665
2026_3208_3246,0.17209366
2026_3211_3246,0.283673286
2026_3219_3246,0.065208256
2026_3221_3246,0.127071202
2026_3224_3246,0.064550422
2026_3225_3246,0.090741336
2026_3228_3246,0.403914809
2026_3234_3246,0.576502144
2026_3235_3246,0.387042165
2026_3239_3246,0.068450391
2026_3241_3246,0.288045079
2026_3104_3257,0.464709163
2026_3113_3257,0.169821247
2026_3124_3257,0.541849256
2026_3155_3257,0.304845691
2026_3158_3257,0.081760287
2026_3160_3257,0.291950077
2026_3161_3257,0.149567857
2026_3163_3257,0.91149801
2026_3181_3257,0.83522439
2026_3192_3257,0.069103636
2026_3193_3257,0.226343602
2026_3208_3257,0.18665503
2026_3211_3257,0.204965472
2026_3219_3257,0.056234777
2026_3221_3257,0.096587166
2026_3224_3257,0.061068773
2026_3225_3257,0.080881059
2026_3228_3257,0.418454558
2026_3234_3257,0.564890921
2026_3235_3257,0.390042573
2026_3239_3257,0.071960762
2026_3241_3257,0.209392399
2026_3246_3257,0.482708573
2026_3104_3261,0.23195684
2026_3113_3261,0.082584269
2026_3124_3261,0.314221531
2026_3155_3261,0.119918965
2026_3158_3261,0.045182645
2026_3160_3261,0.11821758
2026_3161_3261,0.081643783
2026_3163_3261,0.853151143
2026_3181_3261,0.450607002
2026_3192_3261,0.041528851
2026_3193_3261,0.118219875
2026_3208_3261,0.08626385
2026_3211_3261,0.102135882
2026_3219_3261,0.033417698
2026_3221_3261,0.066137984
2026_3224_3261,0.031948984
2026_3225_3261,0.039248124
2026_3228_3261,0.14380224
2026_3234_3261,0.315046668
2026_3235_3261,0.208749607
2026_3163_3235,1
2026_3241_3261,0.115877993
2026_3246_3261,0.310164005
2026_3257_3261,0.259131461
2026_3104_3268,0.490096867
2026_3113_3268,0.153335869
2026_3124_3268,0.621626019
2026_3155_3268,0.230968148
2026_3158_3268,0.079314724
2026_3160_3268,0.257838815
2026_3161_3268,0.204340771
2026_3163_3268,1
2026_3181_3268,0.812124848
2026_3192_3268,0.073859289
2026_3193_3268,0.322163492
2026_3208_3268,0.155418918
2026_3211_3268,0.217643589
2026_3219_3268,0.065973513
2026_3221_3268,0.120467588
2026_3224_3268,0.068243921
2026_3225_3268,0.083328277
2026_3228_3268,0.412517607
2026_3234_3268,0.622832298
2026_3235_3268,0.392055362
2026_3239_3268,0.070269227
2026_3241_3268,0.282157034
2026_3246_3268,0.510386646
2026_3257_3268,0.596670628
2026_3261_3268,0.802746654
2026_3104_3275,0.910247207
2026_3113_3275,0.715894103
2026_3124_3275,0.933235049
2026_3155_3275,0.735224843
2026_3158_3275,0.553947806
2026_3160_3275,0.721670449
2026_3161_3275,0.612321615
2026_3163_3275,0.95650053
2026_3181_3275,0.952967525
2026_3192_3275,0.462901682
2026_3193_3275,0.856350124
2026_3208_3275,0.692061126
2026_3211_3275,0.697418094
2026_3219_3275,0.361105442
2026_3221_3275,0.400308698
2026_3224_3275,0.457576543
2026_3225_3275,0.446226299
2026_3228_3275,0.833648324
2026_3234_3275,0.927762032
2026_3235_3275,0.82288152
2026_3239_3275,0.356691718
2026_3241_3275,0.766230345
2026_3246_3275,0.916526198
2026_3257_3275,0.918951154
2026_3261_3275,0.961977243
2026_3268_3275,0.90624696
2026_3104_3276,0.398534328
2026_3113_3276,0.126095816
2026_3124_3276,0.454399049
2026_3155_3276,0.191646188
2026_3158_3276,0.059442099
2026_3160_3276,0.186381981
2026_3161_3276,0.124111019
2026_3163_3276,0.885363996
2026_3181_3276,0.619442821
2026_3192_3276,0.050247204
2026_3193_3276,0.160203978
2026_3208_3276,0.145839915
2026_3211_3276,0.139981955
2026_3219_3276,0.044848688
2026_3163_3293,1
2026_3224_3276,0.04510498
2026_3225_3276,0.051562656
2026_3228_3276,0.357181937
2026_3234_3276,0.469951719
2026_3235_3276,0.344160825
2026_3239_3276,0.051814087
2026_3241_3276,0.193913236
2026_3246_3276,0.382862449
2026_3257_3276,0.351149917
2026_3261_3276,0.663479805
2026_3268_3276,0.369778872
2026_3275_3276,0.051988438
2026_3104_3277,0.45592472
2026_3113_3277,0.185947433
2026_3124_3277,0.556069136
2026_3155_3277,0.250195891
2026_3158_3277,0.095877141
2026_3160_3277,0.323571861
2026_3161_3277,0.195508748
2026_3163_3277,0.91120255
2026_3181_3277,0.820372403
2026_3192_3277,0.092468984
2026_3193_3277,0.247632191
2026_3208_3277,0.185283035
2026_3211_3277,0.248717129
2026_3219_3277,0.073478423
2026_3221_3277,0.141061485
2026_3224_3277,0.070491724
2026_3225_3277,0.097607411
2026_3228_3277,0.340580225
2026_3234_3277,0.58409667
2026_3235_3277,0.335005909
2026_3239_3277,0.08004386
2026_3241_3277,0.259420395
2026_3246_3277,0.49924013
2026_3257_3277,0.567969322
2026_3261_3277,0.761855781
2026_3268_3277,0.473943681
2026_3275_3277,0.099492788
2026_3276_3277,0.605739057
2026_3104_3278,0.485720456
2026_3113_3278,0.280175149
2026_3124_3278,0.535712659
2026_3155_3278,0.427173525
2026_3158_3278,0.10863167
2026_3160_3278,0.415978789
2026_3161_3278,0.283156335
2026_3163_3278,0.909764647
2026_3181_3278,0.776749015
2026_3192_3278,0.082168013
2026_3193_3278,0.35949111
2026_3208_3278,0.407269388
2026_3211_3278,0.32982862
2026_3219_3278,0.076470293
2026_3221_3278,0.141230792
2026_3224_3278,0.105805278
2026_3225_3278,0.091527931
2026_3228_3278,0.419660091
2026_3234_3278,0.667204559
2026_3235_3278,0.421550214
2026_3239_3278,0.083330214
2026_3241_3278,0.34500441
2026_3246_3278,0.567434847
2026_3257_3278,0.658641577
2026_3261_3278,0.866923451
2026_3268_3278,0.561471999
2026_3275_3278,0.121625982
2026_3276_3278,0.735140562
2026_3277_3278,0.57118392
2026_3104_3279,0.418173671
2026_3113_3279,0.117893592
2026_3124_3279,0.429052502
2026_3155_3279,0.167220309
2026_3158_3279,0.071545064
2026_3160_3279,0.18977122
2026_3161_3279,0.127310112
2026_3163_3279,0.885788441
2026_3181_3279,0.755246937
2026_3192_3279,0.070135705
2026_3193_3279,0.219017938
2026_3208_3279,0.119691603
2026_3211_3279,0.185521916
2026_3219_3279,0.051362701
2026_3221_3279,0.095084868
2026_3224_3279,0.052648984
2026_3225_3279,0.074326292
2026_3228_3279,0.247225806
2026_3234_3279,0.451200813
2026_3235_3279,0.260658175
2026_3239_3279,0.056414738
2026_3241_3279,0.18748413
2026_3246_3279,0.414238244
2026_3257_3279,0.430274487
2026_3261_3279,0.658561826
2026_3268_3279,0.338747531
2026_3275_3279,0.07534235
2026_3276_3279,0.523563743
2026_3277_3279,0.458560854
2026_3278_3279,0.34859556
2026_3104_3283,0.902840793
2026_3113_3283,0.627021372
2026_3124_3283,0.929410458
2026_3155_3283,0.737099171
2026_3158_3283,0.659456909
2026_3160_3283,0.728149474
2026_3161_3283,0.645184815
2026_3163_3283,0.952728987
2026_3181_3283,0.953213513
2026_3192_3283,0.530177891
2026_3193_3283,0.807694793
2026_3208_3283,0.785327375
2026_3211_3283,0.686907053
2026_3219_3283,0.40635559
2026_3221_3283,0.521780431
2026_3224_3283,0.494641304
2026_3225_3283,0.433576882
2026_3228_3283,0.881274521
2026_3234_3283,0.914598703
2026_3235_3283,0.840888202
2026_3239_3283,0.341690332
2026_3241_3283,0.790851235
2026_3246_3283,0.930679321
2026_3257_3283,0.917791843
2026_3261_3283,0.954837918
2026_3268_3283,0.928380847
2026_3275_3283,0.416280478
2026_3276_3283,0.937096
2026_3277_3283,0.92429924
2026_3278_3283,0.899208486
2026_3279_3283,0.946738839
2026_3104_3293,0.75416255
2026_3113_3293,0.564165235
2026_3124_3293,0.829243243
2026_3155_3293,0.585855722
2026_3158_3293,0.227154061
2026_3160_3293,0.635296345
2026_3161_3293,0.409868002
2026_3163_3314,1
2026_3181_3293,0.917925596
2026_3192_3293,0.236284837
2026_3193_3293,0.614219129
2026_3208_3293,0.527872384
2026_3211_3293,0.562986434
2026_3219_3293,0.167735115
2026_3221_3293,0.291998595
2026_3224_3293,0.183506161
2026_3225_3293,0.259516656
2026_3228_3293,0.730348647
2026_3234_3293,0.855520189
2026_3235_3293,0.729494691
2026_3239_3293,0.199722081
2026_3241_3293,0.563689113
2026_3246_3293,0.781939089
2026_3257_3293,0.848709404
2026_3261_3293,0.90974474
2026_3268_3293,0.788938344
2026_3275_3293,0.265070349
2026_3276_3293,0.85324049
2026_3277_3293,0.795162737
2026_3278_3293,0.671614289
2026_3279_3293,0.804979146
2026_3283_3293,0.256324261
2026_3104_3301,0.433779925
2026_3113_3301,0.121685177
2026_3124_3301,0.566044867
2026_3155_3301,0.201528773
2026_3158_3301,0.104360156
2026_3160_3301,0.176772058
2026_3161_3301,0.167324647
2026_3163_3301,0.819957793
2026_3181_3301,0.69601661
2026_3192_3301,0.07530342
2026_3193_3301,0.215140522
2026_3208_3301,0.172423944
2026_3211_3301,0.16014716
2026_3219_3301,0.068514556
2026_3221_3301,0.112850942
2026_3224_3301,0.082065754
2026_3225_3301,0.084005743
2026_3228_3301,0.385260999
2026_3234_3301,0.587020636
2026_3235_3301,0.324506164
2026_3239_3301,0.073167309
2026_3241_3301,0.225032076
2026_3246_3301,0.523495793
2026_3257_3301,0.440034211
2026_3261_3301,0.732239664
2026_3268_3301,0.553483188
2026_3275_3301,0.09721487
2026_3163_3326,1
2026_3277_3301,0.536092937
2026_3278_3301,0.466452926
2026_3279_3301,0.630803525
2026_3283_3301,0.076512434
2026_3293_3301,0.17412813
2026_3104_3304,0.692404389
2026_3113_3304,0.347696215
2026_3124_3304,0.869530797
2026_3155_3304,0.562375903
2026_3158_3304,0.214986935
2026_3160_3304,0.526978195
2026_3161_3304,0.350979298
2026_3163_3304,0.918592095
2026_3181_3304,0.914890409
2026_3192_3304,0.202581257
2026_3193_3304,0.501586556
2026_3208_3304,0.424971133
2026_3211_3304,0.430539697
2026_3219_3304,0.136319265
2026_3221_3304,0.231146887
2026_3224_3304,0.155302495
2026_3225_3304,0.157160148
2026_3228_3304,0.659476638
2026_3234_3304,0.753376126
2026_3235_3304,0.611108422
2026_3239_3304,0.144168198
2026_3241_3304,0.438048869
2026_3246_3304,0.677596331
2026_3257_3304,0.738013208
2026_3261_3304,0.900312901
2026_3268_3304,0.660145044
2026_3275_3304,0.168977872
2026_3276_3304,0.782478809
2026_3277_3304,0.699816763
2026_3278_3304,0.631145537
2026_3279_3304,0.772319794
2026_3283_3304,0.210951284
2026_3293_3304,0.360356867
2026_3301_3304,0.79366523
2026_3104_3314,0.372948855
2026_3113_3314,0.119008183
2026_3124_3314,0.409793198
2026_3155_3314,0.161675274
2026_3158_3314,0.065023459
2026_3160_3314,0.17968756
2026_3161_3314,0.118703566
2026_3163_3332,1
2026_3181_3314,0.67455548
2026_3192_3314,0.044496097
2026_3193_3314,0.206183761
2026_3208_3314,0.114675775
2026_3211_3314,0.144266054
2026_3219_3314,0.039898418
2026_3221_3314,0.06735
2026_3224_3314,0.048335399
2026_3225_3314,0.054038726
2026_3228_3314,0.305877626
2026_3234_3314,0.543768227
2026_3235_3314,0.348453194
2026_3239_3314,0.04076549
2026_3241_3314,0.204728559
2026_3246_3314,0.41295144
2026_3257_3314,0.351677239
2026_3261_3314,0.705873668
2026_3268_3314,0.413326114
2026_3275_3314,0.051092029
2026_3276_3314,0.577305436
2026_3277_3314,0.408958286
2026_3278_3314,0.333932936
2026_3279_3314,0.502310932
2026_3283_3314,0.056491736
2026_3293_3314,0.19659172
2026_3301_3314,0.401603103
2026_3304_3314,0.263362437
2026_3104_3323,0.237448201
2026_3113_3323,0.096523777
2026_3124_3323,0.399629831
2026_3155_3323,0.12424048
2026_3158_3323,0.070164911
2026_3160_3323,0.119468123
2026_3161_3323,0.10470961
2026_3163_3323,0.776551664
2026_3181_3323,0.568581104
2026_3192_3323,0.054027736
2026_3193_3323,0.201400265
2026_3208_3323,0.134803191
2026_3211_3323,0.117865764
2026_3219_3323,0.046297416
2026_3221_3323,0.073222667
2026_3224_3323,0.053391665
2026_3225_3323,0.065137111
2026_3228_3323,0.177714765
2026_3234_3323,0.419098735
2026_3235_3323,0.148465678
2026_3239_3323,0.052901406
2026_3241_3323,0.159065783
2026_3246_3323,0.296257734
2026_3257_3323,0.380727857
2026_3261_3323,0.576933086
2026_3268_3323,0.305152088
2026_3275_3323,0.062849045
2026_3276_3323,0.416848898
2026_3277_3323,0.282027572
2026_3278_3323,0.354254216
2026_3279_3323,0.46259281
2026_3283_3323,0.058522288
2026_3293_3323,0.129094005
2026_3301_3323,0.301381767
2026_3304_3323,0.115794227
2026_3314_3323,0.477250338
2026_3104_3326,0.36404112
2026_3113_3326,0.127511308
2026_3124_3326,0.403271019
2026_3155_3326,0.186640978
2026_3158_3326,0.053384267
2026_3160_3326,0.183752343
2026_3161_3326,0.105944581
2026_3163_3393,1
2026_3181_3326,0.570462346
2026_3192_3326,0.045745101
2026_3193_3326,0.183583304
2026_3208_3326,0.139404416
2026_3211_3326,0.137658462
2026_3219_3326,0.040613845
2026_3221_3326,0.079901859
2026_3224_3326,0.04029125
2026_3225_3326,0.061867766
2026_3228_3326,0.282082409
2026_3234_3326,0.477338314
2026_3235_3326,0.347345203
2026_3239_3326,0.047356836
2026_3241_3326,0.177494496
2026_3246_3326,0.375371963
2026_3257_3326,0.375895858
2026_3261_3326,0.612784505
2026_3268_3326,0.351310223
2026_3275_3326,0.058687538
2026_3276_3326,0.523727655
2026_3277_3326,0.385907799
2026_3278_3326,0.307940185
2026_3279_3326,0.422827661
2026_3283_3326,0.059589211
2026_3293_3326,0.14218384
2026_3301_3326,0.385053873
2026_3304_3326,0.173906431
2026_3314_3326,0.472527027
2026_3323_3326,0.529212177
2026_3104_3328,0.275763303
2026_3113_3328,0.103387795
2026_3124_3328,0.332725614
2026_3155_3328,0.14426437
2026_3158_3328,0.06466081
2026_3160_3328,0.145113289
2026_3161_3328,0.111352608
2026_3163_3328,0.900481105
2026_3181_3328,0.598894596
2026_3192_3328,0.04463787
2026_3193_3328,0.183665246
2026_3208_3328,0.101994947
2026_3211_3328,0.12847966
2026_3219_3328,0.037724163
2026_3221_3328,0.070986889
2026_3224_3328,0.046713892
2026_3225_3328,0.057808973
2026_3228_3328,0.17519854
2026_3234_3328,0.489841878
2026_3235_3328,0.237519741
2026_3239_3328,0.045862444
2026_3241_3328,0.21404621
2026_3246_3328,0.408636421
2026_3257_3328,0.360271215
2026_3261_3328,0.655269086
2026_3268_3328,0.372763604
2026_3275_3328,0.05501787
2026_3276_3328,0.548289716
2026_3277_3328,0.384228885
2026_3278_3328,0.305680752
2026_3279_3328,0.457136273
2026_3283_3328,0.054926004
2026_3293_3328,0.15109995
2026_3301_3328,0.35305348
2026_3304_3328,0.146739066
2026_3314_3328,0.462536901
2026_3323_3328,0.467919856
2026_3326_3328,0.517616391
2026_3104_3329,0.639606297
2026_3113_3329,0.169116616
2026_3124_3329,0.664321899
2026_3155_3329,0.287616104
2026_3158_3329,0.137684017
2026_3160_3329,0.224092528
2026_3161_3329,0.182364032
2026_3163_3329,0.91760087
2026_3181_3329,0.830040932
2026_3192_3329,0.115202308
2026_3193_3329,0.293395102
2026_3208_3329,0.264975995
2026_3211_3329,0.234467939
2026_3219_3329,0.084708318
2026_3221_3329,0.152321517
2026_3224_3329,0.095778376
2026_3225_3329,0.101729318
2026_3228_3329,0.431774348
2026_3234_3329,0.537149429
2026_3235_3329,0.44710207
2026_3239_3329,0.10154631
2026_3241_3329,0.310160428
2026_3246_3329,0.591107845
2026_3257_3329,0.52454859
2026_3261_3329,0.725448072
2026_3268_3329,0.567134798
2026_3275_3329,0.10969162
2026_3276_3329,0.597700119
2026_3277_3329,0.648992538
2026_3278_3329,0.51952064
2026_3279_3329,0.679352999
2026_3283_3329,0.120598972
2026_3293_3329,0.298842132
2026_3301_3329,0.59994328
2026_3304_3329,0.318545252
2026_3314_3329,0.633919656
2026_3323_3329,0.773738027
2026_3326_3329,0.664604545
2026_3328_3329,0.703964591
2026_3104_3332,0.668072402
2026_3113_3332,0.217940986
2026_3124_3332,0.874968648
2026_3155_3332,0.414756209
2026_3158_3332,0.218644783
2026_3160_3332,0.372582942
2026_3161_3332,0.310037315
2026_3163_3427,1
2026_3181_3332,0.914684057
2026_3192_3332,0.184492543
2026_3193_3332,0.377311289
2026_3208_3332,0.379709244
2026_3211_3332,0.333518654
2026_3219_3332,0.151013792
2026_3221_3332,0.211972624
2026_3224_3332,0.218133107
2026_3225_3332,0.159737036
2026_3228_3332,0.543210328
2026_3234_3332,0.639198244
2026_3235_3332,0.479647547
2026_3239_3332,0.144712552
2026_3241_3332,0.353198647
2026_3246_3332,0.640873253
2026_3257_3332,0.653614759
2026_3261_3332,0.899162769
2026_3268_3332,0.676314831
2026_3275_3332,0.17627719
2026_3276_3332,0.809429824
2026_3277_3332,0.661670864
2026_3278_3332,0.575438261
2026_3279_3332,0.827273846
2026_3283_3332,0.182148591
2026_3293_3332,0.316317767
2026_3301_3332,0.698445082
2026_3304_3332,0.347229958
2026_3314_3332,0.8522259
2026_3323_3332,0.882331312
2026_3326_3332,0.848608017
2026_3328_3332,0.874937177
2026_3329_3332,0.705869913
2026_3104_3343,0.709918439
2026_3113_3343,0.331307411
2026_3124_3343,0.843734562
2026_3155_3343,0.525663793
2026_3158_3343,0.265638202
2026_3160_3343,0.504173398
2026_3161_3343,0.345910281
2026_3163_3343,0.91981554
2026_3181_3343,0.866661549
2026_3192_3343,0.256733775
2026_3193_3343,0.408648491
2026_3208_3343,0.477533847
2026_3211_3343,0.378862977
2026_3219_3343,0.174180582
2026_3221_3343,0.300531089
2026_3224_3343,0.209379315
2026_3225_3343,0.202294543
2026_3228_3343,0.674619198
2026_3234_3343,0.72474581
2026_3235_3343,0.612632453
2026_3239_3343,0.209558234
2026_3241_3343,0.376277328
2026_3246_3343,0.686920226
2026_3257_3343,0.689341247
2026_3261_3343,0.867152274
2026_3268_3343,0.685952187
2026_3275_3343,0.21063894
2026_3276_3343,0.740286946
2026_3277_3343,0.716778517
2026_3278_3343,0.601967156
2026_3279_3343,0.78572005
2026_3283_3343,0.276823223
2026_3293_3343,0.332491726
2026_3301_3343,0.805041552
2026_3304_3343,0.434747696
2026_3314_3343,0.733095646
2026_3323_3343,0.890341103
2026_3326_3343,0.774464369
2026_3328_3343,0.800590813
2026_3329_3343,0.594887137
2026_3332_3343,0.57750684
2026_3104_3348,0.800870597
2026_3113_3348,0.470017552
2026_3124_3348,0.861535549
2026_3155_3348,0.627725065
2026_3158_3348,0.314324886
2026_3160_3348,0.586397111
2026_3161_3348,0.430814058
2026_3163_3348,0.905826688
2026_3181_3348,0.905505776
2026_3192_3348,0.321524918
2026_3193_3348,0.683649302
2026_3208_3348,0.558572173
2026_3211_3348,0.457361341
2026_3219_3348,0.238089144
2026_3221_3348,0.278405547
2026_3224_3348,0.268073082
2026_3225_3348,0.2382081
2026_3228_3348,0.703713119
2026_3234_3348,0.773169398
2026_3235_3348,0.652688086
2026_3239_3348,0.229106873
2026_3241_3348,0.499483347
2026_3246_3348,0.783789754
2026_3257_3348,0.791630387
2026_3261_3348,0.903101861
2026_3268_3348,0.746418953
2026_3275_3348,0.287136257
2026_3276_3348,0.868677199
2026_3277_3348,0.772406578
2026_3278_3348,0.642084181
2026_3279_3348,0.858875692
2026_3283_3348,0.352339864
2026_3293_3348,0.489515752
2026_3301_3348,0.811583817
2026_3304_3348,0.555440784
2026_3314_3348,0.861769676
2026_3323_3348,0.877618015
2026_3326_3348,0.86025691
2026_3328_3348,0.867400885
2026_3329_3348,0.807742
2026_3332_3348,0.673176348
2026_3343_3348,0.636382282
2026_3104_3350,0.671092987
2026_3113_3350,0.307650924
2026_3124_3350,0.683887959
2026_3155_3350,0.479176074
2026_3158_3350,0.165869817
2026_3160_3350,0.409631312
2026_3161_3350,0.277316839
2026_3163_3350,0.917830586
2026_3181_3350,0.861729622
2026_3192_3350,0.142236397
2026_3193_3350,0.422272474
2026_3208_3350,0.39136827
2026_3211_3350,0.331763864
2026_3219_3350,0.113210738
2026_3221_3350,0.209041849
2026_3224_3350,0.116060093
2026_3225_3350,0.134452924
2026_3228_3350,0.62330848
2026_3234_3350,0.745577991
2026_3235_3350,0.60573566
2026_3239_3350,0.123822339
2026_3241_3350,0.379770428
2026_3246_3350,0.645279825
2026_3257_3350,0.700386465
2026_3261_3350,0.833404362
2026_3268_3350,0.629957855
2026_3275_3350,0.139572263
2026_3276_3350,0.778386533
2026_3277_3350,0.6724087
2026_3278_3350,0.567568362
2026_3279_3350,0.702582896
2026_3283_3350,0.178791568
2026_3293_3350,0.351457566
2026_3301_3350,0.696743429
2026_3304_3350,0.417331845
2026_3314_3350,0.733217001
2026_3323_3350,0.787926376
2026_3326_3350,0.7587322
2026_3328_3350,0.764129817
2026_3329_3350,0.611529291
2026_3332_3350,0.504773855
2026_3343_3350,0.532595813
2026_3348_3350,0.32864812
2026_3104_3355,0.68673414
2026_3113_3355,0.388996989
2026_3124_3355,0.733759463
2026_3155_3355,0.527176619
2026_3158_3355,0.161656782
2026_3160_3355,0.459684908
2026_3161_3355,0.314227074
2026_3163_3355,0.91077435
2026_3181_3355,0.855154991
2026_3192_3355,0.15023154
2026_3193_3355,0.495782614
2026_3208_3355,0.447835147
2026_3211_3355,0.359026909
2026_3219_3355,0.128797024
2026_3221_3355,0.232570559
2026_3224_3355,0.14648892
2026_3225_3355,0.148338065
2026_3228_3355,0.651480079
2026_3234_3355,0.796045244
2026_3235_3355,0.668992698
2026_3239_3355,0.150620028
2026_3241_3355,0.446938336
2026_3246_3355,0.682765126
2026_3257_3355,0.735714138
2026_3261_3355,0.855604351
2026_3268_3355,0.698107779
2026_3275_3355,0.15191108
2026_3276_3355,0.802687168
2026_3277_3355,0.695627272
2026_3278_3355,0.588324666
2026_3279_3355,0.716714501
2026_3283_3355,0.177114785
2026_3293_3355,0.358830154
2026_3301_3355,0.771565616
2026_3304_3355,0.481853843
2026_3314_3355,0.785309911
2026_3323_3355,0.836004496
2026_3326_3355,0.792122781
2026_3328_3355,0.784167767
2026_3329_3355,0.622439086
2026_3332_3355,0.561897993
2026_3343_3355,0.520563126
2026_3348_3355,0.358477324
2026_3350_3355,0.562142253
2026_3104_3359,0.913509488
2026_3113_3359,0.670624733
2026_3124_3359,0.937601924
2026_3155_3359,0.835400045
2026_3158_3359,0.800640643
2026_3160_3359,0.777834415
2026_3161_3359,0.696404159
2026_3163_3359,0.947734773
2026_3181_3359,0.955452681
2026_3192_3359,0.678559959
2026_3193_3359,0.855563164
2026_3208_3359,0.839978158
2026_3211_3359,0.74464494
2026_3219_3359,0.627374291
2026_3221_3359,0.675925612
2026_3224_3359,0.708652973
2026_3225_3359,0.504735649
2026_3228_3359,0.886728883
2026_3234_3359,0.92284894
2026_3235_3359,0.833416402
2026_3239_3359,0.461997658
2026_3241_3359,0.833710372
2026_3246_3359,0.929740191
2026_3257_3359,0.939137399
2026_3261_3359,0.954021692
2026_3268_3359,0.938671291
2026_3275_3359,0.677653313
2026_3276_3359,0.948853493
2026_3277_3359,0.92270261
2026_3278_3359,0.905294061
2026_3279_3359,0.950501263
2026_3283_3359,0.65382129
2026_3293_3359,0.784913361
2026_3301_3359,0.928245842
2026_3304_3359,0.823641956
2026_3314_3359,0.954727888
2026_3323_3359,0.939404488
2026_3326_3359,0.944672942
2026_3328_3359,0.948888958
2026_3329_3359,0.895832896
2026_3332_3359,0.876301467
2026_3343_3359,0.792726636
2026_3348_3359,0.774198055
2026_3350_3359,0.874972463
2026_3355_3359,0.826450646
2026_3104_3372,0.919276536
2026_3113_3372,0.657992542
2026_3124_3372,0.937684178
2026_3155_3372,0.726157308
2026_3158_3372,0.654275358
2026_3160_3372,0.716833651
2026_3161_3372,0.628581107
2026_3163_3372,0.958261549
2026_3181_3372,0.958804548
2026_3192_3372,0.535998344
2026_3193_3372,0.772703409
2026_3208_3372,0.742586136
2026_3211_3372,0.686469555
2026_3219_3372,0.373667985
2026_3221_3372,0.54406774
2026_3224_3372,0.491043568
2026_3225_3372,0.478960812
2026_3228_3372,0.895099759
2026_3234_3372,0.931112468
2026_3235_3372,0.870703816
2026_3239_3372,0.414706141
2026_3241_3372,0.75723809
2026_3246_3372,0.932822704
2026_3257_3372,0.922416627
2026_3261_3372,0.952050149
2026_3268_3372,0.93803972
2026_3275_3372,0.459355056
2026_3276_3372,0.934501946
2026_3277_3372,0.934173882
2026_3278_3372,0.878941953
2026_3279_3372,0.939929545
2026_3283_3372,0.48115775
2026_3293_3372,0.724369884
2026_3301_3372,0.931595445
2026_3304_3372,0.808798194
2026_3314_3372,0.947177052
2026_3323_3372,0.951155424
2026_3326_3372,0.93882513
2026_3328_3372,0.946107686
2026_3329_3372,0.864465833
2026_3332_3372,0.839864969
2026_3343_3372,0.769121468
2026_3348_3372,0.613331139
2026_3350_3372,0.823672175
2026_3355_3372,0.794557869
2026_3359_3372,0.384040385
2026_3104_3376,0.086054876
2026_3113_3376,0.055547003
2026_3124_3376,0.16274716
2026_3163_3435,1
2026_3158_3376,0.040919345
2026_3160_3376,0.064882807
2026_3163_3442,1
2026_3163_3376,0.633323014
2026_3181_3376,0.19683665
2026_3192_3376,0.037236396
2026_3193_3376,0.086006954
2026_3208_3376,0.064245909
2026_3211_3376,0.055211116
2026_3219_3376,0.032385457
2026_3221_3376,0.050929673
2026_3224_3376,0.032069579
2026_3192_3234,0
2026_3228_3376,0.083143257
2026_3234_3376,0.112664334
2026_3235_3376,0.081847712
2026_3239_3376,0.036899187
2026_3241_3376,0.048509624
2026_3246_3376,0.094138272
2026_3257_3376,0.071754627
2026_3261_3376,0.240007728
2026_3268_3376,0.077442452
2026_3275_3376,0.033403579
2026_3276_3376,0.115650855
2026_3208_3234,0
2026_3278_3376,0.085628457
2026_3279_3376,0.175122991
2026_3283_3376,0.039359998
2026_3293_3376,0.05947911
2026_3301_3376,0.118529797
2026_3211_3417,0
2026_3314_3376,0.098403342
2026_3323_3376,0.204790562
2026_3326_3376,0.110150427
2026_3219_3435,0
2026_3329_3376,0.103040621
2026_3332_3376,0.067196988
2026_3343_3376,0.073289439
2026_3348_3376,0.072235107
2026_3221_3276,0
2026_3355_3376,0.077553585
2026_3225_3376,0
2026_3372_3376,0.034560002
2026_3104_3380,0.934664071
2026_3113_3380,0.678382397
2026_3124_3380,0.948713481
2026_3155_3380,0.771096528
2026_3158_3380,0.734931827
2026_3160_3380,0.724233806
2026_3161_3380,0.612737119
2026_3163_3380,0.958213925
2026_3181_3380,0.963477373
2026_3192_3380,0.605755448
2026_3193_3380,0.870390415
2026_3208_3380,0.802281559
2026_3211_3380,0.707220972
2026_3219_3380,0.509989858
2026_3221_3380,0.599582195
2026_3224_3380,0.61135602
2026_3225_3380,0.531577408
2026_3228_3380,0.906818807
2026_3234_3380,0.93981719
2026_3235_3380,0.871940196
2026_3239_3380,0.435205698
2026_3241_3380,0.852995455
2026_3246_3380,0.947331786
2026_3257_3380,0.935500324
2026_3261_3380,0.962963164
2026_3268_3380,0.954544306
2026_3275_3380,0.583106279
2026_3276_3380,0.957092226
2026_3277_3380,0.942920983
2026_3278_3380,0.892985284
2026_3279_3380,0.957204163
2026_3283_3380,0.599991798
2026_3293_3380,0.840939105
2026_3301_3380,0.942806661
2026_3304_3380,0.847800851
2026_3314_3380,0.962248921
2026_3323_3380,0.949769676
2026_3326_3380,0.957122684
2026_3328_3380,0.96017313
2026_3329_3380,0.918930948
2026_3332_3380,0.84852612
2026_3343_3380,0.818795145
2026_3348_3380,0.693698883
2026_3350_3380,0.896726012
2026_3355_3380,0.855662525
2026_3359_3380,0.368724257
2026_3372_3380,0.644780159
2026_3228_3435,0
2026_3104_3393,0.83506608
2026_3113_3393,0.396061867
2026_3124_3393,0.889814019
2026_3155_3393,0.580358863
2026_3158_3393,0.260140777
2026_3160_3393,0.494980812
2026_3161_3393,0.3277421
2026_3234_3438,1
2026_3181_3393,0.925647676
2026_3192_3393,0.237602949
2026_3193_3393,0.47011447
2026_3208_3393,0.520055532
2026_3211_3393,0.411002517
2026_3219_3393,0.188284114
2026_3221_3393,0.239784151
2026_3224_3393,0.205924928
2026_3225_3393,0.186599776
2026_3228_3393,0.776309848
2026_3234_3393,0.828114986
2026_3235_3393,0.71150738
2026_3239_3393,0.18094556
2026_3241_3393,0.480497718
2026_3246_3393,0.828837812
2026_3257_3393,0.787289679
2026_3261_3393,0.920112312
2026_3268_3393,0.852845252
2026_3275_3393,0.217898786
2026_3276_3393,0.867841244
2026_3277_3393,0.829964399
2026_3278_3393,0.593362033
2026_3279_3393,0.888720334
2026_3283_3393,0.280508608
2026_3293_3393,0.408843637
2026_3301_3393,0.872368634
2026_3304_3393,0.534813404
2026_3314_3393,0.886528909
2026_3323_3393,0.90663445
2026_3326_3393,0.876596987
2026_3328_3393,0.892963231
2026_3329_3393,0.782613456
2026_3332_3393,0.674479246
2026_3343_3393,0.569577038
2026_3348_3393,0.323898077
2026_3350_3393,0.565342486
2026_3355_3393,0.480551988
2026_3359_3393,0.188245043
2026_3372_3393,0.271826059
2026_3376_3393,0.942988753
2026_3380_3393,0.191720068
2026_3104_3395,0.188071534
2026_3113_3395,0.081710294
2026_3124_3395,0.31313166
2026_3155_3395,0.103328563
2026_3158_3395,0.052475408
2026_3160_3395,0.100944966
2026_3161_3395,0.07182049
2026_3163_3395,0.798809886
2026_3181_3395,0.46713829
2026_3192_3395,0.040948037
2026_3193_3395,0.130822524
2026_3208_3395,0.080907188
2026_3211_3395,0.079224236
2026_3219_3395,0.033398744
2026_3221_3395,0.058516495
2026_3224_3395,0.033775918
2026_3225_3395,0.046130661
2026_3228_3395,0.120259993
2026_3234_3395,0.234467834
2026_3235_3395,0.130565405
2026_3239_3395,0.03932045
2026_3241_3395,0.077946208
2026_3246_3395,0.156538948
2026_3257_3395,0.16807647
2026_3261_3395,0.482487679
2026_3268_3395,0.11413271
2026_3275_3395,0.044085406
2026_3276_3395,0.235860258
2026_3277_3395,0.203864023
2026_3278_3395,0.163385138
2026_3279_3395,0.250481129
2026_3283_3395,0.04593084
2026_3293_3395,0.101554766
2026_3301_3395,0.248669624
2026_3304_3395,0.086899102
2026_3314_3395,0.201132476
2026_3323_3395,0.364709646
2026_3326_3395,0.370515674
2026_3328_3395,0.392537713
2026_3329_3395,0.192171782
2026_3332_3395,0.095907852
2026_3343_3395,0.107787095
2026_3348_3395,0.102432303
2026_3350_3395,0.154115513
2026_3355_3395,0.188496962
2026_3359_3395,0.045260396
2026_3372_3395,0.040337216
2026_3376_3395,0.72174412
2026_3380_3395,0.036399361
2026_3393_3395,0.078638993
2026_3104_3397,0.576974571
2026_3113_3397,0.213513523
2026_3124_3397,0.685494304
2026_3155_3397,0.384619713
2026_3158_3397,0.156534731
2026_3160_3397,0.34988746
2026_3161_3397,0.17623131
2026_3163_3397,0.896897972
2026_3181_3397,0.820093751
2026_3192_3397,0.16000922
2026_3193_3397,0.325930625
2026_3208_3397,0.332212031
2026_3211_3397,0.224077731
2026_3219_3397,0.10226018
2026_3221_3397,0.158010185
2026_3224_3397,0.101641983
2026_3225_3397,0.107097313
2026_3228_3397,0.48510766
2026_3234_3397,0.594168127
2026_3235_3397,0.496610403
2026_3239_3397,0.100876674
2026_3241_3397,0.247164816
2026_3246_3397,0.519390285
2026_3257_3397,0.585161328
2026_3261_3397,0.755623639
2026_3268_3397,0.4971793
2026_3275_3397,0.115768582
2026_3239_3261,0
2026_3277_3397,0.571289778
2026_3278_3397,0.455002993
2026_3279_3397,0.605132103
2026_3283_3397,0.160650656
2026_3293_3397,0.211440593
2026_3301_3397,0.699137807
2026_3304_3397,0.332403034
2026_3314_3397,0.570113957
2026_3323_3397,0.780130446
2026_3326_3397,0.662545681
2026_3328_3397,0.685816705
2026_3329_3397,0.513222337
2026_3332_3397,0.491985977
2026_3343_3397,0.385968983
2026_3348_3397,0.221430838
2026_3350_3397,0.378887534
2026_3355_3397,0.38096723
2026_3359_3397,0.106386825
2026_3372_3397,0.135114327
2026_3376_3397,0.88105911
2026_3380_3397,0.09810023
2026_3393_3397,0.270167559
2026_3395_3397,0.808143556
2026_3104_3400,0.092910431
2026_3113_3400,0.062378302
2026_3124_3400,0.202314302
2026_3155_3400,0.087709613
2026_3158_3400,0.044878952
2026_3160_3400,0.079755865
2026_3161_3400,0.053594295
2026_3163_3400,0.634494245
2026_3181_3400,0.221478283
2026_3192_3400,0.040267296
2026_3193_3400,0.092063285
2026_3208_3400,0.075517647
2026_3211_3400,0.062037975
2026_3219_3400,0.035070036
2026_3221_3400,0.056285959
2026_3224_3400,0.035132673
2026_3225_3400,0.03975169
2026_3228_3400,0.095875487
2026_3234_3400,0.143935248
2026_3235_3400,0.096357822
2026_3239_3400,0.038229987
2026_3241_3400,0
2026_3246_3400,0
2026_3257_3400,0.087405585
2026_3261_3400,0.276787937
2026_3268_3400,0.088474028
2026_3261_3403,1
2026_3276_3400,0.141122341
2026_3277_3400,0.111227371
2026_3278_3400,0.100957818
2026_3279_3400,0.194978386
2026_3261_3437,1
2026_3293_3400,0.063207097
2026_3301_3400,0.138018236
2026_3304_3400,0.069813795
2026_3314_3400,0.11057245
2026_3323_3400,0.253726542
2026_3326_3400,0.12726064
2026_3328_3400,0.126728505
2026_3329_3400,0.116154946
2026_3275_3400,0
2026_3343_3400,0.081195667
2026_3348_3400,0.081463061
2026_3350_3400,0.08089412
2026_3355_3400,0.087632969
2026_3359_3400,0.042278152
2026_3276_3301,1
2026_3376_3400,0.543909729
2026_3380_3400,0.037398018
2026_3393_3400,0.066059321
2026_3395_3400,0.299681455
2026_3397_3400,0.121885069
2026_3104_3403,0.772549689
2026_3113_3403,0.33087939
2026_3124_3403,0.859213352
2026_3155_3403,0.525519609
2026_3158_3403,0.292013288
2026_3160_3403,0.513619184
2026_3161_3403,0.422297686
2026_3163_3403,0.924355567
2026_3181_3403,0.922455251
2026_3192_3403,0.248639047
2026_3193_3403,0.523398459
2026_3208_3403,0.519105196
2026_3211_3403,0.449060589
2026_3219_3403,0.219880223
2026_3221_3403,0.238435581
2026_3224_3403,0.263813764
2026_3225_3403,0.238727957
2026_3228_3403,0.668866277
2026_3234_3403,0.80591476
2026_3235_3403,0.622180462
2026_3239_3403,0.200861499
2026_3241_3403,0.533126056
2026_3246_3403,0.816093206
2026_3257_3403,0.748571754
2026_3276_3397,1
2026_3268_3403,0.83403492
2026_3275_3403,0.325557023
2026_3276_3403,0.847159743
2026_3277_3403,0.808895767
2026_3278_3403,0.631824136
2026_3279_3403,0.890605152
2026_3283_3403,0.283584565
2026_3293_3403,0.468882084
2026_3301_3403,0.811493754
2026_3304_3403,0.529271901
2026_3314_3403,0.881514668
2026_3323_3403,0.867718518
2026_3326_3403,0.867409706
2026_3328_3403,0.88760376
2026_3329_3403,0.705582917
2026_3332_3403,0.618242502
2026_3343_3403,0.493753076
2026_3348_3403,0.402638495
2026_3350_3403,0.62109369
2026_3355_3403,0.537950337
2026_3359_3403,0.149508178
2026_3372_3403,0.277717888
2026_3376_3403,0.931490421
2026_3380_3403,0.219129249
2026_3393_3403,0.456718653
2026_3395_3403,0.918901324
2026_3397_3403,0.64995563
2026_3400_3403,0.927746832
2026_3104_3417,0.143124312
2026_3113_3417,0.066976473
2026_3124_3417,0.18935357
2026_3155_3417,0.087310821
2026_3158_3417,0.047130913
2026_3160_3417,0.077558808
2026_3161_3417,0.057567406
2026_3163_3417,0.740083754
2026_3181_3417,0.277570963
2026_3192_3417,0.039824862
2026_3193_3417,0.092028998
2026_3208_3417,0.073345132
2026_3277_3376,0
2026_3219_3417,0.034738481
2026_3221_3417,0.060545053
2026_3224_3417,0.034574054
2026_3225_3417,0.0408004
2026_3228_3417,0.097023912
2026_3234_3417,0.137658596
2026_3235_3417,0.097813547
2026_3239_3417,0.041176509
2026_3241_3417,0.056943115
2026_3246_3417,0.105952188
2026_3257_3417,0.085115716
2026_3261_3417,0.278389454
2026_3268_3417,0.086275928
2026_3275_3417,0.037777487
2026_3276_3417,0.133818924
2026_3277_3417,0.159581438
2026_3278_3417,0
2026_3279_3417,0
2026_3283_3417,0.04581235
2026_3293_3417,0.072637253
2026_3301_3417,0.148559123
2026_3304_3417,0.070935637
2026_3314_3417,0.110909231
2026_3323_3417,0.257223099
2026_3326_3417,0.177187562
2026_3328_3417,0.180075184
2026_3283_3400,0
2026_3332_3417,0.08025641
2026_3304_3376,0
2026_3348_3417,0.084583409
2026_3350_3417,0.105997734
2026_3355_3417,0.09909039
2026_3359_3417,0.045582976
2026_3372_3417,0.037743572
2026_3376_3417,0.540166914
2026_3380_3417,0.036521912
2026_3393_3417,0.066936545
2026_3395_3417,0.295119703
2026_3397_3417,0.137284905
2026_3400_3417,0.498992682
2026_3403_3417,0.078768983
2026_3104_3425,0.464316428
2026_3113_3425,0.156689838
2026_3124_3425,0.526981771
2026_3155_3425,0.280939639
2026_3158_3425,0.09999954
2026_3160_3425,0.194033399
2026_3161_3425,0.120234288
2026_3163_3425,0.832716763
2026_3181_3425,0.629707217
2026_3192_3425,0.084837511
2026_3193_3425,0.161522195
2026_3208_3425,0.330278575
2026_3211_3425,0.136110723
2026_3219_3425,0.073179826
2026_3221_3425,0.112553611
2026_3224_3425,0.075071745
2026_3225_3425,0.081569433
2026_3228_3425,0.406813353
2026_3234_3425,0.475371242
2026_3235_3425,0.292689592
2026_3239_3425,0.083148003
2026_3241_3425,0.121252015
2026_3246_3425,0.408917069
2026_3257_3425,0.396464527
2026_3261_3425,0.668400705
2026_3268_3425,0.381966501
2026_3275_3425,0.085760973
2026_3276_3425,0.492631495
2026_3277_3425,0.480007708
2026_3278_3425,0.392943561
2026_3279_3425,0.540820301
2026_3283_3425,0.08477284
2026_3293_3425,0.137371242
2026_3301_3425,0.508881629
2026_3304_3425,0.129255921
2026_3314_3425,0.469125986
2026_3323_3425,0.646804512
2026_3326_3425,0.502274394
2026_3328_3425,0.547517538
2026_3329_3425,0.362883627
2026_3332_3425,0.271329671
2026_3343_3425,0.227692693
2026_3348_3425,0.130142286
2026_3350_3425,0.172393426
2026_3355_3425,0.162752584
2026_3359_3425,0.082074307
2026_3372_3425,0.069513991
2026_3328_3376,0
2026_3380_3425,0.071325764
2026_3393_3425,0.200917408
2026_3395_3425,0.673270464
2026_3397_3425,0.361674011
2026_3400_3425,0.792620182
2026_3403_3425,0.319963425
2026_3417_3425,0.796759248
2026_3104_3427,0.912525535
2026_3113_3427,0.570108294
2026_3124_3427,0.939390421
2026_3155_3427,0.705237389
2026_3158_3427,0.5925017
2026_3160_3427,0.643490136
2026_3161_3427,0.554149389
2026_3329_3417,0
2026_3181_3427,0.956011593
2026_3192_3427,0.482903093
2026_3193_3427,0.747741997
2026_3208_3427,0.700426877
2026_3211_3427,0.623298109
2026_3219_3427,0.317504436
2026_3221_3427,0.457419753
2026_3224_3427,0.428187072
2026_3225_3427,0.418873042
2026_3228_3427,0.88320595
2026_3234_3427,0.921651542
2026_3235_3427,0.846742094
2026_3239_3427,0.319952607
2026_3241_3427,0.709933162
2026_3246_3427,0.927410185
2026_3257_3427,0.915454209
2026_3261_3427,0.949563026
2026_3268_3427,0.930840313
2026_3275_3427,0.409391701
2026_3276_3427,0.92840451
2026_3277_3427,0.929402471
2026_3278_3427,0.865712404
2026_3279_3427,0.939273775
2026_3283_3427,0.471550077
2026_3293_3427,0.695909917
2026_3301_3427,0.923079014
2026_3304_3427,0.769134402
2026_3314_3427,0.939882696
2026_3323_3427,0.947077572
2026_3326_3427,0.934125006
2026_3328_3427,0.942686915
2026_3329_3427,0.847163022
2026_3332_3427,0.82251668
2026_3343_3427,0.742126584
2026_3348_3427,0.579520404
2026_3350_3427,0.792129517
2026_3355_3427,0.731403232
2026_3359_3427,0.296156734
2026_3372_3427,0.421214104
2026_3376_3427,0.965310693
2026_3380_3427,0.26909554
2026_3393_3427,0.688415587
2026_3395_3427,0.956365407
2026_3397_3427,0.851399004
2026_3400_3427,0.963492393
2026_3403_3427,0.690916717
2026_3417_3427,0.963913679
2026_3425_3427,0.932193398
2026_3104_3435,0.376825511
2026_3113_3435,0.13023977
2026_3124_3435,0.499213636
2026_3155_3435,0.225533783
2026_3158_3435,0.07652507
2026_3332_3400,0
2026_3161_3435,0.144652456
2026_3343_3417,0
2026_3181_3435,0.632124066
2026_3192_3435,0.070313901
2026_3193_3435,0.157858163
2026_3208_3435,0.159934431
2026_3211_3435,0.180147618
2026_3350_3376,0
2026_3221_3435,0.106286526
2026_3224_3435,0.057498515
2026_3225_3435,0.0627914
2026_3359_3376,0
2026_3234_3435,0.469721615
2026_3235_3435,0.35632351
2026_3239_3435,0.057334419
2026_3241_3435,0.186066836
2026_3246_3435,0.388208568
2026_3257_3435,0.416168392
2026_3261_3435,0.653084815
2026_3268_3435,0.3567307
2026_3275_3435,0.062715203
2026_3276_3435,0.492088079
2026_3277_3435,0.371636868
2026_3278_3435,0.29930377
2026_3279_3435,0.434021384
2026_3283_3435,0.082110509
2026_3293_3435,0.144889161
2026_3301_3435,0.465457857
2026_3304_3435,0.188333914
2026_3314_3435,0.412159413
2026_3323_3435,0.597281575
2026_3326_3435,0.519837618
2026_3328_3435,0.487647742
2026_3329_3435,0.353609979
2026_3332_3435,0.374539942
2026_3343_3435,0.247244775
2026_3348_3435,0.160082728
2026_3350_3435,0.20399797
2026_3355_3435,0.252694637
2026_3359_3435,0.066370755
2026_3372_3435,0.064812168
2026_3376_3435,0.859081984
2026_3380_3435,0.057233583
2026_3393_3435,0.149916127
2026_3395_3435,0.638042092
2026_3397_3435,0.347839177
2026_3400_3435,0.853590727
2026_3403_3435,0.173757225
2026_3417_3435,0.788331211
2026_3425_3435,0.52398181
2026_3427_3435,0.082910687
2026_3104_3436,0.834459364
2026_3113_3436,0.577105403
2026_3124_3436,0.890287817
2026_3155_3436,0.66200763
2026_3158_3436,0.493274778
2026_3160_3436,0.679200768
2026_3161_3436,0.608650088
2026_3163_3436,0.936906576
2026_3181_3436,0.932313919
2026_3192_3436,0.382185578
2026_3193_3436,0.79977268
2026_3208_3436,0.702330709
2026_3211_3436,0.634938121
2026_3219_3436,0.298411489
2026_3221_3436,0.394042701
2026_3224_3436,0.368122786
2026_3225_3436,0.339960366
2026_3228_3436,0.787970662
2026_3234_3436,0.89444083
2026_3235_3436,0.757213235
2026_3239_3436,0.266337216
2026_3241_3436,0.769310772
2026_3246_3436,0.877637804
2026_3257_3436,0.906666398
2026_3261_3436,0.931424439
2026_3268_3436,0.889059782
2026_3275_3436,0.398001969
2026_3276_3436,0.915908098
2026_3277_3436,0.854437172
2026_3278_3436,0.834441602
2026_3279_3436,0.90944618
2026_3283_3436,0.326858789
2026_3293_3436,0.64684701
2026_3301_3436,0.874444127
2026_3304_3436,0.747366428
2026_3314_3436,0.914108276
2026_3323_3436,0.909550011
2026_3326_3436,0.916930258
2026_3328_3436,0.90204215
2026_3329_3436,0.816476524
2026_3332_3436,0.741540849
2026_3343_3436,0.680296838
2026_3348_3436,0.630380094
2026_3350_3436,0.833506823
2026_3355_3436,0.785124838
2026_3359_3436,0.228716403
2026_3372_3436,0.323028028
2026_3376_3436,0.943331122
2026_3380_3436,0.273905307
2026_3393_3436,0.720200539
2026_3395_3436,0.939193726
2026_3397_3436,0.776955605
2026_3400_3436,0.941388428
2026_3403_3436,0.691703975
2026_3417_3436,0.938965082
2026_3425_3436,0.897173941
2026_3427_3436,0.427933991
2026_3435_3436,0.890814543
2026_3104_3437,0.71357429
2026_3113_3437,0.379544407
2026_3124_3437,0.866871953
2026_3155_3437,0.62243247
2026_3158_3437,0.255169898
2026_3160_3437,0.524061143
2026_3161_3437,0.374538779
2026_3163_3437,0.913860738
2026_3181_3437,0.913933575
2026_3192_3437,0.22731936
2026_3193_3437,0.509993374
2026_3208_3437,0.560832977
2026_3211_3437,0.407298177
2026_3219_3437,0.199567288
2026_3221_3437,0.257025272
2026_3224_3437,0.264544845
2026_3225_3437,0.192612097
2026_3228_3437,0.679152608
2026_3234_3437,0.778528631
2026_3235_3437,0.635905743
2026_3239_3437,0.210548356
2026_3241_3437,0.426196665
2026_3246_3437,0.693689942
2026_3257_3437,0.740147769
2026_3372_3400,0
2026_3268_3437,0.789461195
2026_3275_3437,0.222106621
2026_3276_3437,0.814551175
2026_3277_3437,0.677682102
2026_3278_3437,0.594425559
2026_3279_3437,0.828064263
2026_3283_3437,0.257014036
2026_3293_3437,0.325113714
2026_3301_3437,0.849845052
2026_3304_3437,0.502036512
2026_3314_3437,0.864992142
2026_3323_3437,0.885727763
2026_3326_3437,0.84997189
2026_3328_3437,0.858533204
2026_3329_3437,0.752015412
2026_3332_3437,0.659683406
2026_3343_3437,0.520099759
2026_3348_3437,0.415964574
2026_3350_3437,0.641351163
2026_3355_3437,0.533096254
2026_3359_3437,0.1844358
2026_3372_3437,0.230345592
2026_3376_3437,0.930624664
2026_3380_3437,0.226925164
2026_3393_3437,0.528737962
2026_3395_3437,0.908993959
2026_3397_3437,0.614961445
2026_3400_3437,0.925544024
2026_3403_3437,0.54520303
2026_3417_3437,0.920280218
2026_3425_3437,0.832506359
2026_3427_3437,0.343515635
2026_3435_3437,0.762593389
2026_3436_3437,0.284648299
2026_3104_3438,0.724796653
2026_3113_3438,0.40026027
2026_3124_3438,0.886631429
2026_3155_3438,0.606827199
2026_3158_3438,0.21546419
2026_3160_3438,0.50295943
2026_3161_3438,0.350946397
2026_3163_3438,0.925372899
2026_3181_3438,0.929090559
2026_3192_3438,0.208607584
2026_3193_3438,0.574454248
2026_3208_3438,0.494247854
2026_3211_3438,0.35272482
2026_3219_3438,0.182915866
2026_3221_3438,0.244340673
2026_3224_3438,0.200952858
2026_3225_3438,0.150894895
2026_3228_3438,0.680580556
2026_3376_3380,1
2026_3235_3438,0.625273943
2026_3239_3438,0.178176731
2026_3241_3438,0.463085115
2026_3246_3438,0.768972695
2026_3257_3438,0.746862888
2026_3261_3438,0.911838233
2026_3268_3438,0.818170786
2026_3275_3438,0.190926284
2026_3276_3438,0.871350706
2026_3277_3438,0.707653582
2026_3278_3438,0.61118108
2026_3279_3438,0.867719233
2026_3283_3438,0.226542801
2026_3293_3438,0.344616115
2026_3301_3438,0.848996103
2026_3304_3438,0.500124037
2026_3314_3438,0.877439797
2026_3323_3438,0.901713192
2026_3326_3438,0.881342411
2026_3328_3438,0.880244732
2026_3329_3438,0.817356825
2026_3332_3438,0.612628877
2026_3343_3438,0.513896048
2026_3348_3438,0.386393726
2026_3350_3438,0.674258053
2026_3355_3438,0.562292218
2026_3359_3438,0.185823441
2026_3372_3438,0.220006436
2026_3376_3438,0.943900585
2026_3380_3438,0.200483397
2026_3393_3438,0.535588086
2026_3395_3438,0.924638271
2026_3397_3438,0.632084787
2026_3400_3438,0.939385056
2026_3403_3438,0.530045509
2026_3417_3438,0.936484933
2026_3425_3438,0.851632893
2026_3427_3438,0.306006074
2026_3435_3438,0.78128916
2026_3436_3438,0.258040696
2026_3437_3438,0.489681482
2026_3104_3439,0.752276838
2026_3113_3439,0.307002842
2026_3124_3439,0.877299786
2026_3155_3439,0.51435709
2026_3158_3439,0.209471256
2026_3160_3439,0.436793745
2026_3161_3439,0.300430477
2026_3163_3439,0.922248662
2026_3181_3439,0.917369843
2026_3192_3439,0.204928085
2026_3193_3439,0.456230313
2026_3208_3439,0.456491381
2026_3211_3439,0.343253195
2026_3219_3439,0.16363816
2026_3221_3439,0.230448872
2026_3224_3439,0.177307799
2026_3225_3439,0.15789777
2026_3228_3439,0.624772966
2026_3234_3439,0.719305456
2026_3235_3439,0.580889821
2026_3239_3439,0.153846756
2026_3241_3439,0.399253756
2026_3246_3439,0.787980139
2026_3257_3439,0.764817119
2026_3261_3439,0.910107553
2026_3268_3439,0.731926501
2026_3275_3439,0.201390594
2026_3276_3439,0.838839233
2026_3277_3439,0.762144744
2026_3278_3439,0.583904207
2026_3279_3439,0.875517309
2026_3283_3439,0.197904482
2026_3293_3439,0.339549422
2026_3301_3439,0.801920772
2026_3304_3439,0.350672215
2026_3314_3439,0.853149772
2026_3323_3439,0.903290927
2026_3326_3439,0.863077343
2026_3328_3439,0.883400142
2026_3329_3439,0.759488702
2026_3332_3439,0.566396356
2026_3343_3439,0.488605052
2026_3348_3439,0.313447475
2026_3350_3439,0.534329057
2026_3355_3439,0.437747151
2026_3359_3439,0.156897336
2026_3372_3439,0.212503716
2026_3376_3439,0.939988732
2026_3380_3439,0.191566512
2026_3393_3439,0.421256095
2026_3395_3439,0.917455852
2026_3397_3439,0.627057314
2026_3376_3425,1
2026_3403_3439,0.483451784
2026_3417_3439,0.930417836
2026_3425_3439,0.806804419
2026_3427_3439,0.284198642
2026_3435_3439,0.784225702
2026_3436_3439,0.234050304
2026_3437_3439,0.421571106
2026_3438_3439,0.432371438
2026_3104_3442,0.918116868
2026_3113_3442,0.730924189
2026_3124_3442,0.938712478
2026_3155_3442,0.773776114
2026_3158_3442,0.646520972
2026_3160_3442,0.790979385
2026_3161_3442,0.709288061
2026_3400_3439,1
2026_3181_3442,0.95592618
2026_3192_3442,0.474749118
2026_3193_3442,0.858999789
2026_3208_3442,0.783282101
2026_3211_3442,0.705078602
2026_3219_3442,0.451734632
2026_3221_3442,0.475423396
2026_3224_3442,0.577979386
2026_3225_3442,0.4950203
2026_3228_3442,0.870243907
2026_3234_3442,0.945966959
2026_3235_3442,0.850400507
2026_3239_3442,0.41106692
2026_3241_3442,0.807706892
2026_3246_3442,0.923137605
2026_3257_3442,0.919252455
2026_3261_3442,0.964528203
2026_3268_3442,0.931189537
2026_3275_3442,0.591652632
2026_3276_3442,0.958518863
2026_3277_3442,0.91576761
2026_3278_3442,0.913415611
2026_3279_3442,0.9414379
2026_3283_3442,0.552229583
2026_3293_3442,0.777984142
2026_3301_3442,0.924258828
2026_3304_3442,0.849136651
2026_3314_3442,0.954723477
2026_3323_3442,0.94455415
2026_3326_3442,0.950074613
2026_3328_3442,0.952639401
2026_3329_3442,0.909553587
2026_3332_3442,0.855619192
2026_3343_3442,0.808947682
2026_3348_3442,0.754397869
2026_3350_3442,0.891012073
2026_3355_3442,0.844646573
2026_3359_3442,0.473966509
2026_3372_3442,0.487598419
2026_3376_3442,0.966574132
2026_3380_3442,0.446514934
2026_3393_3442,0.808804989
2026_3395_3442,0.955675602
2026_3397_3442,0.911307275
2026_3400_3442,0.963592112
2026_3403_3442,0.761688828
2026_3417_3442,0.965126038
2026_3425_3442,0.932447135
2026_3427_3442,0.555505216
2026_3435_3442,0.951419115
2026_3436_3442,0.61493659
2026_3437_3442,0.783606946
2026_3438_3442,0.823361576
2026_3439_3442,0.827041328
2026_3104_3449,0.601951897
2026_3113_3449,0.25236991
2026_3124_3449,0.798859119
2026_3155_3449,0.384592086
2026_3158_3449,0.173982203
2026_3160_3449,0.402269423
2026_3161_3449,0.316136241
2026_3163_3449,0.924433053
2026_3181_3449,0.912902296
2026_3192_3449,0.113939166
2026_3193_3449,0.389789253
2026_3208_3449,0.298152983
2026_3211_3449,0.347740561
2026_3219_3449,0.093005784
2026_3221_3449,0.161517873
2026_3224_3449,0.130723715
2026_3225_3449,0.140582547
2026_3228_3449,0.507309318
2026_3234_3449,0.627944887
2026_3235_3449,0.425197512
2026_3239_3449,0.100483939
2026_3241_3449,0.367454708
2026_3246_3449,0.604432762
2026_3257_3449,0.630879521
2026_3261_3449,0.900415242
2026_3268_3449,0.60683459
2026_3275_3449,0.150061816
2026_3276_3449,0.698582172
2026_3277_3449,0.625681579
2026_3278_3449,0.589360774
2026_3279_3449,0.737064302
2026_3283_3449,0.132801354
2026_3293_3449,0.314490855
2026_3301_3449,0.655989289
2026_3304_3449,0.360950589
2026_3314_3449,0.770612836
2026_3323_3449,0.846675634
2026_3326_3449,0.833160996
2026_3328_3449,0.878908455
2026_3329_3449,0.513671637
2026_3332_3449,0.447524548
2026_3343_3449,0.358449399
2026_3348_3449,0.315697402
2026_3350_3449,0.45705995
2026_3355_3449,0.454799175
2026_3359_3449,0.1187433
2026_3372_3449,0.108798839
2026_3376_3449,0.936307788
2026_3380_3449,0.097984791
2026_3393_3449,0.277502
2026_3395_3449,0.916188776
2026_3397_3449,0.535761237
2026_3400_3449,0.931427538
2026_3403_3449,0.32881549
2026_3417_3449,0.928857505
2026_3425_3449,0.653651595
2026_3427_3449,0.143118143
2026_3435_3449,0.683579862
2026_3436_3449,0.207717225
2026_3437_3449,0.363614053
2026_3438_3449,0.364182323
2026_3439_3449,0.379630685
2026_3442_3449,0.120950654
2026_3104_3452,0.321739405
2026_3113_3452,0.109332822
2026_3124_3452,0.352267504
2026_3155_3452,0.139770091
2026_3158_3452,0.072582476
2026_3160_3452,0.144970894
2026_3161_3452,0.109147035
2026_3163_3452,0.859725654
2026_3181_3452,0.588420272
2026_3192_3452,0.046176128
2026_3193_3452,0.19221352
2026_3208_3452,0.107633248
2026_3211_3452,0.132031098
2026_3219_3452,0.039788254
2026_3221_3452,0.065802656
2026_3224_3452,0.050559621
2026_3225_3452,0.057716142
2026_3228_3452,0.188428551
2026_3234_3452,0.437044144
2026_3235_3452,0.241814479
2026_3239_3452,0.047493659
2026_3241_3452,0.176635489
2026_3246_3452,0.291769743
2026_3257_3452,0.339903384
2026_3261_3452,0.636352599
2026_3268_3452,0.270599931
2026_3275_3452,0.055018194
2026_3276_3452,0.440734923
2026_3277_3452,0.395207644
2026_3278_3452,0.229958087
2026_3279_3452,0.440883726
2026_3283_3452,0.053234462
2026_3293_3452,0.192682892
2026_3301_3452,0.284918696
2026_3304_3452,0.186628923
2026_3314_3452,0.34247306
2026_3323_3452,0.409237564
2026_3326_3452,0.455397606
2026_3328_3452,0.448847711
2026_3329_3452,0.305288464
2026_3332_3452,0.134025976
2026_3343_3452,0.194659933
2026_3348_3452,0.121339232
2026_3350_3452,0.239586845
2026_3355_3452,0.205863193
2026_3359_3452,0.052922085
2026_3372_3452,0.058850236
2026_3376_3452,0.797861278
2026_3380_3452,0.042801473
2026_3393_3452,0.111832529
2026_3395_3452,0.60154146
2026_3397_3452,0.391503453
2026_3400_3452,1
2026_3403_3452,0.10956423
2026_3417_3452,0.792545676
2026_3425_3452,0.442859441
2026_3427_3452,0.060303994
2026_3435_3452,0.530408084
2026_3436_3452,0.084143393
2026_3437_3452,0.128225431
2026_3438_3452,0.123873174
2026_3439_3452,0.130544066
2026_3442_3452,0.053835057
2026_3449_3452,0.169065014
2026_3104_3453,0.832477391
2026_3113_3453,0.597510576
2026_3124_3453,0.856830478
2026_3155_3453,0.610770285
2026_3158_3453,0.32249552
2026_3160_3453,0.606208861
2026_3161_3453,0.452390581
2026_3163_3453,0.935811818
2026_3181_3453,0.919171274
2026_3192_3453,0.199618623
2026_3193_3453,0.684593976
2026_3208_3453,0.572220027
2026_3211_3453,0.555499494
2026_3219_3453,0.164830908
2026_3221_3453,0.282371342
2026_3224_3453,0.244036287
2026_3225_3453,0.282559633
2026_3228_3453,0.743850827
2026_3234_3453,0.90685147
2026_3235_3453,0.759515464
2026_3239_3453,0.217618853
2026_3241_3453,0.585888445
2026_3246_3453,0.835154474
2026_3257_3453,0.884277403
2026_3261_3453,0.928013086
2026_3268_3453,0.858388901
2026_3275_3453,0.285281032
2026_3276_3453,0.908629537
2026_3277_3453,0.842508197
2026_3278_3453,0.794077277
2026_3279_3453,0.864952505
2026_3283_3453,0.251334965
2026_3293_3453,0.544428289
2026_3301_3453,0.838499069
2026_3304_3453,0.726392031
2026_3314_3453,0.902138591
2026_3323_3453,0.889223218
2026_3326_3453,0.902240574
2026_3328_3453,0.89860338
2026_3329_3453,0.7533077
2026_3332_3453,0.724765062
2026_3343_3453,0.632310152
2026_3348_3453,0.556636095
2026_3350_3453,0.759498358
2026_3355_3453,0.670935214
2026_3359_3453,0.215108201
2026_3372_3453,0.231475726
2026_3376_3453,0.950838566
2026_3380_3453,0.173679322
2026_3393_3453,0.639152825
2026_3395_3453,0.924433053
2026_3397_3453,0.785535157
2026_3400_3453,0.942712963
2026_3403_3453,0.541309118
2026_3417_3453,1
2026_3425_3453,0.894868731
2026_3427_3453,0.321796834
2026_3435_3453,0.897990525
2026_3436_3453,0.323969275
2026_3437_3453,0.634792745
2026_3438_3453,0.640136719
2026_3439_3453,0.660788655
2026_3442_3453,0.291689366
2026_3449_3453,0.776551783
2026_3452_3453,0.892016709
2026_3104_3465,0.909277022
2026_3113_3465,0.670301497
2026_3124_3465,0.934670091
2026_3155_3465,0.799917817
2026_3158_3465,0.76236248
2026_3160_3465,0.749565363
2026_3161_3465,0.654752195
2026_3163_3465,0.949061573
2026_3181_3465,0.956605017
2026_3192_3465,0.62553668
2026_3193_3465,0.835110843
2026_3208_3465,0.798723519
2026_3211_3465,0.708090484
2026_3219_3465,0.543337762
2026_3221_3465,0.595513999
2026_3224_3465,0.646015465
2026_3225_3465,0.478882283
2026_3228_3465,0.876034081
2026_3234_3465,0.920948207
2026_3235_3465,0.822054565
2026_3239_3465,0.478277296
2026_3241_3465,0.812267959
2026_3246_3465,0.927218497
2026_3257_3465,0.939313293
2026_3261_3465,0.955412328
2026_3268_3465,0.936804652
2026_3275_3465,0.600311935
2026_3276_3465,0.947554588
2026_3277_3465,0.920988679
2026_3278_3465,0.908940375
2026_3279_3465,0.948357403
2026_3283_3465,0.614627659
2026_3293_3465,0.765144289
2026_3301_3465,0.922401309
2026_3304_3465,0.798253953
2026_3314_3465,0.953445494
2026_3323_3465,0.936185598
2026_3326_3465,0.945192575
2026_3328_3465,0.94802618
2026_3329_3465,0.890125334
2026_3332_3465,0.86239928
2026_3343_3465,0.763723552
2026_3348_3465,0.734341145
2026_3350_3465,0.859509587
2026_3355_3465,0.810757518
2026_3359_3465,0.482288718
2026_3372_3465,0.531502008
2026_3376_3465,0.957824826
2026_3380_3465,0.564205468
2026_3393_3465,0.771491885
2026_3395_3465,0.953062057
2026_3397_3465,0.888591826
2026_3400_3465,0.957858562
2026_3403_3465,0.82760632
2026_3417_3465,1
2026_3425_3465,0.922902703
2026_3427_3465,0.634521365
2026_3435_3465,0.93677038
2026_3436_3465,0.707718551
2026_3437_3465,0.754903257
2026_3438_3465,0.768330157
2026_3439_3465,0.822211027
2026_3442_3465,0.491714835
2026_3449_3465,0.859364748
2026_3452_3465,0.950468719
2026_3453_3465,0.738196611
2026_3104_3471,0.919076085
2026_3113_3471,0.661686778
2026_3124_3471,0.93990761
2026_3155_3471,0.750709355
2026_3158_3471,0.563801169
2026_3160_3471,0.747578681
2026_3161_3471,0.662083328
2026_3163_3471,0.959365308
2026_3181_3471,0.964397788
2026_3192_3471,0.477318555
2026_3193_3471,0.859364927
2026_3208_3471,0.77148205
2026_3211_3471,0.71495986
2026_3219_3471,0.421124458
2026_3221_3471,0.484721065
2026_3224_3471,0.490865111
2026_3225_3471,0.444425702
2026_3228_3471,0.836396754
2026_3234_3471,0.928378999
2026_3235_3471,0.836355567
2026_3239_3471,0.39176783
2026_3241_3471,0.839722753
2026_3246_3471,0.936843276
2026_3257_3471,0.935925245
2026_3261_3471,0.964210153
2026_3268_3471,0.93474704
2026_3275_3471,0.51116842
2026_3276_3471,0.960312068
2026_3277_3471,0.922355354
2026_3278_3471,0.874773145
2026_3279_3471,0.951187372
2026_3283_3471,0.46955806
2026_3293_3471,0.809068918
2026_3301_3471,0.918424249
2026_3304_3471,0.813157797
2026_3314_3471,0.954211712
2026_3323_3471,0.945544958
2026_3326_3471,0.958206475
2026_3328_3471,0.952234209
2026_3329_3471,0.903768182
2026_3332_3471,0.791822493
2026_3343_3471,0.773320794
2026_3348_3471,0.714374661
2026_3350_3471,0.889375389
2026_3355_3471,0.840930581
2026_3359_3471,0.313882977
2026_3372_3471,0.467686385
2026_3376_3471,0.966738999
2026_3380_3471,0.384573996
2026_3393_3471,0.801364064
2026_3395_3471,0.961803973
2026_3397_3471,0.897178292
2026_3400_3471,0.964157701
2026_3403_3471,0.774149656
2026_3417_3471,0.963978648
2026_3425_3471,0.928128242
2026_3427_3471,0.56562233
2026_3435_3471,0.944638789
2026_3436_3471,0.60964185
2026_3437_3471,0.751131773
2026_3438_3471,0.797879457
2026_3439_3471,0.801547348
2026_3442_3471,0.467616916
2026_3449_3471,0.842160225
2026_3452_3471,0.950952113
2026_3453_3471,0.749348879
2026_3465_3471,0.382351369
