ID,Pred
2026_1163_1181,0.2648
2026_1155_1181,0.11932
2026_1104_1181,0.22515
2026_1103_1181,0.05146
2026_1112_1181,0.47564
2026_1116_1181,0.21803
2026_1140_1181,0.19298
2026_1155_1163,0.29222
2026_1104_1163,0.45342
2026_1103_1163,0.15807
2026_1112_1163,0.71456
2026_1116_1163,0.44125
2026_1140_1163,0.40526
2026_1181_1277,0.72542
2026_1163_1277,0.48399
2026_1242_1277,0.40675
2026_1257_1277,0.4417
2026_1202_1277,0.0278
2026_1196_1277,0.62614
2026_1222_1277,0.62749
2026_1228_1277,0.61358
2026_1155_1277,0.28068
2026_1234_1277,0.38098
2026_1270_1277,0.14846
2026_1225_1277,0.0468
2026_1250_1277,0.00644
2026_1276_1277,0.70782
2026_1235_1277,0.60738
2026_1104_1277,0.44119
2026_1246_1277,0.34231
2026_1208_1277,0.32296
2026_1275_1277,0.08948
2026_1103_1277,0.15087
2026_1220_1277,0.11255
2026_1224_1277,0.02382
2026_1112_1277,0.70445
2026_1211_1277,0.478
2026_1116_1277,0.42684
2026_1140_1277,0.39138
2026_1274_1277,0.30958
2026_1219_1277,0.09503
2026_1218_1277,0.07897
2026_1244_1277,0.03883
2026_1254_1277,0.02038
2026_1181_1242,0.80064
2026_1163_1242,0.58371
2026_1202_1242,0.04936
2026_1196_1242,0.72031
2026_1222_1242,0.7153
2026_1228_1242,0.70628
2026_1155_1242,0.36941
2026_1234_1242,0.47818
2026_1225_1242,0.07824
2026_1235_1242,0.70378
2026_1104_1242,0.53867
2026_1208_1242,0.41918
2026_1103_1242,0.21369
2026_1220_1242,0.1684
2026_1224_1242,0.04159
2026_1112_1242,0.78123
2026_1211_1242,0.57637
2026_1116_1242,0.52804
2026_1140_1242,0.4878
2026_1219_1242,0.14403
2026_1218_1242,0.11936
2026_1181_1385,0.79532
2026_1163_1385,0.57562
2026_1277_1385,0.58913
2026_1242_1385,0.48855
2026_1257_1385,0.53166
2026_1326_1385,0.44144
2026_1378_1385,0.28614
2026_1320_1385,0.20872
2026_1295_1385,0.10209
2026_1202_1385,0.04613
2026_1373_1385,0.04169
2026_1196_1385,0.71174
2026_1222_1385,0.70717
2026_1228_1385,0.69728
2026_1304_1385,0.54709
2026_1314_1385,0.39984
2026_1155_1385,0.36142
2026_1234_1385,0.46949
2026_1270_1385,0.20583
2026_1335_1385,0.06638
2026_1225_1385,0.07482
2026_1250_1385,0.01217
2026_1341_1385,0.01321
2026_1276_1385,0.78307
2026_1235_1385,0.6914
2026_1104_1385,0.52751
2026_1246_1385,0.43141
2026_1208_1385,0.4077
2026_1365_1385,0.3613
2026_1275_1385,0.1331
2026_1374_1385,0.36365
2026_1103_1385,0.20682
2026_1220_1385,0.16264
2026_1224_1385,0.04008
2026_1112_1385,0.77486
2026_1345_1385,0.65318
2026_1211_1385,0.56959
2026_1116_1385,0.51565
2026_1140_1385,0.47994
2026_1274_1385,0.39567
2026_1281_1385,0.28992
2026_1301_1385,0.39747
2026_1219_1385,0.13926
2026_1218_1385,0.11668
2026_1244_1385,0.06262
2026_1254_1385,0.0336
2026_1181_1257,0.772
2026_1163_1257,0.54199
2026_1242_1257,0.4586
2026_1202_1257,0.0398
2026_1196_1257,0.68294
2026_1222_1257,0.68095
2026_1228_1257,0.66668
2026_1155_1257,0.3314
2026_1234_1257,0.43651
2026_1225_1257,0.06494
2026_1250_1257,0.01002
2026_1235_1257,0.66466
2026_1104_1257,0.49731
2026_1246_1257,0.39847
2026_1208_1257,0.3787
2026_1103_1257,0.18771
2026_1220_1257,0.14319
2026_1224_1257,0.03396
2026_1112_1257,0.75228
2026_1211_1257,0.53787
2026_1116_1257,0.48422
2026_1140_1257,0.44649
2026_1219_1257,0.12187
2026_1218_1257,0.10072
2026_1244_1257,0.05376
2026_1254_1257,0.02906
2026_1181_1417,0.84634
2026_1163_1417,0.65171
2026_1277_1417,0.66545
2026_1242_1417,0.5701
2026_1385_1417,0.57709
2026_1257_1417,0.60703
2026_1326_1417,0.52191
2026_1395_1417,0.39523
2026_1416_1417,0.35267
2026_1378_1417,0.356
2026_1320_1417,0.26991
2026_1295_1417,0.14754
2026_1202_1417,0.06986
2026_1373_1417,0.06391
2026_1196_1417,0.7782
2026_1222_1417,0.77152
2026_1228_1417,0.76121
2026_1304_1417,0.62373
2026_1314_1417,0.47833
2026_1388_1417,0.52708
2026_1155_1417,0.43965
2026_1234_1417,0.5466
2026_1401_1417,0.44574
2026_1270_1417,0.26798
2026_1407_1417,0.10487
2026_1335_1417,0.09722
2026_1225_1417,0.10668
2026_1250_1417,0.02087
2026_1341_1417,0.02101
2026_1276_1417,0.835
2026_1235_1417,0.76176
2026_1104_1417,0.60751
2026_1403_1417,0.60071
2026_1397_1417,0.62781
2026_1246_1417,0.50632
2026_1208_1417,0.48835
2026_1387_1417,0.42481
2026_1365_1417,0.43963
2026_1275_1417,0.17997
2026_1374_1417,0.44234
2026_1103_1417,0.27012
2026_1220_1417,0.21589
2026_1398_1417,0.06561
2026_1224_1417,0.05924
2026_1112_1417,0.82984
2026_1345_1417,0.72746
2026_1211_1417,0.64706
2026_1116_1417,0.59588
2026_1140_1417,0.5583
2026_1274_1417,0.47581
2026_1281_1417,0.36284
2026_1301_1417,0.47386
2026_1400_1417,0.46647
2026_1219_1417,0.19094
2026_1218_1417,0.16216
2026_1244_1417,0.09131
2026_1254_1417,0.05309
2026_1181_1326,0.8334
2026_1163_1326,0.63369
2026_1277_1326,0.6464
2026_1242_1326,0.54923
2026_1257_1326,0.58864
2026_1320_1326,0.25501
2026_1295_1326,0.13429
2026_1202_1326,0.06281
2026_1196_1326,0.76179
2026_1222_1326,0.75808
2026_1228_1326,0.74778
2026_1304_1326,0.6058
2026_1314_1326,0.45944
2026_1155_1326,0.41916
2026_1234_1326,0.52862
2026_1270_1326,0.25396
2026_1225_1326,0.09948
2026_1250_1326,0.01864
2026_1276_1326,0.82287
2026_1235_1326,0.74363
2026_1104_1326,0.58692
2026_1246_1326,0.49
2026_1208_1326,0.46931
2026_1275_1326,0.16958
2026_1103_1326,0.25418
2026_1220_1326,0.2033
2026_1224_1326,0.05542
2026_1112_1326,0.81818
2026_1211_1326,0.62691
2026_1116_1326,0.57817
2026_1140_1326,0.53912
2026_1274_1326,0.45543
2026_1281_1326,0.34254
2026_1301_1326,0.45401
2026_1219_1326,0.17645
2026_1218_1326,0.14873
2026_1244_1326,0.0822
2026_1254_1326,0.04704
2026_1181_1395,0.90218
2026_1163_1395,0.74734
2026_1277_1395,0.7597
2026_1242_1395,0.67468
2026_1385_1395,0.68392
2026_1257_1395,0.71069
2026_1326_1395,0.62517
2026_1378_1395,0.46277
2026_1320_1395,0.3662
2026_1295_1395,0.2162
2026_1202_1395,0.11471
2026_1373_1395,0.10475
2026_1196_1395,0.84913
2026_1222_1395,0.84597
2026_1228_1395,0.8377
2026_1304_1395,0.72419
2026_1314_1395,0.58691
2026_1388_1395,0.63202
2026_1155_1395,0.5443
2026_1234_1395,0.65321
2026_1270_1395,0.36613
2026_1335_1395,0.15035
2026_1225_1395,0.16621
2026_1250_1395,0.03762
2026_1341_1395,0.04021
2026_1276_1395,0.89493
2026_1235_1395,0.837
2026_1104_1395,0.70642
2026_1246_1395,0.61365
2026_1208_1395,0.59343
2026_1387_1395,0.53071
2026_1365_1395,0.54848
2026_1275_1395,0.26512
2026_1374_1395,0.55474
2026_1103_1395,0.36746
2026_1220_1395,0.30581
2026_1224_1395,0.1002
2026_1112_1395,0.89069
2026_1345_1395,0.80815
2026_1211_1395,0.73902
2026_1116_1395,0.6971
2026_1140_1395,0.66464
2026_1274_1395,0.58315
2026_1281_1395,0.46539
2026_1301_1395,0.58684
2026_1219_1395,0.27064
2026_1218_1395,0.23602
2026_1244_1395,0.1448
2026_1254_1395,0.08874
2026_1181_1416,0.91939
2026_1163_1416,0.77925
2026_1277_1416,0.78811
2026_1242_1416,0.71188
2026_1385_1416,0.71803
2026_1257_1416,0.74387
2026_1326_1416,0.66436
2026_1395_1416,0.53917
2026_1378_1416,0.5039
2026_1320_1416,0.40954
2026_1295_1416,0.24814
2026_1202_1416,0.13613
2026_1373_1416,0.12343
2026_1196_1416,0.87134
2026_1222_1416,0.86722
2026_1228_1416,0.86219
2026_1304_1416,0.75738
2026_1314_1416,0.62724
2026_1388_1416,0.67022
2026_1155_1416,0.58816
2026_1234_1416,0.691
2026_1401_1416,0.5956
2026_1270_1416,0.40405
2026_1407_1416,0.18946
2026_1335_1416,0.17803
2026_1225_1416,0.19556
2026_1250_1416,0.04795
2026_1341_1416,0.05043
2026_1276_1416,0.91195
2026_1235_1416,0.86196
2026_1104_1416,0.74424
2026_1403_1416,0.73624
2026_1397_1416,0.76174
2026_1246_1416,0.65328
2026_1208_1416,0.63578
2026_1387_1416,0.57178
2026_1365_1416,0.5881
2026_1275_1416,0.297
2026_1374_1416,0.59733
2026_1103_1416,0.40807
2026_1220_1416,0.34146
2026_1398_1416,0.12686
2026_1224_1416,0.11784
2026_1112_1416,0.90736
2026_1345_1416,0.83385
2026_1211_1416,0.7754
2026_1116_1416,0.73329
2026_1140_1416,0.70051
2026_1274_1416,0.62369
2026_1281_1416,0.50828
2026_1301_1416,0.62348
2026_1400_1416,0.61993
2026_1219_1416,0.30711
2026_1218_1416,0.26758
2026_1244_1416,0.16959
2026_1254_1416,0.1066
2026_1181_1378,0.91923
2026_1163_1378,0.7763
2026_1277_1378,0.78787
2026_1242_1378,0.70848
2026_1257_1378,0.74222
2026_1326_1378,0.66526
2026_1320_1378,0.40933
2026_1295_1378,0.24439
2026_1202_1378,0.13303
2026_1373_1378,0.12339
2026_1196_1378,0.86995
2026_1222_1378,0.86697
2026_1228_1378,0.86264
2026_1304_1378,0.75405
2026_1314_1378,0.62439
2026_1155_1378,0.58377
2026_1234_1378,0.69095
2026_1270_1378,0.40219
2026_1335_1378,0.17371
2026_1225_1378,0.19204
2026_1250_1378,0.04699
2026_1341_1378,0.04956
2026_1276_1378,0.91119
2026_1235_1378,0.85885
2026_1104_1378,0.73675
2026_1246_1378,0.65029
2026_1208_1378,0.63117
2026_1365_1378,0.58788
2026_1275_1378,0.29296
2026_1374_1378,0.58945
2026_1103_1378,0.4044
2026_1220_1378,0.33931
2026_1224_1378,0.11902
2026_1112_1378,0.90746
2026_1345_1378,0.83209
2026_1211_1378,0.77275
2026_1116_1378,0.7318
2026_1140_1378,0.69581
2026_1274_1378,0.61885
2026_1281_1378,0.50448
2026_1301_1378,0.61769
2026_1219_1378,0.30383
2026_1218_1378,0.26766
2026_1244_1378,0.16477
2026_1254_1378,0.10502
2026_1181_1320,0.94898
2026_1163_1320,0.83888
2026_1277_1320,0.85024
2026_1242_1320,0.78393
2026_1257_1320,0.81239
2026_1295_1320,0.32394
2026_1202_1320,0.19326
2026_1196_1320,0.91363
2026_1222_1320,0.91215
2026_1228_1320,0.9074
2026_1304_1320,0.82229
2026_1314_1320,0.71024
2026_1155_1320,0.67377
2026_1234_1320,0.76764
2026_1270_1320,0.49728
2026_1225_1320,0.26577
2026_1250_1320,0.07724
2026_1276_1320,0.94371
2026_1235_1320,0.90467
2026_1104_1320,0.81213
2026_1246_1320,0.73327
2026_1208_1320,0.71845
2026_1275_1320,0.38273
2026_1103_1320,0.49817
2026_1220_1320,0.42739
2026_1224_1320,0.1722
2026_1112_1320,0.94179
2026_1211_1320,0.83683
2026_1116_1320,0.80378
2026_1140_1320,0.77368
2026_1274_1320,0.70792
2026_1281_1320,0.60042
2026_1301_1320,0.70667
2026_1219_1320,0.3919
2026_1218_1320,0.351
2026_1244_1320,0.23366
2026_1254_1320,0.15542
2026_1181_1465,0.97931
2026_1163_1465,0.92105
2026_1277_1465,0.92635
2026_1242_1465,0.88525
2026_1385_1465,0.88981
2026_1257_1465,0.90333
2026_1417_1465,0.84739
2026_1326_1465,0.85833
2026_1395_1465,0.77051
2026_1416_1465,0.73963
2026_1378_1465,0.73997
2026_1320_1465,0.66013
2026_1295_1465,0.48504
2026_1202_1465,0.32204
2026_1373_1465,0.30624
2026_1196_1465,0.96241
2026_1222_1465,0.9607
2026_1228_1465,0.95934
2026_1304_1465,0.90996
2026_1435_1465,0.91994
2026_1314_1465,0.83169
2026_1388_1465,0.86198
2026_1155_1465,0.80707
2026_1234_1465,0.87271
2026_1401_1465,0.81098
2026_1433_1465,0.74648
2026_1270_1465,0.65312
2026_1407_1465,0.40431
2026_1335_1465,0.38465
2026_1225_1465,0.41488
2026_1250_1465,0.15568
2026_1341_1465,0.15762
2026_1276_1465,0.97642
2026_1235_1465,0.95828
2026_1438_1465,0.90396
2026_1104_1465,0.90209
2026_1403_1465,0.89832
2026_1397_1465,0.91447
2026_1246_1465,0.85124
2026_1208_1465,0.83692
2026_1387_1465,0.79598
2026_1365_1465,0.80555
2026_1275_1465,0.54359
2026_1374_1465,0.81206
2026_1103_1465,0.65858
2026_1220_1465,0.59353
2026_1460_1465,0.40568
2026_1398_1465,0.31361
2026_1224_1465,0.29685
2026_1420_1465,0.31787
2026_1112_1465,0.9747
2026_1345_1465,0.94866
2026_1211_1465,0.92011
2026_1116_1465,0.89708
2026_1458_1465,0.86632
2026_1140_1465,0.87779
2026_1274_1465,0.83188
2026_1437_1465,0.82296
2026_1429_1465,0.82471
2026_1281_1465,0.74436
2026_1301_1465,0.83209
2026_1400_1465,0.82705
2026_1219_1465,0.55395
2026_1218_1465,0.51014
2026_1244_1465,0.37546
2026_1254_1465,0.2717
2026_1181_1295,0.9818
2026_1163_1295,0.92569
2026_1277_1295,0.93095
2026_1242_1295,0.89157
2026_1257_1295,0.9084
2026_1202_1295,0.33793
2026_1196_1295,0.96612
2026_1222_1295,0.96485
2026_1228_1295,0.96102
2026_1155_1295,0.81678
2026_1234_1295,0.8824
2026_1270_1295,0.67253
2026_1225_1295,0.42876
2026_1250_1295,0.16366
2026_1276_1295,0.97896
2026_1235_1295,0.96127
2026_1104_1295,0.90815
2026_1246_1295,0.86189
2026_1208_1295,0.84862
2026_1275_1295,0.56072
2026_1103_1295,0.67076
2026_1220_1295,0.60756
2026_1224_1295,0.30985
2026_1112_1295,0.97794
2026_1211_1295,0.92405
2026_1116_1295,0.90577
2026_1140_1295,0.88637
2026_1274_1295,0.84087
2026_1281_1295,0.76004
2026_1219_1295,0.57303
2026_1218_1295,0.52697
2026_1244_1295,0.39457
2026_1254_1295,0.28696
2026_1181_1202,0.99419
2026_1163_1202,0.96957
2026_1196_1202,0.98737
2026_1155_1202,0.9065
2026_1104_1202,0.96002
2026_1103_1202,0.80798
2026_1112_1202,0.99287
2026_1116_1202,0.95761
2026_1140_1202,0.9482
2026_1181_1373,0.9948
2026_1163_1373,0.97262
2026_1277_1373,0.97451
2026_1242_1373,0.95485
2026_1257_1373,0.9647
2026_1326_1373,0.94344
2026_1320_1373,0.82378
2026_1295_1373,0.67936
2026_1202_1373,0.52361
2026_1196_1373,0.98924
2026_1222_1373,0.98868
2026_1228_1373,0.9878
2026_1304_1373,0.96891
2026_1314_1373,0.93026
2026_1155_1373,0.91628
2026_1234_1373,0.94979
2026_1270_1373,0.81919
2026_1335_1373,0.5892
2026_1225_1373,0.61673
2026_1250_1373,0.30483
2026_1341_1373,0.30989
2026_1276_1373,0.99403
2026_1235_1373,0.98752
2026_1104_1373,0.96463
2026_1246_1373,0.94086
2026_1208_1373,0.93254
2026_1365_1373,0.91594
2026_1275_1373,0.73148
2026_1103_1373,0.82134
2026_1220_1373,0.77095
2026_1224_1373,0.49195
2026_1112_1373,0.99412
2026_1345_1373,0.98355
2026_1211_1373,0.97105
2026_1116_1373,0.96124
2026_1140_1373,0.9517
2026_1274_1373,0.92966
2026_1281_1373,0.88071
2026_1301_1373,0.92987
2026_1219_1373,0.73954
2026_1218_1373,0.70375
2026_1244_1373,0.58042
2026_1254_1373,0.46311
2026_1181_1196,0.60579
2026_1163_1196,0.35725
2026_1155_1196,0.18179
2026_1104_1196,0.31524
2026_1103_1196,0.08606
2026_1112_1196,0.58114
2026_1116_1196,0.30385
2026_1140_1196,0.2717
2026_1181_1222,0.60719
2026_1163_1222,0.36055
2026_1202_1222,0.01356
2026_1196_1222,0.50539
2026_1155_1222,0.18207
2026_1104_1222,0.31732
2026_1208_1222,0.21901
2026_1103_1222,0.08691
2026_1220_1222,0.06308
2026_1112_1222,0.58392
2026_1211_1222,0.35615
2026_1116_1222,0.30842
2026_1140_1222,0.27504
2026_1219_1222,0.05175
2026_1218_1222,0.04146
2026_1181_1228,0.6226
2026_1163_1228,0.37251
2026_1202_1228,0.01411
2026_1196_1228,0.51789
2026_1222_1228,0.51233
2026_1155_1228,0.19272
2026_1225_1228,0.02528
2026_1104_1228,0.33133
2026_1208_1228,0.22711
2026_1103_1228,0.09211
2026_1220_1228,0.06534
2026_1224_1228,0.01171
2026_1112_1228,0.59546
2026_1211_1228,0.36649
2026_1116_1228,0.31756
2026_1140_1228,0.28428
2026_1219_1228,0.05511
2026_1218_1228,0.0431
2026_1181_1304,0.75403
2026_1163_1304,0.52893
2026_1277_1304,0.54322
2026_1242_1304,0.44354
2026_1257_1304,0.48226
2026_1295_1304,0.08432
2026_1202_1304,0.03616
2026_1196_1304,0.6658
2026_1222_1304,0.66624
2026_1228_1304,0.65436
2026_1155_1304,0.3148
2026_1234_1304,0.42054
2026_1270_1304,0.17261
2026_1225_1304,0.06003
2026_1250_1304,0.00923
2026_1276_1304,0.74201
2026_1235_1304,0.64743
2026_1104_1304,0.47815
2026_1246_1304,0.38312
2026_1208_1304,0.36109
2026_1275_1304,0.10916
2026_1103_1304,0.17577
2026_1220_1304,0.13519
2026_1224_1304,0.03028
2026_1112_1304,0.73814
2026_1211_1304,0.52009
2026_1116_1304,0.47023
2026_1140_1304,0.428
2026_1274_1304,0.35035
2026_1281_1304,0.25085
2026_1301_1304,0.35425
2026_1219_1304,0.11347
2026_1218_1304,0.09472
2026_1244_1304,0.05038
2026_1254_1304,0.02605
2026_1181_1435,0.73938
2026_1163_1435,0.50243
2026_1277_1435,0.51818
2026_1242_1435,0.41781
2026_1385_1435,0.4272
2026_1257_1435,0.45664
2026_1417_1435,0.35046
2026_1326_1435,0.37037
2026_1395_1435,0.25704
2026_1416_1435,0.22302
2026_1378_1435,0.22597
2026_1320_1435,0.16152
2026_1295_1435,0.07441
2026_1202_1435,0.03073
2026_1373_1435,0.02806
2026_1196_1435,0.64488
2026_1222_1435,0.64251
2026_1228_1435,0.62849
2026_1304_1435,0.47536
2026_1314_1435,0.32856
2026_1388_1435,0.37545
2026_1155_1435,0.29333
2026_1234_1435,0.39573
2026_1401_1435,0.29853
2026_1433_1435,0.23229
2026_1270_1435,0.15809
2026_1407_1435,0.05028
2026_1335_1435,0.04585
2026_1225_1435,0.054
2026_1250_1435,0.00796
2026_1341_1435,0.00858
2026_1276_1435,0.72383
2026_1235_1435,0.62695
2026_1104_1435,0.45683
2026_1403_1435,0.44961
2026_1397_1435,0.48231
2026_1246_1435,0.35863
2026_1208_1435,0.33862
2026_1387_1435,0.28299
2026_1365_1435,0.29389
2026_1275_1435,0.09802
2026_1374_1435,0.30262
2026_1103_1435,0.16076
2026_1220_1435,0.12244
2026_1398_1435,0.0297
2026_1224_1435,0.02642
2026_1420_1435,0.03042
2026_1112_1435,0.71604
2026_1345_1435,0.58476
2026_1211_1435,0.49756
2026_1116_1435,0.44305
2026_1140_1435,0.40888
2026_1274_1435,0.32811
2026_1429_1435,0.32033
2026_1281_1435,0.22948
2026_1301_1435,0.32685
2026_1400_1435,0.32182
2026_1219_1435,0.10335
2026_1218_1435,0.08373
2026_1244_1435,0.04345
2026_1254_1435,0.02261
2026_1181_1314,0.85905
2026_1163_1314,0.66967
2026_1277_1314,0.68659
2026_1242_1314,0.59031
2026_1257_1314,0.63366
2026_1295_1314,0.15938
2026_1202_1314,0.07863
2026_1196_1314,0.79316
2026_1222_1314,0.78752
2026_1228_1314,0.77801
2026_1304_1314,0.6481
2026_1155_1314,0.45941
2026_1234_1314,0.56801
2026_1270_1314,0.28467
2026_1225_1314,0.11717
2026_1250_1314,0.02342
2026_1276_1314,0.84744
2026_1235_1314,0.77472
2026_1104_1314,0.62867
2026_1246_1314,0.53073
2026_1208_1314,0.50771
2026_1275_1314,0.19619
2026_1103_1314,0.28847
2026_1220_1314,0.22948
2026_1224_1314,0.06713
2026_1112_1314,0.84335
2026_1211_1314,0.66663
2026_1116_1314,0.61412
2026_1140_1314,0.57764
2026_1274_1314,0.49615
2026_1281_1314,0.38286
2026_1301_1314,0.49519
2026_1219_1314,0.20253
2026_1218_1314,0.17576
2026_1244_1314,0.1011
2026_1254_1314,0.05892
2026_1181_1388,0.83111
2026_1163_1388,0.62713
2026_1277_1388,0.64104
2026_1242_1388,0.54443
2026_1385_1388,0.55518
2026_1257_1388,0.58473
2026_1326_1388,0.49171
2026_1378_1388,0.33118
2026_1320_1388,0.24868
2026_1295_1388,0.13103
2026_1202_1388,0.06086
2026_1373_1388,0.05526
2026_1196_1388,0.75592
2026_1222_1388,0.75235
2026_1228_1388,0.74447
2026_1304_1388,0.59963
2026_1314_1388,0.45296
2026_1155_1388,0.41207
2026_1234_1388,0.52106
2026_1270_1388,0.2456
2026_1335_1388,0.08459
2026_1225_1388,0.09613
2026_1250_1388,0.0172
2026_1341_1388,0.01791
2026_1276_1388,0.8194
2026_1235_1388,0.73938
2026_1104_1388,0.58033
2026_1246_1388,0.48398
2026_1208_1388,0.4603
2026_1387_1388,0.39946
2026_1365_1388,0.41621
2026_1275_1388,0.16403
2026_1374_1388,0.4198
2026_1103_1388,0.25003
2026_1220_1388,0.19741
2026_1224_1388,0.05297
2026_1112_1388,0.81374
2026_1345_1388,0.7015
2026_1211_1388,0.62067
2026_1116_1388,0.5704
2026_1140_1388,0.53434
2026_1274_1388,0.44967
2026_1281_1388,0.33642
2026_1301_1388,0.44787
2026_1219_1388,0.16766
2026_1218_1388,0.14532
2026_1244_1388,0.08175
2026_1254_1388,0.04515
2026_1104_1155,0.6674
2026_1103_1155,0.32262
2026_1112_1155,0.86714
2026_1116_1155,0.65629
2026_1140_1155,0.62081
2026_1181_1234,0.81829
2026_1163_1234,0.60537
2026_1202_1234,0.05491
2026_1196_1234,0.73735
2026_1222_1234,0.73473
2026_1228_1234,0.72496
2026_1155_1234,0.38804
2026_1225_1234,0.0882
2026_1104_1234,0.56072
2026_1208_1234,0.44034
2026_1103_1234,0.23091
2026_1220_1234,0.18186
2026_1224_1234,0.04651
2026_1112_1234,0.79835
2026_1211_1234,0.60134
2026_1116_1234,0.54681
2026_1140_1234,0.50824
2026_1219_1234,0.15706
2026_1218_1234,0.13085
2026_1181_1401,0.87803
2026_1163_1401,0.70222
2026_1277_1401,0.71507
2026_1242_1401,0.62743
2026_1385_1401,0.63344
2026_1257_1401,0.66167
2026_1326_1401,0.57595
2026_1395_1401,0.44926
2026_1378_1401,0.41135
2026_1320_1401,0.32144
2026_1295_1401,0.17886
2026_1202_1401,0.09108
2026_1373_1401,0.0815
2026_1196_1401,0.81775
2026_1222_1401,0.81307
2026_1228_1401,0.80401
2026_1304_1401,0.67762
2026_1314_1401,0.53526
2026_1388_1401,0.58435
2026_1155_1401,0.49587
2026_1234_1401,0.60415
2026_1270_1401,0.31876
2026_1335_1401,0.12279
2026_1225_1401,0.13713
2026_1250_1401,0.02872
2026_1341_1401,0.02965
2026_1276_1401,0.87033
2026_1235_1401,0.80164
2026_1104_1401,0.66117
2026_1397_1401,0.68271
2026_1246_1401,0.56752
2026_1208_1401,0.54335
2026_1387_1401,0.48021
2026_1365_1401,0.49521
2026_1275_1401,0.22155
2026_1374_1401,0.5003
2026_1103_1401,0.31953
2026_1220_1401,0.2597
2026_1398_1401,0.08795
2026_1224_1401,0.07911
2026_1112_1401,0.86397
2026_1345_1401,0.76947
2026_1211_1401,0.69727
2026_1116_1401,0.65266
2026_1140_1401,0.61451
2026_1274_1401,0.52948
2026_1281_1401,0.41825
2026_1301_1401,0.53436
2026_1400_1401,0.52444
2026_1219_1401,0.23096
2026_1218_1401,0.19907
2026_1244_1401,0.11568
2026_1254_1401,0.07068
2026_1181_1433,0.91498
2026_1163_1433,0.76857
2026_1277_1433,0.77949
2026_1242_1433,0.69938
2026_1385_1433,0.70903
2026_1257_1433,0.73522
2026_1417_1433,0.63344
2026_1326_1433,0.65644
2026_1395_1433,0.53086
2026_1416_1433,0.48618
2026_1378_1433,0.4885
2026_1320_1433,0.39766
2026_1295_1433,0.23917
2026_1202_1433,0.12798
2026_1373_1433,0.11916
2026_1196_1433,0.86526
2026_1222_1433,0.86214
2026_1228_1433,0.85446
2026_1304_1433,0.74892
2026_1314_1433,0.61735
2026_1388_1433,0.65915
2026_1155_1433,0.5767
2026_1234_1433,0.67921
2026_1401_1433,0.58096
2026_1270_1433,0.39089
2026_1407_1433,0.17855
2026_1335_1433,0.16933
2026_1225_1433,0.18605
2026_1250_1433,0.0447
2026_1341_1433,0.04683
2026_1276_1433,0.90691
2026_1235_1433,0.85518
2026_1104_1433,0.73166
2026_1403_1433,0.72588
2026_1397_1433,0.7496
2026_1246_1433,0.64412
2026_1208_1433,0.62146
2026_1387_1433,0.563
2026_1365_1433,0.5755
2026_1275_1433,0.28734
2026_1374_1433,0.58287
2026_1103_1433,0.39379
2026_1220_1433,0.32941
2026_1398_1433,0.12172
2026_1224_1433,0.11431
2026_1420_1433,0.12662
2026_1112_1433,0.90213
2026_1345_1433,0.82869
2026_1211_1433,0.76368
2026_1116_1433,0.72515
2026_1140_1433,0.6887
2026_1274_1433,0.61106
2026_1429_1433,0.60438
2026_1281_1433,0.49614
2026_1301_1433,0.61298
2026_1400_1433,0.60582
2026_1219_1433,0.29699
2026_1218_1433,0.25744
2026_1244_1433,0.16176
2026_1254_1433,0.10086
2026_1181_1270,0.94961
2026_1163_1270,0.84367
2026_1242_1270,0.78867
2026_1257_1270,0.81476
2026_1202_1270,0.19596
2026_1196_1270,0.91463
2026_1222_1270,0.91384
2026_1228_1270,0.90885
2026_1155_1270,0.67812
2026_1234_1270,0.77038
2026_1225_1270,0.26879
2026_1250_1270,0.07833
2026_1235_1270,0.9064
2026_1104_1270,0.81329
2026_1246_1270,0.74155
2026_1208_1270,0.72139
2026_1103_1270,0.50435
2026_1220_1270,0.43676
2026_1224_1270,0.17344
2026_1112_1270,0.94285
2026_1211_1270,0.84006
2026_1116_1270,0.8062
2026_1140_1270,0.77796
2026_1219_1270,0.39433
2026_1218_1270,0.35403
2026_1244_1270,0.23978
2026_1254_1270,0.15804
2026_1181_1407,0.98937
2026_1163_1407,0.95126
2026_1277_1407,0.954
2026_1242_1407,0.92633
2026_1385_1407,0.92848
2026_1257_1407,0.93933
2026_1326_1407,0.90699
2026_1395_1407,0.83925
2026_1378_1407,0.81592
2026_1320_1407,0.74541
2026_1295_1407,0.58326
2026_1202_1407,0.41347
2026_1373_1407,0.39582
2026_1196_1407,0.97841
2026_1222_1407,0.97769
2026_1228_1407,0.97609
2026_1304_1407,0.94329
2026_1314_1407,0.88523
2026_1388_1407,0.90961
2026_1155_1407,0.86284
2026_1234_1407,0.91566
2026_1401_1407,0.86943
2026_1270_1407,0.73947
2026_1335_1407,0.48231
2026_1225_1407,0.50922
2026_1250_1407,0.21869
2026_1341_1407,0.22535
2026_1276_1407,0.98717
2026_1235_1407,0.97598
2026_1104_1407,0.93874
2026_1403_1407,0.93642
2026_1397_1407,0.94446
2026_1246_1407,0.90011
2026_1208_1407,0.89214
2026_1387_1407,0.85823
2026_1365_1407,0.86562
2026_1275_1407,0.64081
2026_1374_1407,0.86909
2026_1103_1407,0.74411
2026_1220_1407,0.68494
2026_1398_1407,0.40399
2026_1224_1407,0.38503
2026_1112_1407,0.98707
2026_1345_1407,0.96892
2026_1211_1407,0.94873
2026_1116_1407,0.93386
2026_1140_1407,0.92249
2026_1274_1407,0.88575
2026_1281_1407,0.81718
2026_1301_1407,0.88472
2026_1400_1407,0.88189
2026_1219_1407,0.64938
2026_1218_1407,0.60478
2026_1244_1407,0.47261
2026_1254_1407,0.36083
2026_1181_1335,0.98992
2026_1163_1335,0.95501
2026_1277_1335,0.95758
2026_1242_1335,0.93212
2026_1257_1335,0.94329
2026_1326_1335,0.91297
2026_1320_1335,0.75834
2026_1295_1335,0.59768
2026_1202_1335,0.4297
2026_1196_1335,0.98037
2026_1222_1335,0.97967
2026_1228_1335,0.97795
2026_1304_1335,0.94826
2026_1314_1335,0.89445
2026_1155_1335,0.87384
2026_1234_1335,0.92425
2026_1270_1335,0.75667
2026_1225_1335,0.52337
2026_1250_1335,0.23353
2026_1276_1335,0.98894
2026_1235_1335,0.9772
2026_1104_1335,0.94401
2026_1246_1335,0.90805
2026_1208_1335,0.89788
2026_1275_1335,0.65306
2026_1103_1335,0.75326
2026_1220_1335,0.69962
2026_1224_1335,0.40054
2026_1112_1335,0.98827
2026_1211_1335,0.95429
2026_1116_1335,0.93926
2026_1140_1335,0.92648
2026_1274_1335,0.89278
2026_1281_1335,0.82979
2026_1301_1335,0.89203
2026_1219_1335,0.66458
2026_1218_1335,0.61707
2026_1244_1335,0.49123
2026_1254_1335,0.37384
2026_1181_1225,0.98799
2026_1163_1225,0.94798
2026_1202_1225,0.40495
2026_1196_1225,0.97622
2026_1222_1225,0.97607
2026_1155_1225,0.85954
2026_1104_1225,0.93385
2026_1208_1225,0.88621
2026_1103_1225,0.73219
2026_1220_1225,0.67561
2026_1224_1225,0.3743
2026_1112_1225,0.98575
2026_1211_1225,0.94584
2026_1116_1225,0.93057
2026_1140_1225,0.91705
2026_1219_1225,0.64022
2026_1218_1225,0.59492
2026_1181_1250,0.99902
2026_1163_1250,0.99208
2026_1242_1250,0.98666
2026_1202_1250,0.71337
2026_1196_1250,0.99722
2026_1222_1250,0.99725
2026_1228_1250,0.99698
2026_1155_1250,0.9701
2026_1234_1250,0.98427
2026_1225_1250,0.78943
2026_1235_1250,0.99696
2026_1104_1250,0.98946
2026_1246_1250,0.98139
2026_1208_1250,0.97756
2026_1103_1250,0.92218
2026_1220_1250,0.89599
2026_1224_1250,0.68719
2026_1112_1250,0.99852
2026_1211_1250,0.99236
2026_1116_1250,0.989
2026_1140_1250,0.9855
2026_1219_1250,0.87647
2026_1218_1250,0.85213
2026_1244_1250,0.76008
2026_1181_1341,0.99886
2026_1163_1341,0.99183
2026_1277_1341,0.99251
2026_1242_1341,0.98688
2026_1257_1341,0.98906
2026_1326_1341,0.98105
2026_1320_1341,0.92312
2026_1295_1341,0.83371
2026_1202_1341,0.70785
2026_1196_1341,0.99703
2026_1222_1341,0.99702
2026_1228_1341,0.99695
2026_1304_1341,0.99106
2026_1314_1341,0.9748
2026_1155_1341,0.9694
2026_1234_1341,0.98405
2026_1270_1341,0.91955
2026_1335_1341,0.76304
2026_1225_1341,0.78198
2026_1250_1341,0.49339
2026_1276_1341,0.99828
2026_1235_1341,0.99668
2026_1104_1341,0.98912
2026_1246_1341,0.97875
2026_1208_1341,0.97674
2026_1275_1341,0.86722
2026_1103_1341,0.92165
2026_1220_1341,0.89235
2026_1224_1341,0.67839
2026_1112_1341,0.99861
2026_1211_1341,0.99199
2026_1116_1341,0.98835
2026_1140_1341,0.98477
2026_1274_1341,0.97501
2026_1281_1341,0.95154
2026_1301_1341,0.97424
2026_1219_1341,0.87338
2026_1218_1341,0.84621
2026_1244_1341,0.75566
2026_1254_1341,0.65746
2026_1181_1276,0.51992
2026_1163_1276,0.27799
2026_1242_1276,0.21319
2026_1257_1276,0.24229
2026_1202_1276,0.00662
2026_1196_1276,0.41262
2026_1222_1276,0.41007
2026_1228_1276,0.39717
2026_1155_1276,0.12864
2026_1234_1276,0.19851
2026_1270_1276,0.05612
2026_1225_1276,0.01284
2026_1250_1276,0.00125
2026_1235_1276,0.39571
2026_1104_1276,0.24432
2026_1246_1276,0.16965
2026_1208_1276,0.1566
2026_1275_1276,0.03117
2026_1103_1276,0.05593
2026_1220_1276,0.03917
2026_1224_1276,0.00613
2026_1112_1276,0.49547
2026_1211_1276,0.27315
2026_1116_1276,0.23279
2026_1140_1276,0.20398
2026_1274_1276,0.14714
2026_1219_1276,0.03188
2026_1218_1276,0.02464
2026_1244_1276,0.00986
2026_1254_1276,0.00476
2026_1181_1235,0.62593
2026_1163_1235,0.37465
2026_1202_1235,0.0145
2026_1196_1235,0.52076
2026_1222_1235,0.51271
2026_1228_1235,0.50287
2026_1155_1235,0.19329
2026_1234_1235,0.28015
2026_1225_1235,0.02597
2026_1104_1235,0.33223
2026_1208_1235,0.23085
2026_1103_1235,0.09463
2026_1220_1235,0.06614
2026_1224_1235,0.01243
2026_1112_1235,0.60091
2026_1211_1235,0.36855
2026_1116_1235,0.32493
2026_1140_1235,0.28678
2026_1219_1235,0.05594
2026_1218_1235,0.04463
2026_1181_1438,0.76825
2026_1163_1438,0.54455
2026_1277_1438,0.56029
2026_1242_1438,0.45949
2026_1385_1438,0.47084
2026_1257_1438,0.50372
2026_1417_1438,0.39191
2026_1326_1438,0.4151
2026_1395_1438,0.29123
2026_1416_1438,0.25681
2026_1378_1438,0.25862
2026_1320_1438,0.18669
2026_1295_1438,0.08944
2026_1202_1438,0.04049
2026_1373_1438,0.03457
2026_1196_1438,0.68652
2026_1222_1438,0.68208
2026_1228_1438,0.67002
2026_1304_1438,0.51834
2026_1435_1438,0.54226
2026_1314_1438,0.37084
2026_1388_1438,0.41719
2026_1155_1438,0.33358
2026_1234_1438,0.44046
2026_1401_1438,0.33702
2026_1433_1438,0.26564
2026_1270_1438,0.1845
2026_1407_1438,0.06201
2026_1335_1438,0.05706
2026_1225_1438,0.06452
2026_1250_1438,0.01071
2026_1341_1438,0.01063
2026_1276_1438,0.75727
2026_1235_1438,0.66789
2026_1104_1438,0.50005
2026_1403_1438,0.49293
2026_1397_1438,0.52252
2026_1246_1438,0.40168
2026_1208_1438,0.37822
2026_1387_1438,0.31815
2026_1365_1438,0.33414
2026_1275_1438,0.11998
2026_1374_1438,0.33776
2026_1103_1438,0.18695
2026_1220_1438,0.14413
2026_1398_1438,0.03742
2026_1224_1438,0.03413
2026_1420_1438,0.03788
2026_1112_1438,0.75238
2026_1345_1438,0.62471
2026_1211_1438,0.53807
2026_1116_1438,0.48663
2026_1140_1438,0.44959
2026_1274_1438,0.36477
2026_1437_1438,0.35662
2026_1429_1438,0.3573
2026_1281_1438,0.26465
2026_1301_1438,0.36731
2026_1400_1438,0.36079
2026_1219_1438,0.12425
2026_1218_1438,0.10237
2026_1244_1438,0.0536
2026_1254_1438,0.02921
2026_1103_1104,0.18708
2026_1181_1403,0.77903
2026_1163_1403,0.55288
2026_1277_1403,0.56919
2026_1242_1403,0.46916
2026_1385_1403,0.47691
2026_1257_1403,0.50828
2026_1326_1403,0.41913
2026_1395_1403,0.30011
2026_1378_1403,0.26639
2026_1320_1403,0.19405
2026_1295_1403,0.0938
2026_1202_1403,0.03998
2026_1373_1403,0.03652
2026_1196_1403,0.69341
2026_1222_1403,0.68923
2026_1228_1403,0.6776
2026_1304_1403,0.52681
2026_1314_1403,0.37963
2026_1388_1403,0.42698
2026_1155_1403,0.34185
2026_1234_1403,0.44899
2026_1401_1403,0.34641
2026_1270_1403,0.191
2026_1335_1403,0.05952
2026_1225_1403,0.06889
2026_1250_1403,0.01049
2026_1341_1403,0.01105
2026_1276_1403,0.76661
2026_1235_1403,0.67404
2026_1104_1403,0.50845
2026_1397_1403,0.52992
2026_1246_1403,0.40652
2026_1208_1403,0.38792
2026_1387_1403,0.32599
2026_1365_1403,0.34041
2026_1275_1403,0.12231
2026_1374_1403,0.34396
2026_1103_1403,0.18955
2026_1220_1403,0.14932
2026_1398_1403,0.03918
2026_1224_1403,0.03514
2026_1112_1403,0.75988
2026_1345_1403,0.6362
2026_1211_1403,0.5475
2026_1116_1403,0.49391
2026_1140_1403,0.45678
2026_1274_1403,0.37584
2026_1281_1403,0.27066
2026_1301_1403,0.37482
2026_1400_1403,0.36959
2026_1219_1403,0.12718
2026_1218_1403,0.10371
2026_1244_1403,0.05637
2026_1254_1403,0.0299
2026_1181_1397,0.75466
2026_1163_1397,0.52436
2026_1277_1397,0.53842
2026_1242_1397,0.44116
2026_1385_1397,0.44852
2026_1257_1397,0.47816
2026_1326_1397,0.39024
2026_1395_1397,0.27353
2026_1378_1397,0.24253
2026_1320_1397,0.17541
2026_1295_1397,0.08148
2026_1202_1397,0.03576
2026_1373_1397,0.03195
2026_1196_1397,0.66602
2026_1222_1397,0.66101
2026_1228_1397,0.6505
2026_1304_1397,0.49446
2026_1314_1397,0.34939
2026_1388_1397,0.39576
2026_1155_1397,0.31123
2026_1234_1397,0.41618
2026_1270_1397,0.1712
2026_1335_1397,0.0511
2026_1225_1397,0.05747
2026_1250_1397,0.0085
2026_1341_1397,0.00974
2026_1276_1397,0.7388
2026_1235_1397,0.64566
2026_1104_1397,0.47718
2026_1246_1397,0.37756
2026_1208_1397,0.35978
2026_1387_1397,0.30153
2026_1365_1397,0.31413
2026_1275_1397,0.10809
2026_1374_1397,0.31794
2026_1103_1397,0.173
2026_1220_1397,0.13101
2026_1224_1397,0.029
2026_1112_1397,0.734
2026_1345_1397,0.60559
2026_1211_1397,0.51995
2026_1116_1397,0.46543
2026_1140_1397,0.4261
2026_1274_1397,0.34753
2026_1281_1397,0.24729
2026_1301_1397,0.34564
2026_1219_1397,0.1125
2026_1218_1397,0.09394
2026_1244_1397,0.04795
2026_1254_1397,0.02516
2026_1181_1246,0.84009
2026_1163_1246,0.64356
2026_1242_1246,0.56338
2026_1202_1246,0.06656
2026_1196_1246,0.7724
2026_1222_1246,0.76569
2026_1228_1246,0.75814
2026_1155_1246,0.42965
2026_1234_1246,0.54056
2026_1225_1246,0.10261
2026_1235_1246,0.75304
2026_1104_1246,0.59691
2026_1208_1246,0.47946
2026_1103_1246,0.26451
2026_1220_1246,0.20831
2026_1224_1246,0.05819
2026_1112_1246,0.82603
2026_1211_1246,0.6363
2026_1116_1246,0.58653
2026_1140_1246,0.54927
2026_1219_1246,0.18308
2026_1218_1246,0.15343
2026_1244_1246,0.08813
2026_1181_1208,0.85359
2026_1163_1208,0.66403
2026_1202_1208,0.07267
2026_1196_1208,0.78636
2026_1155_1208,0.44794
2026_1104_1208,0.62021
2026_1103_1208,0.2808
2026_1112_1208,0.83595
2026_1116_1208,0.60886
2026_1140_1208,0.56837
2026_1181_1387,0.88973
2026_1163_1387,0.72014
2026_1277_1387,0.73358
2026_1242_1387,0.64436
2026_1385_1387,0.65324
2026_1257_1387,0.68167
2026_1326_1387,0.59678
2026_1378_1387,0.42963
2026_1320_1387,0.33618
2026_1295_1387,0.19139
2026_1202_1387,0.09956
2026_1373_1387,0.08978
2026_1196_1387,0.82709
2026_1222_1387,0.82624
2026_1228_1387,0.81706
2026_1304_1387,0.69701
2026_1314_1387,0.55832
2026_1155_1387,0.5151
2026_1234_1387,0.62384
2026_1270_1387,0.33205
2026_1335_1387,0.13241
2026_1225_1387,0.14856
2026_1250_1387,0.03227
2026_1341_1387,0.0334
2026_1276_1387,0.8779
2026_1235_1387,0.81611
2026_1104_1387,0.67903
2026_1246_1387,0.58464
2026_1208_1387,0.5638
2026_1365_1387,0.51264
2026_1275_1387,0.23896
2026_1374_1387,0.52361
2026_1103_1387,0.33921
2026_1220_1387,0.27552
2026_1224_1387,0.08683
2026_1112_1387,0.87671
2026_1345_1387,0.78696
2026_1211_1387,0.71516
2026_1116_1387,0.66925
2026_1140_1387,0.63375
2026_1274_1387,0.55046
2026_1281_1387,0.43646
2026_1301_1387,0.55346
2026_1219_1387,0.24705
2026_1218_1387,0.21124
2026_1244_1387,0.12989
2026_1254_1387,0.07587
2026_1181_1365,0.8784
2026_1163_1365,0.70483
2026_1277_1365,0.72045
2026_1242_1365,0.62905
2026_1257_1365,0.66875
2026_1326_1365,0.5787
2026_1320_1365,0.3247
2026_1295_1365,0.18196
2026_1202_1365,0.09186
2026_1196_1365,0.817
2026_1222_1365,0.81519
2026_1228_1365,0.80731
2026_1304_1365,0.68267
2026_1314_1365,0.54006
2026_1155_1365,0.50022
2026_1234_1365,0.607
2026_1270_1365,0.31951
2026_1335_1365,0.12387
2026_1225_1365,0.13933
2026_1250_1365,0.02875
2026_1341_1365,0.03076
2026_1276_1365,0.86795
2026_1235_1365,0.80515
2026_1104_1365,0.66611
2026_1246_1365,0.57069
2026_1208_1365,0.54728
2026_1275_1365,0.22622
2026_1103_1365,0.32368
2026_1220_1365,0.26422
2026_1224_1365,0.08016
2026_1112_1365,0.86754
2026_1345_1365,0.77387
2026_1211_1365,0.7013
2026_1116_1365,0.65441
2026_1140_1365,0.61995
2026_1274_1365,0.53417
2026_1281_1365,0.41788
2026_1301_1365,0.53451
2026_1219_1365,0.23462
2026_1218_1365,0.20287
2026_1244_1365,0.12018
2026_1254_1365,0.07002
2026_1181_1275,0.97326
2026_1163_1275,0.90319
2026_1242_1275,0.86006
2026_1257_1275,0.88307
2026_1202_1275,0.28289
2026_1196_1275,0.95173
2026_1222_1275,0.95117
2026_1228_1275,0.94721
2026_1155_1275,0.77188
2026_1234_1275,0.84801
2026_1270_1275,0.61703
2026_1225_1275,0.37121
2026_1250_1275,0.12844
2026_1235_1275,0.94763
2026_1104_1275,0.88123
2026_1246_1275,0.8235
2026_1208_1275,0.80993
2026_1103_1275,0.61707
2026_1220_1275,0.54831
2026_1224_1275,0.25977
2026_1112_1275,0.96969
2026_1211_1275,0.89966
2026_1116_1275,0.8737
2026_1140_1275,0.8545
2026_1274_1275,0.79969
2026_1219_1275,0.51371
2026_1218_1275,0.46828
2026_1244_1275,0.33415
2026_1254_1275,0.23935
2026_1181_1374,0.87728
2026_1163_1374,0.70258
2026_1277_1374,0.7159
2026_1242_1374,0.62346
2026_1257_1374,0.66222
2026_1326_1374,0.57598
2026_1320_1374,0.3206
2026_1295_1374,0.17885
2026_1202_1374,0.08956
2026_1373_1374,0.08197
2026_1196_1374,0.81822
2026_1222_1374,0.81178
2026_1228_1374,0.80482
2026_1304_1374,0.6772
2026_1314_1374,0.53539
2026_1155_1374,0.49211
2026_1234_1374,0.60469
2026_1270_1374,0.31644
2026_1335_1374,0.12294
2026_1225_1374,0.13486
2026_1250_1374,0.02953
2026_1341_1374,0.02952
2026_1276_1374,0.86642
2026_1235_1374,0.79919
2026_1104_1374,0.6634
2026_1246_1374,0.56615
2026_1208_1374,0.5411
2026_1365_1374,0.49577
2026_1275_1374,0.22264
2026_1103_1374,0.3204
2026_1220_1374,0.25873
2026_1224_1374,0.0776
2026_1112_1374,0.86457
2026_1345_1374,0.76958
2026_1211_1374,0.69645
2026_1116_1374,0.64868
2026_1140_1374,0.61395
2026_1274_1374,0.52961
2026_1281_1374,0.41616
2026_1301_1374,0.52833
2026_1219_1374,0.22944
2026_1218_1374,0.19532
2026_1244_1374,0.1174
2026_1254_1374,0.06831
2026_1181_1220,0.96348
2026_1163_1220,0.87896
2026_1202_1220,0.24352
2026_1196_1220,0.93754
2026_1155_1220,0.73385
2026_1104_1220,0.85627
2026_1208_1220,0.77397
2026_1103_1220,0.57007
2026_1112_1220,0.96031
2026_1211_1220,0.8767
2026_1116_1220,0.84886
2026_1140_1220,0.82475
2026_1219_1220,0.46387
2026_1218_1220,0.41723
2026_1181_1460,0.98857
2026_1163_1460,0.94876
2026_1277_1460,0.95296
2026_1242_1460,0.92372
2026_1385_1460,0.92852
2026_1257_1460,0.93729
2026_1417_1460,0.89344
2026_1326_1460,0.90452
2026_1395_1460,0.83558
2026_1416_1460,0.80893
2026_1378_1460,0.80937
2026_1320_1460,0.74121
2026_1295_1460,0.57653
2026_1202_1460,0.40974
2026_1373_1460,0.39023
2026_1196_1460,0.97786
2026_1222_1460,0.97702
2026_1228_1460,0.97489
2026_1304_1460,0.94249
2026_1435_1460,0.95007
2026_1314_1460,0.88683
2026_1388_1460,0.90492
2026_1155_1460,0.86216
2026_1234_1460,0.91539
2026_1401_1460,0.86671
2026_1433_1460,0.81871
2026_1270_1460,0.73812
2026_1407_1460,0.49739
2026_1335_1460,0.48155
2026_1225_1460,0.50446
2026_1250_1460,0.21609
2026_1341_1460,0.21908
2026_1276_1460,0.98678
2026_1235_1460,0.97514
2026_1438_1460,0.93773
2026_1104_1460,0.93716
2026_1403_1460,0.93525
2026_1397_1460,0.94415
2026_1246_1460,0.89959
2026_1208_1460,0.88954
2026_1387_1460,0.85621
2026_1365_1460,0.86492
2026_1275_1460,0.63526
2026_1374_1460,0.86805
2026_1103_1460,0.73984
2026_1220_1460,0.68064
2026_1398_1460,0.39857
2026_1224_1460,0.38135
2026_1420_1460,0.40379
2026_1112_1460,0.98631
2026_1345_1460,0.96816
2026_1211_1460,0.94871
2026_1116_1460,0.9324
2026_1458_1460,0.9115
2026_1140_1460,0.91844
2026_1274_1460,0.88264
2026_1437_1460,0.87815
2026_1429_1460,0.8782
2026_1281_1460,0.8166
2026_1301_1460,0.8816
2026_1400_1460,0.87861
2026_1219_1460,0.64892
2026_1218_1460,0.60145
2026_1244_1460,0.47082
2026_1254_1460,0.356
2026_1181_1398,0.9941
2026_1163_1398,0.97133
2026_1277_1398,0.97428
2026_1242_1398,0.95472
2026_1385_1398,0.95629
2026_1257_1398,0.96303
2026_1326_1398,0.94102
2026_1395_1398,0.89352
2026_1378_1398,0.87405
2026_1320_1398,0.81665
2026_1295_1398,0.67177
2026_1202_1398,0.51427
2026_1373_1398,0.49162
2026_1196_1398,0.98885
2026_1222_1398,0.98724
2026_1228_1398,0.98721
2026_1304_1398,0.96775
2026_1314_1398,0.92932
2026_1388_1398,0.94259
2026_1155_1398,0.91138
2026_1234_1398,0.94811
2026_1270_1398,0.81643
2026_1335_1398,0.58361
2026_1225_1398,0.60586
2026_1250_1398,0.29867
2026_1341_1398,0.30443
2026_1276_1398,0.9936
2026_1235_1398,0.98664
2026_1104_1398,0.96303
2026_1397_1398,0.9671
2026_1246_1398,0.93601
2026_1208_1398,0.93002
2026_1387_1398,0.90551
2026_1365_1398,0.91285
2026_1275_1398,0.72627
2026_1374_1398,0.91595
2026_1103_1398,0.81495
2026_1220_1398,0.76532
2026_1224_1398,0.47988
2026_1112_1398,0.99315
2026_1345_1398,0.98315
2026_1211_1398,0.97083
2026_1116_1398,0.96068
2026_1140_1398,0.95117
2026_1274_1398,0.92691
2026_1281_1398,0.87691
2026_1301_1398,0.92638
2026_1219_1398,0.73408
2026_1218_1398,0.69758
2026_1244_1398,0.56835
2026_1254_1398,0.45587
2026_1181_1224,0.99506
2026_1163_1224,0.97449
2026_1202_1224,0.52828
2026_1196_1224,0.98881
2026_1222_1224,0.98892
2026_1155_1224,0.92037
2026_1104_1224,0.96614
2026_1208_1224,0.93609
2026_1103_1224,0.82673
2026_1220_1224,0.77829
2026_1112_1224,0.99387
2026_1211_1224,0.97217
2026_1116_1224,0.96414
2026_1140_1224,0.95579
2026_1219_1224,0.75234
2026_1218_1224,0.71071
2026_1181_1420,0.99396
2026_1163_1420,0.97059
2026_1277_1420,0.97153
2026_1242_1420,0.95272
2026_1385_1420,0.95461
2026_1257_1420,0.96184
2026_1417_1420,0.93431
2026_1326_1420,0.93874
2026_1395_1420,0.88696
2026_1416_1420,0.86671
2026_1378_1420,0.87006
2026_1320_1420,0.81134
2026_1295_1420,0.6672
2026_1202_1420,0.50697
2026_1373_1420,0.48646
2026_1196_1420,0.98806
2026_1222_1420,0.98755
2026_1228_1420,0.98647
2026_1304_1420,0.96581
2026_1314_1420,0.92465
2026_1388_1420,0.94026
2026_1155_1420,0.90997
2026_1234_1420,0.94708
2026_1401_1420,0.91247
2026_1270_1420,0.80859
2026_1407_1420,0.59116
2026_1335_1420,0.57526
2026_1225_1420,0.60046
2026_1250_1420,0.29334
2026_1341_1420,0.29805
2026_1276_1420,0.99315
2026_1235_1420,0.98647
2026_1104_1420,0.96136
2026_1403_1420,0.96023
2026_1397_1420,0.96544
2026_1246_1420,0.93525
2026_1208_1420,0.92863
2026_1387_1420,0.90394
2026_1365_1420,0.90893
2026_1275_1420,0.72356
2026_1374_1420,0.91238
2026_1103_1420,0.80974
2026_1220_1420,0.76051
2026_1398_1420,0.49498
2026_1224_1420,0.47511
2026_1112_1420,0.99281
2026_1345_1420,0.98139
2026_1211_1420,0.96937
2026_1116_1420,0.95859
2026_1140_1420,0.95005
2026_1274_1420,0.92418
2026_1281_1420,0.87222
2026_1301_1420,0.9227
2026_1400_1420,0.92085
2026_1219_1420,0.72832
2026_1218_1420,0.69106
2026_1244_1420,0.56428
2026_1254_1420,0.4478
2026_1104_1112,0.24884
2026_1103_1112,0.05988
2026_1181_1345,0.66238
2026_1163_1345,0.41794
2026_1277_1345,0.43048
2026_1242_1345,0.33609
2026_1257_1345,0.37436
2026_1326_1345,0.28995
2026_1320_1345,0.11275
2026_1295_1345,0.04871
2026_1202_1345,0.0195
2026_1196_1345,0.56719
2026_1222_1345,0.55828
2026_1228_1345,0.54736
2026_1304_1345,0.38991
2026_1314_1345,0.25828
2026_1155_1345,0.22192
2026_1234_1345,0.31416
2026_1270_1345,0.11155
2026_1335_1345,0.02817
2026_1225_1345,0.03356
2026_1250_1345,0.00409
2026_1341_1345,0.00424
2026_1276_1345,0.64755
2026_1235_1345,0.54195
2026_1104_1345,0.37185
2026_1246_1345,0.28364
2026_1208_1345,0.26518
2026_1275_1345,0.06627
2026_1103_1345,0.1142
2026_1220_1345,0.0817
2026_1224_1345,0.0151
2026_1112_1345,0.64092
2026_1211_1345,0.41348
2026_1116_1345,0.36251
2026_1140_1345,0.32803
2026_1274_1345,0.25519
2026_1281_1345,0.16939
2026_1301_1345,0.25319
2026_1219_1345,0.06845
2026_1218_1345,0.05536
2026_1244_1345,0.02644
2026_1254_1345,0.01341
2026_1181_1211,0.74248
2026_1163_1211,0.50654
2026_1202_1211,0.03272
2026_1196_1211,0.64852
2026_1155_1211,0.29774
2026_1104_1211,0.46211
2026_1208_1211,0.34464
2026_1103_1211,0.16252
2026_1112_1211,0.71807
2026_1116_1211,0.44833
2026_1140_1211,0.41013
2026_1104_1116,0.51152
2026_1103_1116,0.19443
2026_1112_1116,0.75996
2026_1181_1458,0.82355
2026_1163_1458,0.61759
2026_1277_1458,0.6319
2026_1242_1458,0.53415
2026_1385_1458,0.54313
2026_1257_1458,0.57296
2026_1417_1458,0.46291
2026_1326_1458,0.48232
2026_1395_1458,0.35642
2026_1416_1458,0.31925
2026_1378_1458,0.32469
2026_1320_1458,0.24047
2026_1295_1458,0.12619
2026_1202_1458,0.05932
2026_1373_1458,0.05225
2026_1196_1458,0.74774
2026_1222_1458,0.74308
2026_1228_1458,0.73117
2026_1304_1458,0.58878
2026_1435_1458,0.61403
2026_1314_1458,0.44249
2026_1388_1458,0.49033
2026_1155_1458,0.4012
2026_1234_1458,0.50961
2026_1401_1458,0.40993
2026_1433_1458,0.33109
2026_1270_1458,0.2403
2026_1407_1458,0.08746
2026_1335_1458,0.0811
2026_1225_1458,0.09148
2026_1250_1458,0.01645
2026_1341_1458,0.01688
2026_1276_1458,0.81138
2026_1235_1458,0.72897
2026_1438_1458,0.57488
2026_1104_1458,0.5718
2026_1403_1458,0.56457
2026_1397_1458,0.59654
2026_1246_1458,0.47154
2026_1208_1458,0.44847
2026_1387_1458,0.38613
2026_1365_1458,0.40176
2026_1275_1458,0.15661
2026_1374_1458,0.40568
2026_1103_1458,0.24348
2026_1220_1458,0.19214
2026_1398_1458,0.05465
2026_1224_1458,0.04965
2026_1420_1458,0.05586
2026_1112_1458,0.80596
2026_1345_1458,0.69464
2026_1211_1458,0.61162
2026_1116_1458,0.55934
2026_1140_1458,0.52218
2026_1274_1458,0.43913
2026_1437_1458,0.42825
2026_1429_1458,0.43044
2026_1281_1458,0.32514
2026_1301_1458,0.43798
2026_1400_1458,0.43193
2026_1219_1458,0.16528
2026_1218_1458,0.13751
2026_1244_1458,0.07794
2026_1254_1458,0.04295
2026_1104_1140,0.55148
2026_1103_1140,0.22315
2026_1112_1140,0.79126
2026_1116_1140,0.54035
2026_1181_1274,0.85857
2026_1163_1274,0.67234
2026_1242_1274,0.59448
2026_1257_1274,0.63627
2026_1202_1274,0.07745
2026_1196_1274,0.79249
2026_1222_1274,0.79055
2026_1228_1274,0.77972
2026_1155_1274,0.46248
2026_1234_1274,0.57207
2026_1270_1274,0.28661
2026_1225_1274,0.11913
2026_1250_1274,0.02334
2026_1235_1274,0.78126
2026_1104_1274,0.63458
2026_1246_1274,0.53158
2026_1208_1274,0.51232
2026_1103_1274,0.28997
2026_1220_1274,0.23684
2026_1224_1274,0.06756
2026_1112_1274,0.84442
2026_1211_1274,0.66817
2026_1116_1274,0.61673
2026_1140_1274,0.58313
2026_1219_1274,0.20641
2026_1218_1274,0.17462
2026_1244_1274,0.10234
2026_1254_1274,0.05977
2026_1181_1437,0.86574
2026_1163_1437,0.68561
2026_1277_1437,0.69506
2026_1242_1437,0.6083
2026_1385_1437,0.61456
2026_1257_1437,0.64567
2026_1417_1437,0.53421
2026_1326_1437,0.55676
2026_1395_1437,0.43024
2026_1416_1437,0.38744
2026_1378_1437,0.38929
2026_1320_1437,0.30138
2026_1295_1437,0.16688
2026_1202_1437,0.08265
2026_1373_1437,0.07459
2026_1196_1437,0.79982
2026_1222_1437,0.79972
2026_1228_1437,0.79177
2026_1304_1437,0.66144
2026_1435_1437,0.67954
2026_1314_1437,0.51309
2026_1388_1437,0.56184
2026_1155_1437,0.47402
2026_1234_1437,0.58577
2026_1401_1437,0.4782
2026_1433_1437,0.39714
2026_1270_1437,0.29654
2026_1407_1437,0.11864
2026_1335_1437,0.11167
2026_1225_1437,0.12726
2026_1250_1437,0.02584
2026_1341_1437,0.02669
2026_1276_1437,0.85525
2026_1235_1437,0.7875
2026_1104_1437,0.64415
2026_1403_1437,0.63598
2026_1397_1437,0.66375
2026_1246_1437,0.54495
2026_1208_1437,0.52381
2026_1387_1437,0.45938
2026_1365_1437,0.47557
2026_1275_1437,0.20627
2026_1374_1437,0.4817
2026_1103_1437,0.30268
2026_1220_1437,0.24517
2026_1398_1437,0.07705
2026_1224_1437,0.0712
2026_1420_1437,0.08073
2026_1112_1437,0.85192
2026_1345_1437,0.75516
2026_1211_1437,0.67837
2026_1116_1437,0.6303
2026_1140_1437,0.59409
2026_1274_1437,0.51233
2026_1429_1437,0.4997
2026_1281_1437,0.39643
2026_1301_1437,0.51048
2026_1400_1437,0.50633
2026_1219_1437,0.21541
2026_1218_1437,0.18265
2026_1244_1437,0.10993
2026_1254_1437,0.0638
2026_1181_1429,0.86744
2026_1163_1429,0.68051
2026_1277_1429,0.6976
2026_1242_1429,0.60631
2026_1385_1429,0.61354
2026_1257_1429,0.63895
2026_1417_1429,0.53567
2026_1326_1429,0.55428
2026_1395_1429,0.42544
2026_1416_1429,0.38761
2026_1378_1429,0.38788
2026_1320_1429,0.30251
2026_1295_1429,0.16693
2026_1202_1429,0.08253
2026_1373_1429,0.07459
2026_1196_1429,0.80071
2026_1222_1429,0.79597
2026_1228_1429,0.78791
2026_1304_1429,0.65862
2026_1314_1429,0.5144
2026_1388_1429,0.562
2026_1155_1429,0.47208
2026_1234_1429,0.58328
2026_1401_1429,0.47978
2026_1270_1429,0.29588
2026_1407_1429,0.11808
2026_1335_1429,0.11215
2026_1225_1429,0.12486
2026_1250_1429,0.02509
2026_1341_1429,0.02685
2026_1276_1429,0.85455
2026_1235_1429,0.78707
2026_1104_1429,0.64182
2026_1403_1429,0.6324
2026_1397_1429,0.66155
2026_1246_1429,0.54116
2026_1208_1429,0.52246
2026_1387_1429,0.45686
2026_1365_1429,0.47573
2026_1275_1429,0.2053
2026_1374_1429,0.47832
2026_1103_1429,0.3003
2026_1220_1429,0.24494
2026_1398_1429,0.07818
2026_1224_1429,0.07156
2026_1420_1429,0.08062
2026_1112_1429,0.85012
2026_1345_1429,0.75238
2026_1211_1429,0.67705
2026_1116_1429,0.63204
2026_1140_1429,0.59109
2026_1274_1429,0.51097
2026_1281_1429,0.39331
2026_1301_1429,0.50877
2026_1400_1429,0.50322
2026_1219_1429,0.2132
2026_1218_1429,0.18175
2026_1244_1429,0.10567
2026_1254_1429,0.06421
2026_1181_1281,0.9164
2026_1163_1281,0.77173
2026_1277_1281,0.78324
2026_1242_1281,0.70409
2026_1257_1281,0.73733
2026_1202_1281,0.13242
2026_1196_1281,0.86651
2026_1222_1281,0.86501
2026_1228_1281,0.85776
2026_1155_1281,0.58017
2026_1234_1281,0.68651
2026_1270_1281,0.39311
2026_1225_1281,0.18887
2026_1250_1281,0.04667
2026_1276_1281,0.90787
2026_1235_1281,0.85658
2026_1104_1281,0.73594
2026_1246_1281,0.64557
2026_1208_1281,0.62705
2026_1275_1281,0.28813
2026_1103_1281,0.39744
2026_1220_1281,0.33341
2026_1224_1281,0.11649
2026_1112_1281,0.90599
2026_1211_1281,0.76798
2026_1116_1281,0.72663
2026_1140_1281,0.69306
2026_1274_1281,0.61393
2026_1219_1281,0.29813
2026_1218_1281,0.26206
2026_1244_1281,0.16585
2026_1254_1281,0.10374
2026_1181_1301,0.86122
2026_1163_1301,0.67479
2026_1277_1301,0.69065
2026_1242_1301,0.59681
2026_1257_1301,0.63258
2026_1295_1301,0.16027
2026_1202_1301,0.07923
2026_1196_1301,0.79522
2026_1222_1301,0.79078
2026_1228_1301,0.78243
2026_1155_1301,0.46329
2026_1234_1301,0.57663
2026_1270_1301,0.29104
2026_1225_1301,0.1185
2026_1250_1301,0.0241
2026_1276_1301,0.85271
2026_1235_1301,0.77956
2026_1104_1301,0.63218
2026_1246_1301,0.53564
2026_1208_1301,0.51404
2026_1275_1301,0.19863
2026_1103_1301,0.29197
2026_1220_1301,0.23656
2026_1224_1301,0.06893
2026_1112_1301,0.84572
2026_1211_1301,0.67025
2026_1116_1301,0.62021
2026_1140_1301,0.58268
2026_1274_1301,0.49911
2026_1281_1301,0.38671
2026_1219_1301,0.20856
2026_1218_1301,0.17615
2026_1244_1301,0.10415
2026_1254_1301,0.05907
2026_1181_1400,0.86524
2026_1163_1400,0.68108
2026_1277_1400,0.69249
2026_1242_1400,0.60063
2026_1385_1400,0.61122
2026_1257_1400,0.63936
2026_1326_1400,0.55138
2026_1395_1400,0.4239
2026_1378_1400,0.38592
2026_1320_1400,0.29628
2026_1295_1400,0.16297
2026_1202_1400,0.08081
2026_1373_1400,0.07294
2026_1196_1400,0.79804
2026_1222_1400,0.79566
2026_1228_1400,0.78533
2026_1304_1400,0.65595
2026_1314_1400,0.50971
2026_1388_1400,0.55646
2026_1155_1400,0.46956
2026_1234_1400,0.57872
2026_1270_1400,0.2937
2026_1335_1400,0.11196
2026_1225_1400,0.12264
2026_1250_1400,0.02416
2026_1341_1400,0.02665
2026_1276_1400,0.85388
2026_1235_1400,0.78337
2026_1104_1400,0.63724
2026_1397_1400,0.65783
2026_1246_1400,0.53853
2026_1208_1400,0.52018
2026_1387_1400,0.45659
2026_1365_1400,0.47064
2026_1275_1400,0.20258
2026_1374_1400,0.47527
2026_1103_1400,0.29614
2026_1220_1400,0.24007
2026_1398_1400,0.07732
2026_1224_1400,0.06926
2026_1112_1400,0.85133
2026_1345_1400,0.75313
2026_1211_1400,0.67697
2026_1116_1400,0.62907
2026_1140_1400,0.58764
2026_1274_1400,0.50634
2026_1281_1400,0.3924
2026_1301_1400,0.50919
2026_1219_1400,0.21292
2026_1218_1400,0.1798
2026_1244_1400,0.10569
2026_1254_1400,0.06165
2026_1181_1219,0.97195
2026_1163_1219,0.89639
2026_1202_1219,0.27654
2026_1196_1219,0.94898
2026_1155_1219,0.76548
2026_1104_1219,0.87658
2026_1208_1219,0.80316
2026_1103_1219,0.60579
2026_1112_1219,0.96863
2026_1211_1219,0.89392
2026_1116_1219,0.86918
2026_1140_1219,0.84902
2026_1218_1219,0.45459
2026_1181_1218,0.97781
2026_1163_1218,0.91609
2026_1202_1218,0.31421
2026_1196_1218,0.95933
2026_1155_1218,0.79935
2026_1104_1218,0.8978
2026_1208_1218,0.82999
2026_1103_1218,0.64564
2026_1112_1218,0.97434
2026_1211_1218,0.91446
2026_1116_1218,0.89014
2026_1140_1218,0.87309
2026_1181_1244,0.99089
2026_1163_1244,0.95901
2026_1242_1244,0.93394
2026_1202_1244,0.43943
2026_1196_1244,0.98151
2026_1222_1244,0.98124
2026_1228_1244,0.97948
2026_1155_1244,0.8794
2026_1234_1244,0.92764
2026_1225_1244,0.53971
2026_1235_1244,0.97893
2026_1104_1244,0.94552
2026_1208_1244,0.90409
2026_1103_1244,0.76419
2026_1220_1244,0.70814
2026_1224_1244,0.41091
2026_1112_1244,0.9883
2026_1211_1244,0.95545
2026_1116_1244,0.94187
2026_1140_1244,0.92934
2026_1219_1244,0.67343
2026_1218_1244,0.63643
2026_1181_1474,0.99372
2026_1163_1474,0.96842
2026_1277_1474,0.97129
2026_1242_1474,0.94899
2026_1385_1474,0.9521
2026_1257_1474,0.95899
2026_1417_1474,0.92792
2026_1326_1474,0.93449
2026_1395_1474,0.88021
2026_1416_1474,0.86015
2026_1378_1474,0.86132
2026_1320_1474,0.80322
2026_1465_1474,0.67058
2026_1295_1474,0.65725
2026_1202_1474,0.4918
2026_1373_1474,0.47076
2026_1196_1474,0.98701
2026_1222_1474,0.98513
2026_1228_1474,0.9843
2026_1304_1474,0.96342
2026_1435_1474,0.96728
2026_1314_1474,0.91952
2026_1388_1474,0.93567
2026_1155_1474,0.90411
2026_1234_1474,0.94381
2026_1401_1474,0.90722
2026_1433_1474,0.86865
2026_1270_1474,0.79974
2026_1407_1474,0.57806
2026_1335_1474,0.5607
2026_1225_1474,0.59058
2026_1250_1474,0.28058
2026_1341_1474,0.28399
2026_1276_1474,0.99218
2026_1235_1474,0.98506
2026_1438_1474,0.95882
2026_1104_1474,0.95879
2026_1403_1474,0.95745
2026_1397_1474,0.96378
2026_1246_1474,0.93007
2026_1208_1474,0.92372
2026_1387_1474,0.89678
2026_1365_1474,0.90458
2026_1275_1474,0.70626
2026_1374_1474,0.90452
2026_1103_1474,0.80145
2026_1220_1474,0.74916
2026_1460_1474,0.58264
2026_1398_1474,0.48198
2026_1224_1474,0.46073
2026_1420_1474,0.48508
2026_1112_1474,0.99159
2026_1345_1474,0.98011
2026_1211_1474,0.9668
2026_1116_1474,0.95616
2026_1458_1474,0.9401
2026_1140_1474,0.94549
2026_1274_1474,0.91843
2026_1437_1474,0.91398
2026_1429_1474,0.91571
2026_1281_1474,0.86546
2026_1301_1474,0.91795
2026_1400_1474,0.91639
2026_1219_1474,0.7189
2026_1218_1474,0.67966
2026_1244_1474,0.54955
2026_1254_1474,0.43699
2026_1181_1254,0.99569
2026_1163_1254,0.97778
2026_1242_1254,0.96343
2026_1202_1254,0.55453
2026_1196_1254,0.99093
2026_1222_1254,0.99129
2026_1228_1254,0.99019
2026_1155_1254,0.92966
2026_1234_1254,0.95968
2026_1225_1254,0.65321
2026_1250_1254,0.33708
2026_1235_1254,0.99043
2026_1104_1254,0.97114
2026_1246_1254,0.94927
2026_1208_1254,0.94468
2026_1103_1254,0.84211
2026_1220_1254,0.7982
2026_1224_1254,0.52567
2026_1112_1254,0.99498
2026_1211_1254,0.97679
2026_1116_1254,0.96898
2026_1140_1254,0.96157
2026_1219_1254,0.77229
2026_1218_1254,0.73604
2026_1244_1254,0.61355
2026_3160_3163,0.01262
2026_3155_3163,0.00484
2026_3113_3163,0.00596
2026_3161_3163,0.002
2026_3104_3163,0.01964
2026_3124_3163,0.01464
2026_3158_3163,0.00032
2026_3163_3435,0.90054
2026_3326_3435,0.42112
2026_3314_3435,0.34682
2026_3268_3435,0.406
2026_3323_3435,0.29444
2026_3228_3435,0.23408
2026_3235_3435,0.22576
2026_3393_3435,0.14412
2026_3160_3435,0.17058
2026_3193_3435,0.0777
2026_3293_3435,0.0323
2026_3224_3435,0.0063
2026_3219_3435,0.00716
2026_3427_3435,0.01448
2026_3376_3435,0.79698
2026_3234_3435,0.43954
2026_3395_3435,0.38824
2026_3328_3435,0.40006
2026_3277_3435,0.31662
2026_3208_3435,0.21448
2026_3155_3435,0.09558
2026_3425_3435,0.26526
2026_3113_3435,0.09746
2026_3355_3435,0.1041
2026_3161_3435,0.05298
2026_3225_3435,0.03678
2026_3192_3435,0.01278
2026_3359_3435,0.00068
2026_3380_3435,0.00202
2026_3400_3435,0.79692
2026_3276_3435,0.54632
2026_3257_3435,0.44208
2026_3246_3435,0.3688
2026_3104_3435,0.22138
2026_3301_3435,0.2581
2026_3332_3435,0.22568
2026_3397_3435,0.27942
2026_3348_3435,0.07414
2026_3241_3435,0.12992
2026_3275_3435,0.04938
2026_3221_3435,0.00848
2026_3283_3435,0.01358
2026_3372_3435,0.00584
2026_3417_3435,0.87622
2026_3261_3435,0.73492
2026_3181_3435,0.4776
2026_3278_3435,0.42696
2026_3279_3435,0.29856
2026_3124_3435,0.1775
2026_3403_3435,0.20442
2026_3329_3435,0.2154
2026_3343_3435,0.11416
2026_3304_3435,0.25062
2026_3350_3435,0.12202
2026_3211_3435,0.07396
2026_3158_3435,0.01546
2026_3239_3435,0.01144
2026_3163_3326,0.9291
2026_3314_3326,0.42068
2026_3268_3326,0.48112
2026_3323_3326,0.36488
2026_3228_3326,0.29502
2026_3235_3326,0.28298
2026_3160_3326,0.22372
2026_3193_3326,0.11006
2026_3293_3326,0.04852
2026_3224_3326,0.01028
2026_3219_3326,0.01266
2026_3234_3326,0.51154
2026_3277_3326,0.38286
2026_3208_3326,0.27224
2026_3155_3326,0.12996
2026_3113_3326,0.13822
2026_3161_3326,0.07614
2026_3225_3326,0.0565
2026_3192_3326,0.02014
2026_3276_3326,0.61908
2026_3257_3326,0.51446
2026_3246_3326,0.43968
2026_3104_3326,0.27932
2026_3301_3326,0.3268
2026_3241_3326,0.16952
2026_3275_3326,0.07246
2026_3221_3326,0.0139
2026_3283_3326,0.02
2026_3261_3326,0.7943
2026_3181_3326,0.55058
2026_3278_3326,0.50448
2026_3279_3326,0.36694
2026_3124_3326,0.23096
2026_3304_3326,0.30944
2026_3211_3326,0.10382
2026_3158_3326,0.02494
2026_3239_3326,0.018
2026_3163_3314,0.95152
2026_3268_3314,0.55834
2026_3228_3314,0.3713
2026_3235_3314,0.35454
2026_3160_3314,0.28452
2026_3193_3314,0.14784
2026_3293_3314,0.07142
2026_3224_3314,0.01636
2026_3219_3314,0.02084
2026_3234_3314,0.59202
2026_3277_3314,0.46262
2026_3208_3314,0.33186
2026_3155_3314,0.17302
2026_3113_3314,0.18226
2026_3161_3314,0.11066
2026_3225_3314,0.0804
2026_3192_3314,0.0318
2026_3276_3314,0.69282
2026_3257_3314,0.5892
2026_3246_3314,0.51616
2026_3104_3314,0.34908
2026_3301_3314,0.3948
2026_3241_3314,0.2258
2026_3275_3314,0.10192
2026_3221_3314,0.02172
2026_3283_3314,0.03326
2026_3261_3314,0.84574
2026_3181_3314,0.62398
2026_3278_3314,0.58234
2026_3279_3314,0.44466
2026_3124_3314,0.297
2026_3304_3314,0.38744
2026_3211_3314,0.14096
2026_3158_3314,0.04024
2026_3239_3314,0.02908
2026_3163_3268,0.93552
2026_3228_3268,0.31138
2026_3235_3268,0.30214
2026_3160_3268,0.23562
2026_3193_3268,0.11844
2026_3224_3268,0.01132
2026_3219_3268,0.01384
2026_3234_3268,0.53104
2026_3208_3268,0.28448
2026_3155_3268,0.1382
2026_3113_3268,0.14818
2026_3161_3268,0.0835
2026_3225_3268,0.06098
2026_3192_3268,0.02232
2026_3257_3268,0.53442
2026_3246_3268,0.45582
2026_3104_3268,0.29796
2026_3241_3268,0.18342
2026_3221_3268,0.01486
2026_3261_3268,0.80508
2026_3181_3268,0.57408
2026_3124_3268,0.24526
2026_3211_3268,0.10996
2026_3158_3268,0.02804
2026_3239_3268,0.02096
2026_3163_3323,0.96566
2026_3314_3323,0.55906
2026_3268_3323,0.61562
2026_3228_3323,0.4198
2026_3235_3323,0.41534
2026_3160_3323,0.3383
2026_3193_3323,0.19024
2026_3293_3323,0.09464
2026_3224_3323,0.02434
2026_3219_3323,0.02932
2026_3234_3323,0.64968
2026_3277_3323,0.51794
2026_3208_3323,0.3929
2026_3155_3323,0.2182
2026_3113_3323,0.22818
2026_3161_3323,0.13916
2026_3225_3323,0.105
2026_3192_3323,0.04476
2026_3276_3323,0.74376
2026_3257_3323,0.64858
2026_3246_3323,0.57718
2026_3104_3323,0.40458
2026_3301_3323,0.4579
2026_3241_3323,0.26984
2026_3275_3323,0.12982
2026_3221_3323,0.03126
2026_3283_3323,0.04566
2026_3261_3323,0.87654
2026_3181_3323,0.67842
2026_3278_3323,0.63654
2026_3279_3323,0.50398
2026_3124_3323,0.3481
2026_3304_3323,0.4432
2026_3211_3323,0.17798
2026_3158_3323,0.05214
2026_3239_3323,0.03926
2026_3163_3228,0.9769
2026_3160_3228,0.40408
2026_3193_3228,0.2442
2026_3224_3228,0.03768
2026_3219_3228,0.04356
2026_3208_3228,0.46534
2026_3155_3228,0.2731
2026_3113_3228,0.28672
2026_3161_3228,0.18658
2026_3225_3228,0.14344
2026_3192_3228,0.06344
2026_3104_3228,0.47638
2026_3221_3228,0.0445
2026_3181_3228,0.74332
2026_3124_3228,0.41852
2026_3211_3228,0.23386
2026_3158_3228,0.07728
2026_3163_3235,0.97954
2026_3228_3235,0.51276
2026_3160_3235,0.41916
2026_3193_3235,0.25686
2026_3224_3235,0.03728
2026_3219_3235,0.04638
2026_3234_3235,0.7244
2026_3208_3235,0.47728
2026_3155_3235,0.2849
2026_3113_3235,0.2975
2026_3161_3235,0.19402
2026_3225_3235,0.15014
2026_3192_3235,0.06748
2026_3104_3235,0.49134
2026_3221_3235,0.05052
2026_3181_3235,0.7552
2026_3124_3235,0.43464
2026_3211_3235,0.2425
2026_3158_3235,0.08238
2026_3163_3393,0.99038
2026_3326_3393,0.80808
2026_3314_3393,0.75054
2026_3268_3393,0.79114
2026_3323_3393,0.69852
2026_3228_3393,0.6352
2026_3235_3393,0.61844
2026_3160_3393,0.53918
2026_3193_3393,0.35762
2026_3293_3393,0.20964
2026_3224_3393,0.07248
2026_3219_3393,0.08386
2026_3376_3393,0.96902
2026_3234_3393,0.81646
2026_3328_3393,0.78972
2026_3277_3393,0.71816
2026_3208_3393,0.59586
2026_3155_3393,0.39598
2026_3113_3393,0.41024
2026_3355_3393,0.42324
2026_3161_3393,0.28492
2026_3225_3393,0.23298
2026_3192_3393,0.1174
2026_3359_3393,0.01706
2026_3380_3393,0.03642
2026_3276_3393,0.88314
2026_3257_3393,0.81648
2026_3246_3393,0.76152
2026_3104_3393,0.61084
2026_3301_3393,0.66236
2026_3332_3393,0.62246
2026_3348_3393,0.36002
2026_3241_3393,0.4688
2026_3275_3393,0.27172
2026_3221_3393,0.08956
2026_3283_3393,0.1222
2026_3372_3393,0.07106
2026_3261_3393,0.95512
2026_3181_3393,0.84058
2026_3278_3393,0.80838
2026_3279_3393,0.70322
2026_3124_3393,0.55514
2026_3329_3393,0.60596
2026_3343_3393,0.434
2026_3304_3393,0.64976
2026_3350_3393,0.46066
2026_3211_3393,0.34298
2026_3158_3393,0.14016
2026_3239_3393,0.11164
2026_3155_3160,0.35784
2026_3113_3160,0.37132
2026_3104_3160,0.56706
2026_3124_3160,0.51538
2026_3158_3160,0.1187
2026_3163_3193,0.99682
2026_3160_3193,0.67768
2026_3155_3193,0.54134
2026_3113_3193,0.5555
2026_3161_3193,0.42306
2026_3192_3193,0.20704
2026_3104_3193,0.74166
2026_3181_3193,0.91156
2026_3124_3193,0.6903
2026_3158_3193,0.23164
2026_3163_3293,0.99896
2026_3268_3293,0.9469
2026_3228_3293,0.872
2026_3235_3293,0.8616
2026_3160_3293,0.81552
2026_3193_3293,0.66644
2026_3224_3293,0.2524
2026_3219_3293,0.28038
2026_3234_3293,0.95534
2026_3277_3293,0.91374
2026_3208_3293,0.85228
2026_3155_3293,0.70282
2026_3113_3293,0.71454
2026_3161_3293,0.5932
2026_3225_3293,0.52252
2026_3192_3293,0.3493
2026_3276_3293,0.975
2026_3257_3293,0.95484
2026_3246_3293,0.93574
2026_3104_3293,0.85852
2026_3241_3293,0.76094
2026_3275_3293,0.57556
2026_3221_3293,0.29102
2026_3283_3293,0.35236
2026_3261_3293,0.99316
2026_3181_3293,0.96248
2026_3278_3293,0.95214
2026_3279_3293,0.90902
2026_3124_3293,0.82216
2026_3211_3293,0.6516
2026_3158_3293,0.3787
2026_3239_3293,0.33632
2026_3163_3442,0.99942
2026_3435_3442,0.9771
2026_3326_3442,0.96446
2026_3314_3442,0.94574
2026_3268_3442,0.96108
2026_3323_3442,0.92862
2026_3228_3442,0.89804
2026_3235_3442,0.89074
2026_3393_3442,0.82706
2026_3160_3442,0.85256
2026_3193_3442,0.7185
2026_3293_3442,0.55804
2026_3224_3442,0.30706
2026_3219_3442,0.3308
2026_3427_3442,0.4179
2026_3376_3442,0.99746
2026_3234_3442,0.96762
2026_3395_3442,0.95526
2026_3328_3442,0.95836
2026_3277_3442,0.9363
2026_3208_3442,0.87862
2026_3155_3442,0.75092
2026_3425_3442,0.9174
2026_3113_3442,0.76116
2026_3438_3442,0.81288
2026_3355_3442,0.7711
2026_3161_3442,0.64378
2026_3225_3442,0.58228
2026_3192_3442,0.4048
2026_3359_3442,0.1155
2026_3380_3442,0.19718
2026_3400_3442,0.99808
2026_3276_3442,0.98294
2026_3257_3442,0.96758
2026_3246_3442,0.95188
2026_3104_3442,0.89012
2026_3301_3442,0.91226
2026_3332_3442,0.89192
2026_3439_3442,0.8437
2026_3397_3442,0.91774
2026_3348_3442,0.71396
2026_3241_3442,0.8036
2026_3275_3442,0.63354
2026_3436_3442,0.53352
2026_3221_3442,0.34326
2026_3283_3442,0.41452
2026_3372_3442,0.29702
2026_3417_3442,0.99934
2026_3261_3442,0.99592
2026_3181_3442,0.97336
2026_3278_3442,0.96724
2026_3279_3442,0.92914
2026_3124_3442,0.85756
2026_3403_3442,0.87948
2026_3329_3442,0.88454
2026_3343_3442,0.7783
2026_3437_3442,0.90202
2026_3304_3442,0.90876
2026_3350_3442,0.80032
2026_3211_3442,0.70826
2026_3158_3442,0.4383
2026_3239_3442,0.38844
2026_3163_3224,0.99984
2026_3160_3224,0.94044
2026_3193_3224,0.86236
2026_3219_3224,0.52634
2026_3208_3224,0.95476
2026_3155_3224,0.881
2026_3113_3224,0.89078
2026_3161_3224,0.81106
2026_3192_3224,0.60758
2026_3104_3224,0.95848
2026_3221_3224,0.5441
2026_3181_3224,0.99274
2026_3124_3224,0.94356
2026_3211_3224,0.85614
2026_3158_3224,0.63906
2026_3163_3219,0.99982
2026_3160_3219,0.92864
2026_3193_3219,0.84402
2026_3208_3219,0.94876
2026_3155_3219,0.86948
2026_3113_3219,0.87564
2026_3161_3219,0.79086
2026_3192_3219,0.574
2026_3104_3219,0.95094
2026_3181_3219,0.9913
2026_3124_3219,0.9366
2026_3211_3219,0.83712
2026_3158_3219,0.61538
2026_3163_3427,0.99984
2026_3326_3427,0.97742
2026_3314_3427,0.96444
2026_3268_3427,0.97432
2026_3323_3427,0.95098
2026_3228_3427,0.9286
2026_3235_3427,0.92378
2026_3393_3427,0.87094
2026_3160_3427,0.8914
2026_3193_3427,0.78146
2026_3293_3427,0.62772
2026_3224_3427,0.37822
2026_3219_3427,0.40402
2026_3376_3427,0.99878
2026_3234_3427,0.978
2026_3395_3427,0.971
2026_3328_3427,0.97348
2026_3277_3427,0.9567
2026_3208_3427,0.91706
2026_3155_3427,0.8063
2026_3425_3427,0.94316
2026_3113_3427,0.81974
2026_3355_3427,0.82732
2026_3161_3427,0.71684
2026_3225_3427,0.65706
2026_3192_3427,0.4787
2026_3359_3427,0.15768
2026_3380_3427,0.25494
2026_3400_3427,0.99888
2026_3276_3427,0.9892
2026_3257_3427,0.97912
2026_3246_3427,0.9666
2026_3104_3427,0.9206
2026_3301_3427,0.93912
2026_3332_3427,0.9255
2026_3397_3427,0.94556
2026_3348_3427,0.77098
2026_3241_3427,0.85092
2026_3275_3427,0.70146
2026_3221_3427,0.41196
2026_3283_3427,0.4851
2026_3372_3427,0.372
2026_3417_3427,0.9996
2026_3261_3427,0.99788
2026_3181_3427,0.98414
2026_3278_3427,0.97796
2026_3279_3427,0.95272
2026_3124_3427,0.89914
2026_3403_3427,0.91512
2026_3329_3427,0.91756
2026_3343_3427,0.836
2026_3304_3427,0.93422
2026_3350_3427,0.85042
2026_3211_3427,0.76818
2026_3158_3427,0.52128
2026_3239_3427,0.46838
2026_3163_3376,0.67512
2026_3326_3376,0.15678
2026_3314_3376,0.11596
2026_3268_3376,0.14558
2026_3323_3376,0.08642
2026_3228_3376,0.06054
2026_3235_3376,0.05832
2026_3160_3376,0.03612
2026_3193_3376,0.0121
2026_3293_3376,0.0036
2026_3224_3376,0.00042
2026_3219_3376,0.00052
2026_3234_3376,0.16552
2026_3328_3376,0.14036
2026_3277_3376,0.09614
2026_3208_3376,0.05128
2026_3155_3376,0.01468
2026_3113_3376,0.01782
2026_3355_3376,0.0191
2026_3161_3376,0.0067
2026_3225_3376,0.00424
2026_3192_3376,0.00102
2026_3359_3376,2e-05
2026_3276_3376,0.23908
2026_3257_3376,0.16258
2026_3246_3376,0.12368
2026_3104_3376,0.0553
2026_3301_3376,0.0694
2026_3332_3376,0.05774
2026_3348_3376,0.01232
2026_3241_3376,0.02542
2026_3275_3376,0.0065
2026_3221_3376,6e-04
2026_3283_3376,0.00114
2026_3372_3376,0.00028
2026_3261_3376,0.42372
2026_3181_3376,0.18902
2026_3278_3376,0.15836
2026_3279_3376,0.0874
2026_3124_3376,0.04106
2026_3329_3376,0.05138
2026_3343_3376,0.02142
2026_3304_3376,0.06648
2026_3350_3376,0.02404
2026_3211_3376,0.01176
2026_3158_3376,0.0014
2026_3239_3376,0.00104
2026_3163_3234,0.92482
2026_3228_3234,0.28912
2026_3160_3234,0.21082
2026_3193_3234,0.10272
2026_3224_3234,0.0089
2026_3219_3234,0.01136
2026_3208_3234,0.25862
2026_3155_3234,0.12024
2026_3113_3234,0.12774
2026_3161_3234,0.07324
2026_3225_3234,0.0507
2026_3192_3234,0.01978
2026_3104_3234,0.26786
2026_3221_3234,0.01218
2026_3181_3234,0.5366
2026_3124_3234,0.22144
2026_3211_3234,0.09936
2026_3158_3234,0.02336
2026_3163_3395,0.94102
2026_3326_3395,0.53836
2026_3314_3395,0.4621
2026_3268_3395,0.5241
2026_3323_3395,0.40736
2026_3228_3395,0.32942
2026_3235_3395,0.3213
2026_3393_3395,0.22276
2026_3160_3395,0.25308
2026_3193_3395,0.13038
2026_3293_3395,0.0577
2026_3224_3395,0.01286
2026_3219_3395,0.016
2026_3376_3395,0.8678
2026_3234_3395,0.5536
2026_3328_3395,0.51632
2026_3277_3395,0.42582
2026_3208_3395,0.30576
2026_3155_3395,0.1507
2026_3113_3395,0.16016
2026_3355_3395,0.17158
2026_3161_3395,0.09444
2026_3225_3395,0.06734
2026_3192_3395,0.02534
2026_3359_3395,0.00192
2026_3380_3395,0.00522
2026_3276_3395,0.65792
2026_3257_3395,0.55742
2026_3246_3395,0.48092
2026_3104_3395,0.3109
2026_3301_3395,0.36376
2026_3332_3395,0.32374
2026_3348_3395,0.12514
2026_3241_3395,0.20078
2026_3275_3395,0.08636
2026_3221_3395,0.01832
2026_3283_3395,0.02602
2026_3372_3395,0.01228
2026_3261_3395,0.8231
2026_3181_3395,0.59216
2026_3278_3395,0.5431
2026_3279_3395,0.40864
2026_3124_3395,0.2674
2026_3329_3395,0.30964
2026_3343_3395,0.17656
2026_3304_3395,0.35284
2026_3350_3395,0.19726
2026_3211_3395,0.12264
2026_3158_3395,0.03114
2026_3239_3395,0.02342
2026_3163_3328,0.93706
2026_3326_3328,0.52848
2026_3314_3328,0.44412
2026_3268_3328,0.50514
2026_3323_3328,0.38908
2026_3228_3328,0.31842
2026_3235_3328,0.30976
2026_3160_3328,0.24314
2026_3193_3328,0.1212
2026_3293_3328,0.05604
2026_3224_3328,0.01204
2026_3219_3328,0.01464
2026_3234_3328,0.53974
2026_3277_3328,0.41364
2026_3208_3328,0.29074
2026_3155_3328,0.14334
2026_3113_3328,0.15396
2026_3161_3328,0.08664
2026_3225_3328,0.06278
2026_3192_3328,0.02364
2026_3276_3328,0.64148
2026_3257_3328,0.54442
2026_3246_3328,0.4669
2026_3104_3328,0.29838
2026_3301_3328,0.35164
2026_3241_3328,0.1877
2026_3275_3328,0.07886
2026_3221_3328,0.01574
2026_3283_3328,0.02414
2026_3261_3328,0.81542
2026_3181_3328,0.57572
2026_3278_3328,0.53024
2026_3279_3328,0.39394
2026_3124_3328,0.25312
2026_3304_3328,0.33706
2026_3211_3328,0.11358
2026_3158_3328,0.0297
2026_3239_3328,0.0211
2026_3163_3277,0.96174
2026_3268_3277,0.59828
2026_3228_3277,0.40458
2026_3235_3277,0.3926
2026_3160_3277,0.31724
2026_3193_3277,0.17494
2026_3224_3277,0.02102
2026_3219_3277,0.02572
2026_3234_3277,0.62792
2026_3208_3277,0.37144
2026_3155_3277,0.2004
2026_3113_3277,0.2118
2026_3161_3277,0.12546
2026_3225_3277,0.09496
2026_3192_3277,0.0394
2026_3276_3277,0.72508
2026_3257_3277,0.63262
2026_3246_3277,0.55122
2026_3104_3277,0.38394
2026_3241_3277,0.2557
2026_3275_3277,0.11884
2026_3221_3277,0.02776
2026_3261_3277,0.8672
2026_3181_3277,0.66172
2026_3124_3277,0.32744
2026_3211_3277,0.1646
2026_3158_3277,0.04636
2026_3239_3277,0.03598
2026_3163_3449,0.96428
2026_3435_3449,0.7013
2026_3326_3449,0.63068
2026_3314_3449,0.55492
2026_3268_3449,0.61302
2026_3323_3449,0.49096
2026_3228_3449,0.41872
2026_3235_3449,0.40886
2026_3393_3449,0.29798
2026_3160_3449,0.33218
2026_3193_3449,0.1848
2026_3293_3449,0.09406
2026_3442_3449,0.07024
2026_3224_3449,0.02384
2026_3219_3449,0.02736
2026_3427_3449,0.04556
2026_3376_3449,0.9125
2026_3234_3449,0.64216
2026_3395_3449,0.58632
2026_3328_3449,0.60186
2026_3277_3449,0.51932
2026_3208_3449,0.39218
2026_3155_3449,0.20972
2026_3425_3449,0.45612
2026_3113_3449,0.22246
2026_3438_3449,0.27516
2026_3355_3449,0.23244
2026_3161_3449,0.13422
2026_3225_3449,0.1026
2026_3192_3449,0.04192
2026_3359_3449,0.00392
2026_3380_3449,0.00972
2026_3400_3449,0.91182
2026_3276_3449,0.73628
2026_3257_3449,0.64304
2026_3246_3449,0.57304
2026_3104_3449,0.39844
2026_3301_3449,0.45614
2026_3332_3449,0.40578
2026_3439_3449,0.32236
2026_3397_3449,0.4685
2026_3348_3449,0.18182
2026_3241_3449,0.2699
2026_3275_3449,0.12588
2026_3436_3449,0.08126
2026_3221_3449,0.02986
2026_3283_3449,0.04494
2026_3372_3449,0.02286
2026_3417_3449,0.95312
2026_3261_3449,0.87506
2026_3181_3449,0.67596
2026_3278_3449,0.63332
2026_3279_3449,0.49796
2026_3124_3449,0.34156
2026_3403_3449,0.38606
2026_3329_3449,0.39786
2026_3343_3449,0.2449
2026_3437_3449,0.42972
2026_3304_3449,0.4441
2026_3350_3449,0.26534
2026_3211_3449,0.17382
2026_3158_3449,0.05126
2026_3239_3449,0.04028
2026_3163_3208,0.98106
2026_3160_3208,0.44088
2026_3193_3208,0.271
2026_3155_3208,0.3037
2026_3113_3208,0.31522
2026_3161_3208,0.20774
2026_3192_3208,0.07766
2026_3104_3208,0.50932
2026_3181_3208,0.7741
2026_3124_3208,0.45402
2026_3158_3208,0.089
2026_3113_3155,0.51544
2026_3104_3155,0.70704
2026_3124_3155,0.65734
2026_3163_3425,0.9715
2026_3326_3425,0.66722
2026_3314_3425,0.596
2026_3268_3425,0.64808
2026_3323_3425,0.53558
2026_3228_3425,0.45912
2026_3235_3425,0.4454
2026_3393_3425,0.33048
2026_3160_3425,0.3688
2026_3193_3425,0.21384
2026_3293_3425,0.11026
2026_3224_3425,0.0294
2026_3219_3425,0.03406
2026_3376_3425,0.92812
2026_3234_3425,0.6825
2026_3395_3425,0.6309
2026_3328_3425,0.64162
2026_3277_3425,0.55312
2026_3208_3425,0.42754
2026_3155_3425,0.24206
2026_3113_3425,0.25284
2026_3355_3425,0.26312
2026_3161_3425,0.15752
2026_3225_3425,0.12418
2026_3192_3425,0.05256
2026_3359_3425,0.00512
2026_3380_3425,0.01282
2026_3400_3425,0.92734
2026_3276_3425,0.77178
2026_3257_3425,0.68008
2026_3246_3425,0.61134
2026_3104_3425,0.43798
2026_3301_3425,0.49306
2026_3332_3425,0.44822
2026_3397_3425,0.51434
2026_3348_3425,0.20944
2026_3241_3425,0.3001
2026_3275_3425,0.15114
2026_3221_3425,0.03744
2026_3283_3425,0.05324
2026_3372_3425,0.0281
2026_3417_3425,0.9642
2026_3261_3425,0.89662
2026_3181_3425,0.71498
2026_3278_3425,0.67242
2026_3279_3425,0.53612
2026_3124_3425,0.38112
2026_3403_3425,0.42078
2026_3329_3425,0.4346
2026_3343_3425,0.27486
2026_3304_3425,0.47942
2026_3350_3425,0.2986
2026_3211_3425,0.20326
2026_3158_3425,0.06402
2026_3239_3425,0.05004
2026_3104_3113,0.69578
2026_3163_3438,0.9921
2026_3435_3438,0.86646
2026_3326_3438,0.82278
2026_3314_3438,0.76526
2026_3268_3438,0.80612
2026_3323_3438,0.71862
2026_3228_3438,0.64944
2026_3235_3438,0.63696
2026_3393_3438,0.52072
2026_3160_3438,0.5642
2026_3193_3438,0.38276
2026_3293_3438,0.23306
2026_3224_3438,0.0812
2026_3219_3438,0.09176
2026_3427_3438,0.14162
2026_3376_3438,0.9743
2026_3234_3438,0.83004
2026_3395_3438,0.79312
2026_3328_3438,0.80042
2026_3277_3438,0.73494
2026_3208_3438,0.61882
2026_3155_3438,0.41636
2026_3425_3438,0.68994
2026_3113_3438,0.4329
2026_3355_3438,0.4472
2026_3161_3438,0.3069
2026_3225_3438,0.2547
2026_3192_3438,0.129
2026_3359_3438,0.0186
2026_3380_3438,0.03896
2026_3400_3438,0.9726
2026_3276_3438,0.8918
2026_3257_3438,0.83196
2026_3246_3438,0.77974
2026_3104_3438,0.62992
2026_3301_3438,0.68058
2026_3332_3438,0.6453
2026_3397_3438,0.69738
2026_3348_3438,0.3718
2026_3241_3438,0.4911
2026_3275_3438,0.292
2026_3436_3438,0.21092
2026_3221_3438,0.09946
2026_3283_3438,0.1311
2026_3372_3438,0.0796
2026_3417_3438,0.98932
2026_3261_3438,0.9602
2026_3181_3438,0.85602
2026_3278_3438,0.82646
2026_3279_3438,0.72052
2026_3124_3438,0.57348
2026_3403_3438,0.61596
2026_3329_3438,0.62344
2026_3343_3438,0.46024
2026_3437_3438,0.66422
2026_3304_3438,0.66918
2026_3350_3438,0.48202
2026_3211_3438,0.3704
2026_3158_3438,0.15096
2026_3239_3438,0.12236
2026_3163_3355,0.99418
2026_3326_3355,0.85382
2026_3314_3355,0.80458
2026_3268_3355,0.84368
2026_3323_3355,0.76224
2026_3228_3355,0.69898
2026_3235_3355,0.68982
2026_3160_3355,0.61636
2026_3193_3355,0.42642
2026_3293_3355,0.27124
2026_3224_3355,0.10316
2026_3219_3355,0.11336
2026_3234_3355,0.86392
2026_3328_3355,0.83988
2026_3277_3355,0.77768
2026_3208_3355,0.6666
2026_3155_3355,0.4702
2026_3113_3355,0.48554
2026_3161_3355,0.35504
2026_3225_3355,0.29398
2026_3192_3355,0.15764
2026_3276_3355,0.91714
2026_3257_3355,0.86172
2026_3246_3355,0.81608
2026_3104_3355,0.67636
2026_3301_3355,0.72566
2026_3332_3355,0.68734
2026_3348_3355,0.42834
2026_3241_3355,0.53892
2026_3275_3355,0.3414
2026_3221_3355,0.12616
2026_3283_3355,0.16508
2026_3261_3355,0.96928
2026_3181_3355,0.8846
2026_3278_3355,0.85674
2026_3279_3355,0.76422
2026_3124_3355,0.62816
2026_3329_3355,0.67722
2026_3343_3355,0.5126
2026_3304_3355,0.71862
2026_3350_3355,0.536
2026_3211_3355,0.417
2026_3158_3355,0.18314
2026_3239_3355,0.15236
2026_3160_3161,0.74306
2026_3155_3161,0.61338
2026_3113_3161,0.63138
2026_3104_3161,0.79626
2026_3124_3161,0.75618
2026_3158_3161,0.29624
2026_3163_3225,0.99886
2026_3160_3225,0.79868
2026_3193_3225,0.64482
2026_3224_3225,0.2357
2026_3219_3225,0.25706
2026_3208_3225,0.83756
2026_3155_3225,0.67826
2026_3113_3225,0.69278
2026_3161_3225,0.57024
2026_3192_3225,0.32448
2026_3104_3225,0.84578
2026_3221_3225,0.26938
2026_3181_3225,0.95812
2026_3124_3225,0.80904
2026_3211_3225,0.62768
2026_3158_3225,0.35972
2026_3163_3471,0.99958
2026_3435_3471,0.9803
2026_3326_3471,0.97136
2026_3314_3471,0.95518
2026_3268_3471,0.96604
2026_3323_3471,0.93794
2026_3228_3471,0.9096
2026_3235_3471,0.90708
2026_3393_3471,0.84434
2026_3160_3471,0.8686
2026_3193_3471,0.74348
2026_3293_3471,0.58746
2026_3442_3471,0.52688
2026_3224_3471,0.3287
2026_3219_3471,0.35666
2026_3427_3471,0.45348
2026_3376_3471,0.99824
2026_3234_3471,0.9722
2026_3395_3471,0.96238
2026_3328_3471,0.96546
2026_3277_3471,0.9454
2026_3449_3471,0.94036
2026_3208_3471,0.89642
2026_3155_3471,0.77458
2026_3425_3471,0.92648
2026_3113_3471,0.78106
2026_3438_3471,0.83242
2026_3355_3471,0.79694
2026_3161_3471,0.67358
2026_3225_3471,0.61226
2026_3192_3471,0.43272
2026_3359_3471,0.13214
2026_3380_3471,0.21682
2026_3400_3471,0.99848
2026_3276_3471,0.98576
2026_3257_3471,0.9732
2026_3452_3471,0.96152
2026_3246_3471,0.95948
2026_3104_3471,0.90144
2026_3301_3471,0.92306
2026_3332_3471,0.90554
2026_3439_3471,0.86418
2026_3397_3471,0.93026
2026_3348_3471,0.7385
2026_3241_3471,0.82114
2026_3275_3471,0.65628
2026_3436_3471,0.56682
2026_3221_3471,0.37224
2026_3283_3471,0.43628
2026_3372_3471,0.32958
2026_3417_3471,0.99928
2026_3261_3471,0.99594
2026_3181_3471,0.97736
2026_3278_3471,0.9722
2026_3279_3471,0.93844
2026_3124_3471,0.87822
2026_3403_3471,0.89508
2026_3329_3471,0.89894
2026_3343_3471,0.80584
2026_3437_3471,0.9156
2026_3304_3471,0.92022
2026_3350_3471,0.82196
2026_3211_3471,0.7289
2026_3453_3471,0.58068
2026_3158_3471,0.4675
2026_3239_3471,0.41626
2026_3465_3471,0.49634
2026_3163_3192,0.99992
2026_3160_3192,0.90184
2026_3155_3192,0.82482
2026_3113_3192,0.8336
2026_3161_3192,0.73384
2026_3104_3192,0.92788
2026_3181_3192,0.98524
2026_3124_3192,0.90964
2026_3158_3192,0.53814
2026_3163_3359,1
2026_3326_3359,0.99856
2026_3314_3359,0.99738
2026_3268_3359,0.99832
2026_3323_3359,0.99622
2026_3228_3359,0.99328
2026_3235_3359,0.9927
2026_3160_3359,0.98792
2026_3193_3359,0.961
2026_3293_3359,0.91246
2026_3224_3359,0.75226
2026_3219_3359,0.77356
2026_3234_3359,0.9987
2026_3328_3359,0.99864
2026_3277_3359,0.9962
2026_3208_3359,0.99138
2026_3155_3359,0.96902
2026_3113_3359,0.97242
2026_3355_3359,0.97418
2026_3161_3359,0.94248
2026_3225_3359,0.91866
2026_3192_3359,0.82574
2026_3276_3359,0.9994
2026_3257_3359,0.99908
2026_3246_3359,0.99768
2026_3104_3359,0.99224
2026_3301_3359,0.99456
2026_3332_3359,0.99284
2026_3348_3359,0.95936
2026_3241_3359,0.97982
2026_3275_3359,0.93854
2026_3221_3359,0.78446
2026_3283_3359,0.83452
2026_3261_3359,0.99992
2026_3181_3359,0.9991
2026_3278_3359,0.99834
2026_3279_3359,0.99586
2026_3124_3359,0.98808
2026_3329_3359,0.9927
2026_3343_3359,0.97526
2026_3304_3359,0.9936
2026_3350_3359,0.97966
2026_3211_3359,0.95834
2026_3158_3359,0.85132
2026_3239_3359,0.81894
2026_3163_3380,1
2026_3326_3380,0.99546
2026_3314_3380,0.99312
2026_3268_3380,0.99534
2026_3323_3380,0.98874
2026_3228_3380,0.98232
2026_3235_3380,0.98224
2026_3160_3380,0.97008
2026_3193_3380,0.92154
2026_3293_3380,0.84066
2026_3224_3380,0.62984
2026_3219_3380,0.66114
2026_3376_3380,0.9999
2026_3234_3380,0.99636
2026_3328_3380,0.99562
2026_3277_3380,0.9906
2026_3208_3380,0.9791
2026_3155_3380,0.93614
2026_3113_3380,0.9407
2026_3355_3380,0.94302
2026_3161_3380,0.8893
2026_3225_3380,0.85768
2026_3192_3380,0.7281
2026_3359_3380,0.3701
2026_3276_3380,0.99846
2026_3257_3380,0.99626
2026_3246_3380,0.9939
2026_3104_3380,0.98092
2026_3301_3380,0.98596
2026_3332_3380,0.98038
2026_3348_3380,0.92208
2026_3241_3380,0.95542
2026_3275_3380,0.88656
2026_3221_3380,0.6684
2026_3283_3380,0.73538
2026_3372_3380,0.62516
2026_3261_3380,0.99974
2026_3181_3380,0.9973
2026_3278_3380,0.99646
2026_3279_3380,0.9905
2026_3124_3380,0.97282
2026_3329_3380,0.97954
2026_3343_3380,0.94898
2026_3304_3380,0.98528
2026_3350_3380,0.95562
2026_3211_3380,0.91578
2026_3158_3380,0.75718
2026_3239_3380,0.71886
2026_3163_3400,0.67276
2026_3326_3400,0.15592
2026_3314_3400,0.11012
2026_3268_3400,0.14184
2026_3323_3400,0.08562
2026_3228_3400,0.06008
2026_3235_3400,0.056
2026_3393_3400,0.0284
2026_3160_3400,0.03766
2026_3193_3400,0.01152
2026_3293_3400,0.00368
2026_3224_3400,0.00042
2026_3219_3400,0.00044
2026_3376_3400,0.49536
2026_3234_3400,0.16104
2026_3395_3400,0.12796
2026_3328_3400,0.1356
2026_3277_3400,0.09338
2026_3208_3400,0.0516
2026_3155_3400,0.01588
2026_3113_3400,0.01628
2026_3355_3400,0.01814
2026_3161_3400,0.00646
2026_3225_3400,0.00418
2026_3192_3400,8e-04
2026_3359_3400,4e-05
2026_3380_3400,8e-05
2026_3276_3400,0.23658
2026_3257_3400,0.161
2026_3246_3400,0.12072
2026_3104_3400,0.0526
2026_3301_3400,0.06798
2026_3332_3400,0.0551
2026_3397_3400,0.07754
2026_3348_3400,0.01238
2026_3241_3400,0.02374
2026_3275_3400,0.00616
2026_3221_3400,0.00054
2026_3283_3400,0.0011
2026_3372_3400,0.00034
2026_3261_3400,0.42098
2026_3181_3400,0.18608
2026_3278_3400,0.15316
2026_3279_3400,0.08768
2026_3124_3400,0.03926
2026_3329_3400,0.05072
2026_3343_3400,0.02032
2026_3304_3400,0.06634
2026_3350_3400,0.02338
2026_3211_3400,0.0111
2026_3158_3400,0.00146
2026_3239_3400,0.001
2026_3163_3276,0.8766
2026_3268_3276,0.35896
2026_3228_3276,0.2
2026_3235_3276,0.1891
2026_3160_3276,0.13938
2026_3193_3276,0.06052
2026_3224_3276,0.00444
2026_3219_3276,0.00506
2026_3234_3276,0.39364
2026_3208_3276,0.1793
2026_3155_3276,0.07362
2026_3113_3276,0.08074
2026_3161_3276,0.04176
2026_3225_3276,0.02832
2026_3192_3276,0.0088
2026_3257_3276,0.39594
2026_3246_3276,0.32264
2026_3104_3276,0.18892
2026_3241_3276,0.10368
2026_3275_3276,0.03604
2026_3221_3276,0.00572
2026_3261_3276,0.69706
2026_3181_3276,0.43166
2026_3124_3276,0.14906
2026_3211_3276,0.05766
2026_3158_3276,0.01228
2026_3239_3276,0.00798
2026_3163_3257,0.92432
2026_3228_3257,0.27976
2026_3235_3257,0.27438
2026_3160_3257,0.20958
2026_3193_3257,0.10022
2026_3224_3257,0.00926
2026_3219_3257,0.01178
2026_3234_3257,0.49876
2026_3208_3257,0.25484
2026_3155_3257,0.12066
2026_3113_3257,0.13092
2026_3161_3257,0.07172
2026_3225_3257,0.05118
2026_3192_3257,0.01792
2026_3246_3257,0.42548
2026_3104_3257,0.2686
2026_3241_3257,0.16182
2026_3221_3257,0.01242
2026_3181_3257,0.53286
2026_3124_3257,0.2235
2026_3211_3257,0.09448
2026_3158_3257,0.02232
2026_3239_3257,0.01702
2026_3163_3452,0.94676
2026_3435_3452,0.62126
2026_3326_3452,0.55326
2026_3314_3452,0.47362
2026_3268_3452,0.53046
2026_3323_3452,0.41168
2026_3228_3452,0.34088
2026_3235_3452,0.32466
2026_3393_3452,0.228
2026_3160_3452,0.25978
2026_3193_3452,0.13346
2026_3293_3452,0.0637
2026_3442_3452,0.04456
2026_3224_3452,0.01348
2026_3219_3452,0.01704
2026_3427_3452,0.03018
2026_3376_3452,0.8735
2026_3234_3452,0.5669
2026_3395_3452,0.5109
2026_3328_3452,0.5222
2026_3277_3452,0.43686
2026_3449_3452,0.4116
2026_3208_3452,0.30906
2026_3155_3452,0.15754
2026_3425_3452,0.3743
2026_3113_3452,0.16742
2026_3438_3452,0.21144
2026_3355_3452,0.1745
2026_3161_3452,0.09582
2026_3225_3452,0.07328
2026_3192_3452,0.02772
2026_3359_3452,0.0023
2026_3380_3452,0.00586
2026_3400_3452,0.87266
2026_3276_3452,0.67018
2026_3257_3452,0.56162
2026_3246_3452,0.48754
2026_3104_3452,0.32526
2026_3301_3452,0.37046
2026_3332_3452,0.33236
2026_3439_3452,0.25598
2026_3397_3452,0.3895
2026_3348_3452,0.12966
2026_3241_3452,0.20552
2026_3275_3452,0.08882
2026_3436_3452,0.054
2026_3221_3452,0.01812
2026_3283_3452,0.02806
2026_3372_3452,0.01354
2026_3417_3452,0.93026
2026_3261_3452,0.8305
2026_3181_3452,0.5989
2026_3278_3452,0.5544
2026_3279_3452,0.4148
2026_3124_3452,0.27112
2026_3403_3452,0.30732
2026_3329_3452,0.31778
2026_3343_3452,0.18502
2026_3437_3452,0.34712
2026_3304_3452,0.36224
2026_3350_3452,0.20118
2026_3211_3452,0.12812
2026_3158_3452,0.03436
2026_3239_3452,0.02514
2026_3163_3246,0.94596
2026_3228_3246,0.3532
2026_3235_3246,0.33738
2026_3160_3246,0.27022
2026_3193_3246,0.13976
2026_3224_3246,0.01414
2026_3219_3246,0.018
2026_3234_3246,0.5758
2026_3208_3246,0.31998
2026_3155_3246,0.16358
2026_3113_3246,0.1737
2026_3161_3246,0.10208
2026_3225_3246,0.0758
2026_3192_3246,0.02976
2026_3104_3246,0.33384
2026_3241_3246,0.21304
2026_3221_3246,0.01988
2026_3181_3246,0.61278
2026_3124_3246,0.28034
2026_3211_3246,0.1292
2026_3158_3246,0.03556
2026_3239_3246,0.02562
2026_3163_3301,0.97144
2026_3268_3301,0.65866
2026_3228_3301,0.4675
2026_3235_3301,0.45496
2026_3160_3301,0.3776
2026_3193_3301,0.22022
2026_3293_3301,0.11062
2026_3224_3301,0.03138
2026_3219_3301,0.03666
2026_3234_3301,0.68908
2026_3277_3301,0.56324
2026_3208_3301,0.43634
2026_3155_3301,0.24786
2026_3113_3301,0.25596
2026_3161_3301,0.1662
2026_3225_3301,0.12596
2026_3192_3301,0.0553
2026_3276_3301,0.77504
2026_3257_3301,0.6887
2026_3246_3301,0.6192
2026_3104_3301,0.45074
2026_3241_3301,0.30698
2026_3275_3301,0.1541
2026_3221_3301,0.0389
2026_3283_3301,0.05536
2026_3261_3301,0.90042
2026_3181_3301,0.72082
2026_3278_3301,0.68114
2026_3279_3301,0.54992
2026_3124_3301,0.38646
2026_3211_3301,0.2081
2026_3158_3301,0.06744
2026_3239_3301,0.05144
2026_3163_3332,0.97904
2026_3326_3332,0.71492
2026_3314_3332,0.64374
2026_3268_3332,0.699
2026_3323_3332,0.58596
2026_3228_3332,0.51048
2026_3235_3332,0.50024
2026_3160_3332,0.41948
2026_3193_3332,0.25156
2026_3293_3332,0.13558
2026_3224_3332,0.0382
2026_3219_3332,0.0457
2026_3234_3332,0.7229
2026_3328_3332,0.69352
2026_3277_3332,0.60606
2026_3208_3332,0.4805
2026_3155_3332,0.28268
2026_3113_3332,0.29814
2026_3161_3332,0.19236
2026_3225_3332,0.15302
2026_3192_3332,0.06718
2026_3276_3332,0.8082
2026_3257_3332,0.72686
2026_3246_3332,0.65852
2026_3104_3332,0.49242
2026_3301_3332,0.54164
2026_3241_3332,0.3467
2026_3275_3332,0.18156
2026_3221_3332,0.04986
2026_3283_3332,0.0719
2026_3261_3332,0.91778
2026_3181_3332,0.75268
2026_3278_3332,0.71676
2026_3279_3332,0.58892
2026_3124_3332,0.43448
2026_3329_3332,0.48016
2026_3304_3332,0.53724
2026_3211_3332,0.24206
2026_3158_3332,0.0797
2026_3239_3332,0.06282
2026_3163_3439,0.98688
2026_3435_3439,0.83698
2026_3326_3439,0.78418
2026_3314_3439,0.7204
2026_3268_3439,0.76844
2026_3323_3439,0.66402
2026_3228_3439,0.59476
2026_3235_3439,0.58294
2026_3393_3439,0.46428
2026_3160_3439,0.50546
2026_3193_3439,0.32298
2026_3293_3439,0.19032
2026_3224_3439,0.06238
2026_3219_3439,0.07078
2026_3427_3439,0.11196
2026_3376_3439,0.96506
2026_3234_3439,0.78872
2026_3395_3439,0.7502
2026_3328_3439,0.76358
2026_3277_3439,0.69148
2026_3208_3439,0.56426
2026_3155_3439,0.36112
2026_3425_3439,0.63396
2026_3113_3439,0.3778
2026_3438_3439,0.44316
2026_3355_3439,0.39408
2026_3161_3439,0.25882
2026_3225_3439,0.20304
2026_3192_3439,0.10274
2026_3359_3439,0.0137
2026_3380_3439,0.02976
2026_3400_3439,0.96442
2026_3276_3439,0.86152
2026_3257_3439,0.79246
2026_3246_3439,0.73554
2026_3104_3439,0.57412
2026_3301_3439,0.62604
2026_3332_3439,0.58856
2026_3397_3439,0.64568
2026_3348_3439,0.32358
2026_3241_3439,0.43492
2026_3275_3439,0.2478
2026_3436_3439,0.17374
2026_3221_3439,0.07592
2026_3283_3439,0.105
2026_3372_3439,0.06072
2026_3417_3439,0.98362
2026_3261_3439,0.94362
2026_3181_3439,0.81894
2026_3278_3439,0.78552
2026_3279_3439,0.67332
2026_3124_3439,0.51892
2026_3403_3439,0.56304
2026_3329_3439,0.56966
2026_3343_3439,0.4049
2026_3437_3439,0.6119
2026_3304_3439,0.615
2026_3350_3439,0.42826
2026_3211_3439,0.3131
2026_3158_3439,0.11862
2026_3239_3439,0.09786
2026_3163_3397,0.96812
2026_3326_3397,0.65384
2026_3314_3397,0.58168
2026_3268_3397,0.63872
2026_3323_3397,0.52234
2026_3228_3397,0.45018
2026_3235_3397,0.43442
2026_3393_3397,0.31718
2026_3160_3397,0.36
2026_3193_3397,0.20464
2026_3293_3397,0.1035
2026_3224_3397,0.0287
2026_3219_3397,0.03268
2026_3376_3397,0.91994
2026_3234_3397,0.6677
2026_3395_3397,0.61316
2026_3328_3397,0.62954
2026_3277_3397,0.54324
2026_3208_3397,0.41374
2026_3155_3397,0.22942
2026_3113_3397,0.24566
2026_3355_3397,0.25278
2026_3161_3397,0.14872
2026_3225_3397,0.11602
2026_3192_3397,0.05014
2026_3359_3397,0.0048
2026_3380_3397,0.01156
2026_3276_3397,0.76146
2026_3257_3397,0.66978
2026_3246_3397,0.59694
2026_3104_3397,0.42898
2026_3301_3397,0.47584
2026_3332_3397,0.43394
2026_3348_3397,0.20046
2026_3241_3397,0.28916
2026_3275_3397,0.13972
2026_3221_3397,0.03478
2026_3283_3397,0.0528
2026_3372_3397,0.0272
2026_3261_3397,0.88878
2026_3181_3397,0.70148
2026_3278_3397,0.66194
2026_3279_3397,0.52856
2026_3124_3397,0.37324
2026_3329_3397,0.42072
2026_3343_3397,0.26532
2026_3304_3397,0.46884
2026_3350_3397,0.28268
2026_3211_3397,0.19246
2026_3158_3397,0.05848
2026_3239_3397,0.0455
2026_3163_3348,0.99688
2026_3326_3348,0.89438
2026_3314_3348,0.85192
2026_3268_3348,0.8838
2026_3323_3348,0.81474
2026_3228_3348,0.76352
2026_3235_3348,0.74932
2026_3160_3348,0.6872
2026_3193_3348,0.49686
2026_3293_3348,0.3356
2026_3224_3348,0.13874
2026_3219_3348,0.1581
2026_3234_3348,0.8997
2026_3328_3348,0.8782
2026_3277_3348,0.82978
2026_3208_3348,0.73508
2026_3155_3348,0.54108
2026_3113_3348,0.562
2026_3161_3348,0.42394
2026_3225_3348,0.35976
2026_3192_3348,0.2082
2026_3276_3348,0.93878
2026_3257_3348,0.90006
2026_3246_3348,0.86254
2026_3104_3348,0.74646
2026_3301_3348,0.78628
2026_3332_3348,0.75316
2026_3241_3348,0.61236
2026_3275_3348,0.41036
2026_3221_3348,0.16754
2026_3283_3348,0.21582
2026_3261_3348,0.98054
2026_3181_3348,0.91386
2026_3278_3348,0.89484
2026_3279_3348,0.81806
2026_3124_3348,0.69236
2026_3329_3348,0.74128
2026_3343_3348,0.58582
2026_3304_3348,0.77272
2026_3211_3348,0.49144
2026_3158_3348,0.23372
2026_3239_3348,0.20058
2026_3163_3241,0.99192
2026_3228_3241,0.66346
2026_3235_3241,0.65108
2026_3160_3241,0.57252
2026_3193_3241,0.39324
2026_3224_3241,0.0849
2026_3219_3241,0.0974
2026_3234_3241,0.83758
2026_3208_3241,0.6301
2026_3155_3241,0.43078
2026_3113_3241,0.44508
2026_3161_3241,0.3159
2026_3225_3241,0.25998
2026_3192_3241,0.13556
2026_3104_3241,0.64444
2026_3221_3241,0.10352
2026_3181_3241,0.85892
2026_3124_3241,0.58766
2026_3211_3241,0.37742
2026_3158_3241,0.15262
2026_3239_3241,0.12556
2026_3163_3275,0.9983
2026_3268_3275,0.92408
2026_3228_3275,0.82772
2026_3235_3275,0.81526
2026_3160_3275,0.7585
2026_3193_3275,0.59592
2026_3224_3275,0.19604
2026_3219_3275,0.21714
2026_3234_3275,0.93496
2026_3208_3275,0.80388
2026_3155_3275,0.63068
2026_3113_3275,0.64702
2026_3161_3275,0.51322
2026_3225_3275,0.45142
2026_3192_3275,0.28152
2026_3257_3275,0.93474
2026_3246_3275,0.90402
2026_3104_3275,0.81282
2026_3241_3275,0.695
2026_3221_3275,0.22744
2026_3261_3275,0.98904
2026_3181_3275,0.9463
2026_3124_3275,0.76772
2026_3211_3275,0.58332
2026_3158_3275,0.30922
2026_3239_3275,0.26746
2026_3163_3436,0.9994
2026_3435_3436,0.97258
2026_3326_3436,0.95834
2026_3314_3436,0.9376
2026_3268_3436,0.95276
2026_3323_3436,0.91546
2026_3228_3436,0.8832
2026_3235_3436,0.87476
2026_3393_3436,0.80464
2026_3160_3436,0.82954
2026_3193_3436,0.6914
2026_3293_3436,0.52454
2026_3224_3436,0.27706
2026_3219_3436,0.30002
2026_3427_3436,0.38984
2026_3376_3436,0.99696
2026_3234_3436,0.9618
2026_3395_3436,0.9462
2026_3328_3436,0.95132
2026_3277_3436,0.92636
2026_3208_3436,0.86584
2026_3155_3436,0.71936
2026_3425_3436,0.9014
2026_3113_3436,0.73946
2026_3355_3436,0.74572
2026_3161_3436,0.61396
2026_3225_3436,0.5514
2026_3192_3436,0.37044
2026_3359_3436,0.09932
2026_3380_3436,0.17512
2026_3400_3436,0.9969
2026_3276_3436,0.98022
2026_3257_3436,0.96022
2026_3246_3436,0.9434
2026_3104_3436,0.87478
2026_3301_3436,0.89826
2026_3332_3436,0.87802
2026_3397_3436,0.90416
2026_3348_3436,0.6872
2026_3241_3436,0.77914
2026_3275_3436,0.60372
2026_3221_3436,0.31234
2026_3283_3436,0.38074
2026_3372_3436,0.27152
2026_3417_3436,0.99928
2026_3261_3436,0.99388
2026_3181_3436,0.96802
2026_3278_3436,0.95858
2026_3279_3436,0.91784
2026_3124_3436,0.83812
2026_3403_3436,0.8633
2026_3329_3436,0.869
2026_3343_3436,0.7596
2026_3304_3436,0.89262
2026_3350_3436,0.77342
2026_3211_3436,0.67522
2026_3158_3436,0.40652
2026_3239_3436,0.36096
2026_3163_3221,0.99988
2026_3160_3221,0.92592
2026_3193_3221,0.83592
2026_3219_3221,0.48448
2026_3208_3221,0.94566
2026_3155_3221,0.8571
2026_3113_3221,0.86616
2026_3161_3221,0.7827
2026_3192_3221,0.56374
2026_3104_3221,0.94688
2026_3181_3221,0.98944
2026_3124_3221,0.93016
2026_3211_3221,0.82708
2026_3158_3221,0.59564
2026_3163_3283,0.9998
2026_3268_3283,0.97632
2026_3228_3283,0.93264
2026_3235_3283,0.93002
2026_3160_3283,0.89764
2026_3193_3283,0.7901
2026_3224_3283,0.38436
2026_3219_3283,0.41356
2026_3234_3283,0.98046
2026_3277_3283,0.95996
2026_3208_3283,0.92258
2026_3155_3283,0.81456
2026_3113_3283,0.82516
2026_3161_3283,0.72322
2026_3225_3283,0.66656
2026_3192_3283,0.48782
2026_3276_3283,0.99032
2026_3257_3283,0.98036
2026_3246_3283,0.9703
2026_3104_3283,0.92718
2026_3241_3283,0.85952
2026_3275_3283,0.7114
2026_3221_3283,0.42844
2026_3261_3283,0.99734
2026_3181_3283,0.98376
2026_3278_3283,0.98054
2026_3279_3283,0.95382
2026_3124_3283,0.90146
2026_3211_3283,0.78008
2026_3158_3283,0.52548
2026_3239_3283,0.4736
2026_3163_3372,0.99996
2026_3326_3372,0.9899
2026_3314_3372,0.98364
2026_3268_3372,0.98834
2026_3323_3372,0.9772
2026_3228_3372,0.96416
2026_3235_3372,0.96318
2026_3160_3372,0.94074
2026_3193_3372,0.86368
2026_3293_3372,0.74708
2026_3224_3372,0.5066
2026_3219_3372,0.53486
2026_3234_3372,0.99086
2026_3328_3372,0.98802
2026_3277_3372,0.9808
2026_3208_3372,0.95646
2026_3155_3372,0.88444
2026_3113_3372,0.89314
2026_3355_3372,0.8991
2026_3161_3372,0.81334
2026_3225_3372,0.7681
2026_3192_3372,0.6108
2026_3359_3372,0.253
2026_3276_3372,0.9967
2026_3257_3372,0.99072
2026_3246_3372,0.9853
2026_3104_3372,0.95834
2026_3301_3372,0.96988
2026_3332_3372,0.96198
2026_3348_3372,0.86552
2026_3241_3372,0.9168
2026_3275_3372,0.80986
2026_3221_3372,0.548
2026_3283_3372,0.61492
2026_3261_3372,0.99914
2026_3181_3372,0.99318
2026_3278_3372,0.99092
2026_3279_3372,0.97658
2026_3124_3372,0.9446
2026_3329_3372,0.95826
2026_3343_3372,0.90542
2026_3304_3372,0.96744
2026_3350_3372,0.91708
2026_3211_3372,0.85608
2026_3158_3372,0.64652
2026_3239_3372,0.59592
2026_3163_3417,0.54458
2026_3326_3417,0.0888
2026_3314_3417,0.06252
2026_3268_3417,0.0808
2026_3323_3417,0.0434
2026_3228_3417,0.03028
2026_3235_3417,0.02908
2026_3393_3417,0.01388
2026_3160_3417,0.01784
2026_3193_3417,0.00454
2026_3293_3417,0.00142
2026_3224_3417,8e-05
2026_3219_3417,6e-05
2026_3376_3417,0.36784
2026_3234_3417,0.09542
2026_3395_3417,0.07366
2026_3328_3417,0.07952
2026_3277_3417,0.05246
2026_3208_3417,0.025
2026_3155_3417,0.00612
2026_3113_3417,0.00746
2026_3355_3417,0.008
2026_3161_3417,0.0027
2026_3225_3417,0.0014
2026_3192_3417,0.00024
2026_3359_3417,0
2026_3380_3417,4e-05
2026_3400_3417,0.37058
2026_3276_3417,0.1499
2026_3257_3417,0.0931
2026_3246_3417,0.06588
2026_3104_3417,0.02586
2026_3301_3417,0.03624
2026_3332_3417,0.02878
2026_3397_3417,0.0407
2026_3348_3417,0.00502
2026_3241_3417,0.01014
2026_3275_3417,0.0024
2026_3221_3417,0.00018
2026_3283_3417,0.00032
2026_3372_3417,0.00012
2026_3261_3417,0.29694
2026_3181_3417,0.11004
2026_3278_3417,0.08972
2026_3279_3417,0.04666
2026_3124_3417,0.01806
2026_3403_3417,0.0238
2026_3329_3417,0.02522
2026_3343_3417,0.00902
2026_3304_3417,0.0351
2026_3350_3417,0.0103
2026_3211_3417,0.00426
2026_3158_3417,0.00072
2026_3239_3417,0.00038
2026_3163_3261,0.74206
2026_3228_3261,0.08708
2026_3235_3261,0.0789
2026_3160_3261,0.05572
2026_3193_3261,0.02076
2026_3224_3261,0.00076
2026_3219_3261,0.00084
2026_3234_3261,0.21636
2026_3208_3261,0.07468
2026_3155_3261,0.02554
2026_3113_3261,0.0274
2026_3161_3261,0.01158
2026_3225_3261,0.00712
2026_3192_3261,0.0024
2026_3257_3261,0.21788
2026_3246_3261,0.16648
2026_3104_3261,0.07906
2026_3241_3261,0.03948
2026_3221_3261,8e-04
2026_3181_3261,0.24528
2026_3124_3261,0.06058
2026_3211_3261,0.01958
2026_3158_3261,0.00318
2026_3239_3261,0.0016
2026_3163_3181,0.90976
2026_3160_3181,0.18284
2026_3155_3181,0.10328
2026_3113_3181,0.11138
2026_3161_3181,0.05972
2026_3104_3181,0.23836
2026_3124_3181,0.19308
2026_3158_3181,0.01848
2026_3163_3278,0.9273
2026_3268_3278,0.4762
2026_3228_3278,0.29192
2026_3235_3278,0.28134
2026_3160_3278,0.21976
2026_3193_3278,0.10732
2026_3224_3278,0.0102
2026_3219_3278,0.01228
2026_3234_3278,0.51008
2026_3277_3278,0.3816
2026_3208_3278,0.26484
2026_3155_3278,0.12784
2026_3113_3278,0.13624
2026_3161_3278,0.07362
2026_3225_3278,0.05542
2026_3192_3278,0.02034
2026_3276_3278,0.61904
2026_3257_3278,0.50982
2026_3246_3278,0.43622
2026_3104_3278,0.2739
2026_3241_3278,0.17066
2026_3275_3278,0.06922
2026_3221_3278,0.013
2026_3261_3278,0.79164
2026_3181_3278,0.54708
2026_3124_3278,0.22816
2026_3211_3278,0.0987
2026_3158_3278,0.02496
2026_3239_3278,0.01798
2026_3163_3279,0.96486
2026_3268_3279,0.61122
2026_3228_3279,0.42416
2026_3235_3279,0.40676
2026_3160_3279,0.33242
2026_3193_3279,0.1812
2026_3224_3279,0.02354
2026_3219_3279,0.02938
2026_3234_3279,0.64742
2026_3277_3279,0.51474
2026_3208_3279,0.39186
2026_3155_3279,0.21428
2026_3113_3279,0.22386
2026_3161_3279,0.13888
2026_3225_3279,0.10338
2026_3192_3279,0.04546
2026_3276_3279,0.74344
2026_3257_3279,0.64664
2026_3246_3279,0.57426
2026_3104_3279,0.40496
2026_3241_3279,0.26818
2026_3275_3279,0.12772
2026_3221_3279,0.03058
2026_3261_3279,0.87708
2026_3181_3279,0.67768
2026_3278_3279,0.63884
2026_3124_3279,0.34744
2026_3211_3279,0.17602
2026_3158_3279,0.05218
2026_3239_3279,0.03932
2026_3113_3124,0.3589
2026_3104_3124,0.55516
2026_3163_3403,0.98322
2026_3326_3403,0.73838
2026_3314_3403,0.66472
2026_3268_3403,0.72226
2026_3323_3403,0.61606
2026_3228_3403,0.5406
2026_3235_3403,0.52564
2026_3393_3403,0.4078
2026_3160_3403,0.44308
2026_3193_3403,0.27242
2026_3293_3403,0.15106
2026_3224_3403,0.04608
2026_3219_3403,0.0523
2026_3376_3403,0.94792
2026_3234_3403,0.74618
2026_3395_3403,0.70066
2026_3328_3403,0.71408
2026_3277_3403,0.63184
2026_3208_3403,0.50758
2026_3155_3403,0.30674
2026_3113_3403,0.32056
2026_3355_3403,0.33478
2026_3161_3403,0.2134
2026_3225_3403,0.16626
2026_3192_3403,0.07894
2026_3359_3403,0.00924
2026_3380_3403,0.02184
2026_3400_3403,0.9514
2026_3276_3403,0.82614
2026_3257_3403,0.7485
2026_3246_3403,0.68446
2026_3104_3403,0.51988
2026_3301_3403,0.56926
2026_3332_3403,0.52588
2026_3397_3403,0.58594
2026_3348_3403,0.26694
2026_3241_3403,0.37354
2026_3275_3403,0.20258
2026_3221_3403,0.05654
2026_3283_3403,0.08018
2026_3372_3403,0.0427
2026_3261_3403,0.92726
2026_3181_3403,0.77932
2026_3278_3403,0.74018
2026_3279_3403,0.62006
2026_3124_3403,0.4593
2026_3329_3403,0.5131
2026_3343_3403,0.34686
2026_3304_3403,0.5576
2026_3350_3403,0.36782
2026_3211_3403,0.26162
2026_3158_3403,0.09406
2026_3239_3403,0.07398
2026_3163_3329,0.98118
2026_3326_3329,0.72428
2026_3314_3329,0.65654
2026_3268_3329,0.71362
2026_3323_3329,0.59538
2026_3228_3329,0.52544
2026_3235_3329,0.51524
2026_3160_3329,0.43548
2026_3193_3329,0.26446
2026_3293_3329,0.14362
2026_3224_3329,0.04098
2026_3219_3329,0.04954
2026_3234_3329,0.7351
2026_3328_3329,0.70514
2026_3277_3329,0.62102
2026_3208_3329,0.497
2026_3155_3329,0.29796
2026_3113_3329,0.31238
2026_3161_3329,0.20368
2026_3225_3329,0.1613
2026_3192_3329,0.07236
2026_3276_3329,0.81804
2026_3257_3329,0.73864
2026_3246_3329,0.6708
2026_3104_3329,0.50518
2026_3301_3329,0.5596
2026_3241_3329,0.36188
2026_3275_3329,0.19194
2026_3221_3329,0.05442
2026_3283_3329,0.07898
2026_3261_3329,0.92254
2026_3181_3329,0.7701
2026_3278_3329,0.72964
2026_3279_3329,0.60618
2026_3124_3329,0.4468
2026_3304_3329,0.54836
2026_3211_3329,0.25768
2026_3158_3329,0.0863
2026_3239_3329,0.07062
2026_3163_3343,0.99312
2026_3326_3343,0.84662
2026_3314_3343,0.79578
2026_3268_3343,0.83576
2026_3323_3343,0.75322
2026_3228_3343,0.69316
2026_3235_3343,0.68102
2026_3160_3343,0.59846
2026_3193_3343,0.41674
2026_3293_3343,0.25858
2026_3224_3343,0.09608
2026_3219_3343,0.11178
2026_3234_3343,0.85328
2026_3328_3343,0.82754
2026_3277_3343,0.7655
2026_3208_3343,0.6564
2026_3155_3343,0.45584
2026_3113_3343,0.475
2026_3161_3343,0.34334
2026_3225_3343,0.28368
2026_3192_3343,0.1548
2026_3276_3343,0.90894
2026_3257_3343,0.85542
2026_3246_3343,0.8082
2026_3104_3343,0.66972
2026_3301_3343,0.71638
2026_3332_3343,0.67684
2026_3241_3343,0.5297
2026_3275_3343,0.3299
2026_3221_3343,0.11866
2026_3283_3343,0.15798
2026_3261_3343,0.9678
2026_3181_3343,0.87392
2026_3278_3343,0.85058
2026_3279_3343,0.75942
2026_3124_3343,0.61416
2026_3329_3343,0.66424
2026_3304_3343,0.702
2026_3211_3343,0.40116
2026_3158_3343,0.17572
2026_3239_3343,0.14634
2026_3163_3437,0.97618
2026_3435_3437,0.75272
2026_3326_3437,0.69416
2026_3314_3437,0.62144
2026_3268_3437,0.67684
2026_3323_3437,0.56188
2026_3228_3437,0.48932
2026_3235_3437,0.47452
2026_3393_3437,0.35898
2026_3160_3437,0.39734
2026_3193_3437,0.23262
2026_3293_3437,0.12648
2026_3224_3437,0.03274
2026_3219_3437,0.03988
2026_3427_3437,0.06752
2026_3376_3437,0.93522
2026_3234_3437,0.70672
2026_3395_3437,0.65566
2026_3328_3437,0.6701
2026_3277_3437,0.58806
2026_3208_3437,0.45156
2026_3155_3437,0.26598
2026_3425_3437,0.53296
2026_3113_3437,0.2774
2026_3355_3437,0.2929
2026_3161_3437,0.17988
2026_3225_3437,0.13802
2026_3192_3437,0.0613
2026_3359_3437,0.00624
2026_3380_3437,0.01612
2026_3400_3437,0.93688
2026_3276_3437,0.79386
2026_3257_3437,0.70474
2026_3246_3437,0.63614
2026_3104_3437,0.46704
2026_3301_3437,0.52276
2026_3332_3437,0.4788
2026_3397_3437,0.53968
2026_3348_3437,0.23368
2026_3241_3437,0.32782
2026_3275_3437,0.16736
2026_3436_3437,0.1099
2026_3221_3437,0.04384
2026_3283_3437,0.0639
2026_3372_3437,0.03462
2026_3417_3437,0.9692
2026_3261_3437,0.90788
2026_3181_3437,0.73862
2026_3278_3437,0.70048
2026_3279_3437,0.57146
2026_3124_3437,0.41278
2026_3403_3437,0.45152
2026_3329_3437,0.47022
2026_3343_3437,0.30132
2026_3304_3437,0.50674
2026_3350_3437,0.3261
2026_3211_3437,0.22358
2026_3158_3437,0.07322
2026_3239_3437,0.05704
2026_3163_3304,0.97502
2026_3268_3304,0.6723
2026_3228_3304,0.47608
2026_3235_3304,0.46986
2026_3160_3304,0.38804
2026_3193_3304,0.22608
2026_3293_3304,0.1191
2026_3224_3304,0.03236
2026_3219_3304,0.03908
2026_3234_3304,0.70096
2026_3277_3304,0.5695
2026_3208_3304,0.44492
2026_3155_3304,0.25536
2026_3113_3304,0.26888
2026_3161_3304,0.17748
2026_3225_3304,0.1324
2026_3192_3304,0.05754
2026_3276_3304,0.78618
2026_3257_3304,0.69914
2026_3246_3304,0.62662
2026_3104_3304,0.45636
2026_3301_3304,0.51056
2026_3241_3304,0.31892
2026_3275_3304,0.16296
2026_3221_3304,0.04178
2026_3283_3304,0.06072
2026_3261_3304,0.9049
2026_3181_3304,0.72534
2026_3278_3304,0.69116
2026_3279_3304,0.55718
2026_3124_3304,0.40218
2026_3211_3304,0.21692
2026_3158_3304,0.06944
2026_3239_3304,0.05506
2026_3163_3350,0.992
2026_3326_3350,0.8354
2026_3314_3350,0.77968
2026_3268_3350,0.82034
2026_3323_3350,0.73358
2026_3228_3350,0.66884
2026_3235_3350,0.65508
2026_3160_3350,0.57998
2026_3193_3350,0.3959
2026_3293_3350,0.24344
2026_3224_3350,0.08814
2026_3219_3350,0.1
2026_3234_3350,0.84188
2026_3328_3350,0.81532
2026_3277_3350,0.74628
2026_3208_3350,0.63932
2026_3155_3350,0.43046
2026_3113_3350,0.44832
2026_3161_3350,0.31924
2026_3225_3350,0.2649
2026_3192_3350,0.1389
2026_3276_3350,0.89892
2026_3257_3350,0.84226
2026_3246_3350,0.79072
2026_3104_3350,0.64482
2026_3301_3350,0.69266
2026_3332_3350,0.65972
2026_3348_3350,0.38896
2026_3241_3350,0.50078
2026_3275_3350,0.301
2026_3221_3350,0.10412
2026_3283_3350,0.145
2026_3261_3350,0.96224
2026_3181_3350,0.86072
2026_3278_3350,0.83414
2026_3279_3350,0.73284
2026_3124_3350,0.58884
2026_3329_3350,0.63854
2026_3343_3350,0.47868
2026_3304_3350,0.68514
2026_3211_3350,0.37972
2026_3158_3350,0.15664
2026_3239_3350,0.13176
2026_3163_3211,0.99688
2026_3160_3211,0.69082
2026_3193_3211,0.5134
2026_3208_3211,0.74158
2026_3155_3211,0.55594
2026_3113_3211,0.56684
2026_3161_3211,0.43512
2026_3192_3211,0.21706
2026_3104_3211,0.75042
2026_3181_3211,0.91648
2026_3124_3211,0.70208
2026_3158_3211,0.24716
2026_3163_3453,0.99932
2026_3435_3453,0.96934
2026_3326_3453,0.95156
2026_3314_3453,0.93084
2026_3268_3453,0.94704
2026_3323_3453,0.90726
2026_3228_3453,0.87246
2026_3235_3453,0.86754
2026_3393_3453,0.79072
2026_3160_3453,0.81682
2026_3193_3453,0.67092
2026_3293_3453,0.50312
2026_3442_3453,0.44376
2026_3224_3453,0.2588
2026_3219_3453,0.28742
2026_3427_3453,0.36986
2026_3376_3453,0.99622
2026_3234_3453,0.9557
2026_3395_3453,0.94292
2026_3328_3453,0.94838
2026_3277_3453,0.9164
2026_3449_3453,0.91064
2026_3208_3453,0.85438
2026_3155_3453,0.70374
2026_3425_3453,0.89316
2026_3113_3453,0.7198
2026_3438_3453,0.77242
2026_3355_3453,0.7311
2026_3161_3453,0.59504
2026_3225_3453,0.53086
2026_3192_3453,0.35238
2026_3359_3453,0.08976
2026_3380_3453,0.16196
2026_3400_3453,0.99676
2026_3276_3453,0.97558
2026_3257_3453,0.95776
2026_3452_3453,0.937
2026_3246_3453,0.93782
2026_3104_3453,0.85716
2026_3301_3453,0.88722
2026_3332_3453,0.8685
2026_3439_3453,0.81348
2026_3397_3453,0.89724
2026_3348_3453,0.67138
2026_3241_3453,0.76224
2026_3275_3453,0.57806
2026_3436_3453,0.47716
2026_3221_3453,0.29594
2026_3283_3453,0.36016
2026_3372_3453,0.25238
2026_3417_3453,0.9988
2026_3261_3453,0.99364
2026_3181_3453,0.96302
2026_3278_3453,0.95218
2026_3279_3453,0.91022
2026_3124_3453,0.82758
2026_3403_3453,0.8531
2026_3329_3453,0.85986
2026_3343_3453,0.74288
2026_3437_3453,0.8793
2026_3304_3453,0.88202
2026_3350_3453,0.76374
2026_3211_3453,0.65878
2026_3158_3453,0.38618
2026_3239_3453,0.33724
2026_3155_3158,0.7936
2026_3113_3158,0.80524
2026_3104_3158,0.9143
2026_3124_3158,0.88922
2026_3163_3239,0.99974
2026_3228_3239,0.93896
2026_3235_3239,0.93642
2026_3160_3239,0.90582
2026_3193_3239,0.80284
2026_3224_3239,0.40568
2026_3219_3239,0.43192
2026_3234_3239,0.98446
2026_3208_3239,0.9271
2026_3155_3239,0.8299
2026_3113_3239,0.83936
2026_3161_3239,0.74424
2026_3225_3239,0.68562
2026_3192_3239,0.51516
2026_3104_3239,0.93508
2026_3221_3239,0.45142
2026_3181_3239,0.98734
2026_3124_3239,0.91296
2026_3211_3239,0.79566
2026_3158_3239,0.549
2026_3163_3465,0.99968
2026_3435_3465,0.98106
2026_3326_3465,0.96944
2026_3314_3465,0.95468
2026_3268_3465,0.96732
2026_3323_3465,0.93902
2026_3228_3465,0.91312
2026_3235_3465,0.9069
2026_3393_3465,0.84582
2026_3160_3465,0.86888
2026_3193_3465,0.74696
2026_3293_3465,0.59268
2026_3442_3465,0.53504
2026_3224_3465,0.33374
2026_3219_3465,0.36092
2026_3427_3465,0.45848
2026_3376_3465,0.99828
2026_3234_3465,0.9715
2026_3395_3465,0.96264
2026_3328_3465,0.9654
2026_3277_3465,0.94388
2026_3449_3465,0.93942
2026_3208_3465,0.89798
2026_3155_3465,0.77458
2026_3425_3465,0.92744
2026_3113_3465,0.78538
2026_3438_3465,0.83386
2026_3355_3465,0.79942
2026_3161_3465,0.67894
2026_3225_3465,0.61232
2026_3192_3465,0.43344
2026_3359_3465,0.1324
2026_3380_3465,0.21906
2026_3400_3465,0.99804
2026_3276_3465,0.98514
2026_3257_3465,0.97108
2026_3452_3465,0.96116
2026_3246_3465,0.95738
2026_3104_3465,0.90344
2026_3301_3465,0.92374
2026_3332_3465,0.90808
2026_3439_3465,0.8639
2026_3397_3465,0.9306
2026_3348_3465,0.74306
2026_3241_3465,0.82788
2026_3275_3465,0.66472
2026_3436_3465,0.5658
2026_3221_3465,0.3737
2026_3283_3465,0.4436
2026_3372_3465,0.32972
2026_3417_3465,0.99932
2026_3261_3465,0.99686
2026_3181_3465,0.97972
2026_3278_3465,0.97234
2026_3279_3465,0.94146
2026_3124_3465,0.8781
2026_3403_3465,0.89684
2026_3329_3465,0.89946
2026_3343_3465,0.80544
2026_3437_3465,0.91662
2026_3304_3465,0.91978
2026_3350_3465,0.82342
2026_3211_3465,0.73344
2026_3453_3465,0.58282
2026_3158_3465,0.47282
2026_3239_3465,0.4194
