ID,Pred
2026_1163_1181,0.271619211
2026_1155_1181,0.079878528
2026_1104_1181,0.264847025
2026_1103_1181,0.429474953
2026_1112_1181,0.586385635
2026_1116_1181,0.390506062
2026_1140_1181,0.202871593
2026_1155_1163,0.233254054
2026_1104_1163,0.55799902
2026_1103_1163,0.725115048
2026_1112_1163,0.83243934
2026_1116_1163,0.691850708
2026_1140_1163,0.471413403
2026_1181_1277,0.795796378
2026_1163_1277,0.526538632
2026_1242_1277,0.151825512
2026_1257_1277,0.428493438
2026_1202_1277,0.18783159
2026_1196_1277,0.772655898
2026_1222_1277,0.561743703
2026_1228_1277,0.815336912
2026_1155_1277,0.205654425
2026_1234_1277,0.414214667
2026_1270_1277,0.492831006
2026_1225_1277,0.113793603
2026_1250_1277,0.034913671
2026_1276_1277,0.725841253
2026_1235_1277,0.607839096
2026_1104_1277,0.517930062
2026_1246_1277,0.383885707
2026_1208_1277,0.537094249
2026_1275_1277,0.527464271
2026_1103_1277,0.691828912
2026_1220_1277,0.341530219
2026_1224_1277,0.214511963
2026_1112_1277,0.80872099
2026_1211_1277,0.736536343
2026_1116_1277,0.656445005
2026_1140_1277,0.431492269
2026_1274_1277,0.563955464
2026_1219_1277,0.669138446
2026_1218_1277,0.140914047
2026_1244_1277,0.224636635
2026_1254_1277,0.214853871
2026_1181_1242,0.966043502
2026_1163_1242,0.890334003
2026_1202_1242,0.628022116
2026_1196_1242,0.961256266
2026_1222_1242,0.903448691
2026_1228_1242,0.96990886
2026_1155_1242,0.653980307
2026_1234_1242,0.83771636
2026_1225_1242,0.483840471
2026_1235_1242,0.918799082
2026_1104_1242,0.886919468
2026_1208_1242,0.894405509
2026_1103_1242,0.942491087
2026_1220_1242,0.791075501
2026_1224_1242,0.665958745
2026_1112_1242,0.968617633
2026_1211_1242,0.953289341
2026_1116_1242,0.933105072
2026_1140_1242,0.847113338
2026_1219_1242,0.936564449
2026_1218_1242,0.544924539
2026_1181_1385,0.871793464
2026_1163_1385,0.659920216
2026_1277_1385,0.695134104
2026_1242_1385,0.238001039
2026_1257_1385,0.566769744
2026_1326_1385,0.554526163
2026_1378_1385,0.608222876
2026_1320_1385,0.127647455
2026_1295_1385,0.481151032
2026_1202_1385,0.287516266
2026_1373_1385,0.284431671
2026_1196_1385,0.855703456
2026_1222_1385,0.691027238
2026_1228_1385,0.885111619
2026_1304_1385,0.3843692
2026_1314_1385,0.536730959
2026_1155_1385,0.311173867
2026_1234_1385,0.552336412
2026_1270_1385,0.62901801
2026_1335_1385,0.199600014
2026_1225_1385,0.183040922
2026_1250_1385,0.059375923
2026_1341_1385,0.059213847
2026_1276_1385,0.822051423
2026_1235_1385,0.730059069
2026_1104_1385,0.652134592
2026_1246_1385,0.520887011
2026_1208_1385,0.669369421
2026_1365_1385,0.657191855
2026_1275_1385,0.660753099
2026_1374_1385,0.552514928
2026_1103_1385,0.796630736
2026_1220_1385,0.475071148
2026_1224_1385,0.322729681
2026_1112_1385,0.880629526
2026_1345_1385,0.858728108
2026_1211_1385,0.829873
2026_1116_1385,0.769266843
2026_1140_1385,0.569771513
2026_1274_1385,0.692943184
2026_1281_1385,0.492962227
2026_1301_1385,0.491871565
2026_1219_1385,0.77919395
2026_1218_1385,0.222521103
2026_1244_1385,0.335778643
2026_1254_1385,0.32317311
2026_1181_1257,0.871666519
2026_1163_1257,0.65966538
2026_1242_1257,0.237795207
2026_1202_1257,0.287283756
2026_1196_1257,0.855563219
2026_1222_1257,0.690784791
2026_1228_1257,0.884996122
2026_1155_1257,0.310930575
2026_1234_1257,0.552055681
2026_1225_1257,0.182871214
2026_1250_1257,0.059312548
2026_1235_1257,0.729835275
2026_1104_1257,0.651877
2026_1246_1257,0.520603676
2026_1208_1257,0.669118116
2026_1103_1257,0.796446744
2026_1220_1257,0.474788038
2026_1224_1257,0.322481584
2026_1112_1257,0.880510131
2026_1211_1257,0.829712654
2026_1116_1257,0.769065271
2026_1140_1257,0.569493194
2026_1219_1257,0.778998559
2026_1218_1257,0.222324753
2026_1244_1257,0.335525483
2026_1254_1257,0.322924834
2026_1181_1417,0.888618461
2026_1163_1417,0.694816605
2026_1277_1417,0.727906953
2026_1242_1417,0.268180468
2026_1385_1417,0.60523946
2026_1257_1417,0.605510677
2026_1326_1417,0.593576847
2026_1395_1417,0.4097718
2026_1416_1417,0.460874124
2026_1378_1417,0.645574997
2026_1320_1417,0.146524389
2026_1295_1417,0.521078683
2026_1202_1417,0.321326745
2026_1373_1417,0.318041335
2026_1196_1417,0.874335633
2026_1222_1417,0.724066325
2026_1228_1417,0.900388531
2026_1304_1417,0.422810259
2026_1314_1417,0.576149248
2026_1388_1417,0.723136923
2026_1155_1417,0.34641373
2026_1234_1417,0.591437623
2026_1401_1417,0.538101125
2026_1270_1417,0.665477953
2026_1407_1417,0.421034639
2026_1335_1417,0.226356533
2026_1225_1417,0.20815496
2026_1250_1417,0.068954684
2026_1341_1417,0.068768373
2026_1276_1417,0.844237927
2026_1235_1417,0.76037174
2026_1104_1417,0.687451511
2026_1403_1417,0.605060184
2026_1397_1417,0.809896974
2026_1246_1417,0.560549642
2026_1208_1417,0.703731505
2026_1387_1417,0.708430315
2026_1365_1417,0.692237643
2026_1275_1417,0.695603446
2026_1374_1417,0.591612075
2026_1103_1417,0.821297683
2026_1220_1417,0.514995051
2026_1398_1417,0.320908862
2026_1224_1417,0.358596934
2026_1112_1417,0.896432692
2026_1345_1417,0.877025856
2026_1211_1417,0.851260762
2026_1116_1417,0.796404555
2026_1140_1417,0.60842947
2026_1274_1417,0.725858672
2026_1281_1417,0.532863404
2026_1301_1417,0.531777049
2026_1400_1417,0.689351107
2026_1219_1417,0.805459354
2026_1218_1417,0.251385188
2026_1244_1417,0.372298923
2026_1254_1417,0.359063517
2026_1112_1254,1
2026_1163_1326,0.670735103
2026_1277_1326,0.705329189
2026_1242_1326,0.246921844
2026_1257_1326,0.578655562
2026_1320_1326,0.133154757
2026_1295_1326,0.49328575
2026_1202_1326,0.297568248
2026_1196_1326,0.861598008
2026_1222_1326,0.701300648
2026_1228_1326,0.889959327
2026_1304_1326,0.395925641
2026_1314_1326,0.548784801
2026_1155_1326,0.321679524
2026_1234_1326,0.564313814
2026_1270_1326,0.640279941
2026_1225_1326,0.190416482
2026_1250_1326,0.062147519
2026_1276_1326,0.82904603
2026_1235_1326,0.739523862
2026_1104_1326,0.66307066
2026_1246_1326,0.532994407
2026_1208_1326,0.680029512
2026_1275_1326,0.671554683
2026_1103_1326,0.804386782
2026_1220_1326,0.487196512
2026_1224_1326,0.333436625
2026_1112_1326,0.88564192
2026_1211_1326,0.836621267
2026_1116_1326,0.777775369
2026_1140_1326,0.581635767
2026_1274_1326,0.703180251
2026_1281_1326,0.505104836
2026_1301_1326,0.504014013
2026_1219_1326,0.787437556
2026_1218_1326,0.231037609
2026_1244_1326,0.34669689
2026_1254_1326,0.333887512
2026_1112_1429,1
2026_1163_1395,0.810796254
2026_1277_1395,0.834309996
2026_1242_1395,0.408198789
2026_1385_1395,0.742652729
2026_1257_1395,0.742869647
2026_1326_1395,0.733260621
2026_1378_1395,0.774186248
2026_1320_1395,0.244222417
2026_1295_1395,0.671906823
2026_1202_1395,0.471225829
2026_1373_1395,0.467463445
2026_1196_1395,0.929057901
2026_1222_1395,0.83162385
2026_1228_1395,0.944486038
2026_1304_1395,0.579619052
2026_1314_1395,0.71898706
2026_1388_1395,0.830972153
2026_1155_1395,0.499404143
2026_1234_1395,0.731524082
2026_1270_1395,0.789224964
2026_1335_1395,0.355135113
2026_1225_1395,0.331008874
2026_1250_1395,0.122345809
2026_1341_1395,0.122034147
2026_1276_1395,0.910728455
2026_1235_1395,0.856580689
2026_1104_1395,0.805446403
2026_1246_1395,0.705961573
2026_1208_1395,0.817214471
2026_1387_1395,0.820572341
2026_1365_1395,0.808927861
2026_1275_1395,0.811365252
2026_1374_1395,0.731665857
2026_1103_1395,0.896378836
2026_1220_1395,0.666512941
2026_1224_1395,0.512746797
2026_1112_1395,0.94216895
2026_1345_1395,0.930669523
2026_1211_1395,0.915055072
2026_1116_1395,0.880421707
2026_1140_1395,0.745199797
2026_1274_1395,0.832878803
2026_1281_1395,0.682243377
2026_1301_1395,0.68129664
2026_1219_1395,0.886273477
2026_1218_1395,0.387275066
2026_1244_1395,0.527494818
2026_1254_1395,0.513253453
2026_1181_1416,0.924217425
2026_1163_1416,0.776798779
2026_1277_1416,0.803513733
2026_1242_1416,0.359047375
2026_1385_1416,0.700927288
2026_1257_1416,0.701165223
2026_1326_1416,0.690646702
2026_1395_1416,0.514861566
2026_1378_1416,0.735754367
2026_1320_1416,0.207879906
2026_1295_1416,0.624510429
2026_1202_1416,0.419869606
2026_1373_1416,0.416194523
2026_1196_1416,0.914058074
2026_1222_1416,0.800447737
2026_1228_1416,0.932511336
2026_1304_1416,0.528251145
2026_1314_1416,0.675103193
2026_1388_1416,0.799704436
2026_1155_1416,0.447576343
2026_1234_1416,0.688750495
2026_1401_1416,0.640393655
2026_1270_1416,0.752534436
2026_1407_1416,0.526436589
2026_1335_1416,0.309036588
2026_1225_1416,0.286649982
2026_1250_1416,0.101699175
2026_1341_1416,0.101434029
2026_1276_1416,0.892302352
2026_1235_1416,0.829075777
2026_1104_1416,0.770759421
2026_1403_1416,0.700769984
2026_1397_1416,0.866887373
2026_1246_1416,0.66100267
2026_1208_1416,0.784063119
2026_1387_1416,0.787871915
2026_1365_1416,0.774687954
2026_1275_1416,0.777441953
2026_1374_1416,0.688905252
2026_1103_1416,0.87539613
2026_1220_1416,0.618779442
2026_1398_1416,0.419402765
2026_1224_1416,0.460808943
2026_1112_1416,0.929731622
2026_1345_1416,0.915979637
2026_1211_1416,0.897421419
2026_1116_1416,0.856724246
2026_1140_1416,0.703722575
2026_1274_1416,0.801879698
2026_1281_1416,0.63553022
2026_1301_1416,0.634518863
2026_1400_1416,0.772320383
2026_1219_1416,0.863555971
2026_1218_1416,0.339199039
2026_1244_1416,0.475520993
2026_1254_1416,0.461312867
2026_1181_1378,0.851271703
2026_1163_1378,0.620256929
2026_1277_1378,0.657445925
2026_1242_1378,0.20817358
2026_1257_1378,0.524077357
2026_1326_1378,0.511666801
2026_1320_1378,0.109659758
2026_1295_1378,0.438381954
2026_1202_1378,0.253548136
2026_1373_1378,0.250699736
2026_1196_1378,0.833099266
2026_1222_1378,0.653084734
2026_1228_1378,0.866394962
2026_1304_1378,0.344491087
2026_1314_1378,0.493722629
2026_1155_1378,0.275491469
2026_1234_1378,0.509452742
2026_1270_1378,0.588000721
2026_1335_1378,0.173489442
2026_1225_1378,0.158667109
2026_1250_1378,0.050452437
2026_1341_1378,0.050313417
2026_1276_1378,0.795435843
2026_1235_1378,0.694792738
2026_1104_1378,0.612097017
2026_1246_1378,0.477838754
2026_1208_1378,0.630190613
2026_1365_1378,0.617394849
2026_1275_1378,0.621131182
2026_1374_1378,0.509633177
2026_1103_1378,0.767289341
2026_1220_1378,0.432392124
2026_1224_1378,0.286272883
2026_1112_1378,0.861297108
2026_1345_1378,0.836507204
2026_1211_1378,0.804148567
2026_1116_1378,0.737279481
2026_1140_1378,0.527128133
2026_1274_1378,0.655118536
2026_1281_1378,0.450053943
2026_1301_1378,0.448974152
2026_1219_1378,0.748132223
2026_1218_1378,0.194139394
2026_1244_1378,0.298497455
2026_1254_1378,0.286687424
2026_1181_1320,0.983799499
2026_1163_1320,0.945443053
2026_1277_1320,0.953189344
2026_1242_1320,0.73610078
2026_1257_1320,0.921155672
2026_1295_1320,0.892260157
2026_1202_1320,0.782788712
2026_1196_1320,0.981467506
2026_1222_1320,0.952320315
2026_1228_1320,0.985673619
2026_1304_1320,0.847925986
2026_1314_1320,0.911867947
2026_1155_1320,0.801362655
2026_1234_1320,0.916795665
2026_1270_1320,0.938050037
2026_1225_1320,0.666765206
2026_1250_1320,0.360502259
2026_1276_1320,0.976334298
2026_1235_1320,0.960242685
2026_1104_1320,0.943635755
2026_1246_1320,0.906621726
2026_1208_1320,0.947588998
2026_1275_1320,0.945634274
2026_1103_1320,0.972208438
2026_1220_1320,0.889895267
2026_1224_1320,0.809723491
2026_1112_1320,0.985048438
2026_1211_1320,0.977559622
2026_1116_1320,0.967505364
2026_1140_1320,0.922039724
2026_1274_1320,0.952726821
2026_1281_1320,0.896721578
2026_1301_1320,0.896316751
2026_1219_1320,0.969244414
2026_1218_1320,0.718783496
2026_1244_1320,0.818661699
2026_1254_1320,0.81003575
2026_1181_1465,0.949799753
2026_1163_1465,0.843731669
2026_1277_1465,0.86383966
2026_1242_1465,0.46497025
2026_1385_1465,0.784294359
2026_1257_1465,0.784486362
2026_1417_1465,0.756036928
2026_1326_1465,0.775963535
2026_1395_1465,0.622134043
2026_1416_1465,0.669671736
2026_1378_1465,0.812016962
2026_1320_1465,0.289338241
2026_1295_1465,0.720690563
2026_1202_1465,0.528928551
2026_1373_1465,0.525163021
2026_1196_1465,0.942857909
2026_1222_1465,0.861552803
2026_1228_1465,0.955428868
2026_1304_1465,0.63466379
2026_1435_1465,0.852240554
2026_1314_1465,0.763237228
2026_1388_1465,0.860997584
2026_1155_1465,0.55692318
2026_1234_1465,0.774419476
2026_1401_1465,0.734236701
2026_1433_1465,0.824858317
2026_1270_1465,0.825105395
2026_1407_1465,0.632974157
2026_1335_1465,0.40963489
2026_1225_1465,0.38401097
2026_1250_1465,0.149397607
2026_1341_1465,0.149028735
2026_1276_1465,0.927816974
2026_1235_1465,0.882699262
2026_1438_1465,0.906470768
2026_1104_1465,0.839128312
2026_1403_1465,0.784167401
2026_1397_1465,0.909936984
2026_1246_1465,0.75155407
2026_1208_1465,0.849240383
2026_1387_1465,0.852116385
2026_1365_1465,0.842125185
2026_1275_1465,0.844220649
2026_1374_1465,0.77454558
2026_1103_1465,0.915960716
2026_1220_1465,0.715759411
2026_1460_1465,0.73729197
2026_1398_1465,0.528450908
2026_1224_1465,0.570052613
2026_1420_1465,0.509929477
2026_1112_1465,0.953546056
2026_1345_1465,0.944174868
2026_1211_1465,0.931377786
2026_1116_1465,0.902691741
2026_1458_1465,0.738795311
2026_1140_1465,0.78654774
2026_1274_1465,0.862621538
2026_1437_1465,0.733935118
2026_1429_1465,0.87772718
2026_1281_1465,0.730107544
2026_1301_1465,0.72924682
2026_1400_1465,0.840320179
2026_1219_1465,0.907568104
2026_1218_1465,0.443316392
2026_1244_1465,0.584471764
2026_1254_1465,0.570549589
2026_1181_1295,0.905500228
2026_1163_1295,0.73222069
2026_1277_1295,0.762640861
2026_1242_1295,0.305617199
2026_1257_1295,0.648320258
2026_1202_1295,0.362507453
2026_1196_1295,0.893121835
2026_1222_1295,0.75912827
2026_1228_1295,0.91565567
2026_1155_1295,0.388966876
2026_1234_1295,0.634853441
2026_1270_1295,0.704950919
2026_1225_1295,0.239959937
2026_1250_1295,0.081684656
2026_1276_1295,0.866838318
2026_1235_1295,0.792144777
2026_1104_1295,0.725401531
2026_1246_1295,0.605055941
2026_1208_1295,0.74045111
2026_1275_1295,0.732948159
2026_1103_1295,0.846621887
2026_1220_1295,0.560497638
2026_1224_1295,0.401726784
2026_1112_1295,0.91224704
2026_1211_1295,0.872995463
2026_1116_1295,0.824502608
2026_1140_1295,0.651104815
2026_1274_1295,0.760768118
2026_1281_1295,0.578063072
2026_1219_1295,0.832570476
2026_1218_1295,0.287398119
2026_1244_1295,0.416007894
2026_1254_1295,0.402214294
2026_1181_1202,0.95655889
2026_1112_1437,1
2026_1196_1202,0.950503011
2026_1155_1202,0.593966932
2026_1104_1202,0.858569772
2026_1103_1202,0.926925519
2026_1112_1202,0.959822115
2026_1116_1202,0.915227553
2026_1140_1202,0.810911707
2026_1155_1196,0
2026_1163_1373,0.864487295
2026_1277_1373,0.882297111
2026_1242_1373,0.506615204
2026_1257_1373,0.811351562
2026_1326_1373,0.803625211
2026_1320_1373,0.324802286
2026_1295_1373,0.753004465
2026_1202_1373,0.57019698
2026_1196_1373,0.951208905
2026_1222_1373,0.880277289
2026_1228_1373,0.9620167
2026_1304_1373,0.672406295
2026_1314_1373,0.792049119
2026_1155_1373,0.597604911
2026_1234_1373,0.802223205
2026_1270_1373,0.847888958
2026_1335_1373,0.450496797
2026_1225_1373,0.424153247
2026_1250_1373,0.171857122
2026_1341_1373,0.171443973
2026_1276_1373,0.938222091
2026_1235_1373,0.898899376
2026_1104_1373,0.86039419
2026_1246_1373,0.781380459
2026_1208_1373,0.869377612
2026_1365_1373,0.863059553
2026_1275_1373,0.864921726
2026_1103_1373,0.927942169
2026_1220_1373,0.748444678
2026_1224_1373,0.610372222
2026_1112_1373,0.960400643
2026_1345_1373,0.952343126
2026_1211_1373,0.941302089
2026_1116_1373,0.916392271
2026_1140_1373,0.813217158
2026_1274_1373,0.881221409
2026_1281_1373,0.761692226
2026_1301_1373,0.760899243
2026_1219_1373,0.920642423
2026_1218_1373,0.484779193
2026_1244_1373,0.624330285
2026_1254_1373,0.610854408
2026_1181_1196,0.599745576
2026_1163_1196,0.299523865
2026_1163_1202,1
2026_1104_1196,0.292335174
2026_1103_1196,0.463281968
2026_1112_1196,0.61914016
2026_1116_1196,0.423522696
2026_1140_1196,0.225903977
2026_1181_1222,0.798915886
2026_1163_1222,0.531349087
2026_1202_1222,0.190794605
2026_1196_1222,0.77602942
2026_1155_1222,0.208826302
2026_1104_1222,0.522748704
2026_1208_1222,0.541890766
2026_1103_1222,0.69592981
2026_1220_1222,0.345885233
2026_1112_1222,0.811689777
2026_1211_1222,0.740265666
2026_1116_1222,0.660785894
2026_1140_1222,0.436234449
2026_1219_1222,0.673398747
2026_1218_1222,0.143267503
2026_1181_1228,0.535616023
2026_1163_1228,0.247635028
2026_1202_1228,0.064062959
2026_1196_1228,0.50146228
2026_1222_1228,0.275024413
2026_1155_1228,0.071170862
2026_1225_1228,0.036611883
2026_1104_1228,0.241262758
2026_1208_1228,0.255618076
2026_1103_1228,0.399191177
2026_1220_1228,0.133079292
2026_1224_1228,0.074781483
2026_1112_1228,0.555816615
2026_1211_1228,0.452772018
2026_1116_1228,0.361230317
2026_1140_1228,0.183429143
2026_1219_1228,0.374436888
2026_1218_1228,0.046298605
2026_1181_1304,0.934349318
2026_1163_1304,0.802426731
2026_1277_1304,0.82675837
2026_1242_1304,0.39530232
2026_1257_1304,0.732486746
2026_1295_1304,0.659970048
2026_1202_1304,0.457878747
2026_1196_1304,0.925438661
2026_1222_1304,0.823975627
2026_1228_1304,0.941604421
2026_1155_1304,0.485992487
2026_1234_1304,0.720855198
2026_1270_1304,0.780159951
2026_1225_1304,0.319235599
2026_1250_1304,0.116699582
2026_1276_1304,0.906268448
2026_1235_1304,0.84986143
2026_1104_1304,0.796899507
2026_1246_1304,0.694700818
2026_1208_1304,0.809062001
2026_1275_1304,0.803014783
2026_1103_1304,0.891287499
2026_1220_1304,0.654480838
2026_1224_1304,0.499334238
2026_1112_1304,0.939174803
2026_1211_1304,0.910790049
2026_1116_1304,0.874655965
2026_1140_1304,0.734877407
2026_1274_1304,0.825275608
2026_1281_1304,0.670498246
2026_1301_1304,0.669533466
2026_1219_1304,0.880751675
2026_1218_1304,0.374621192
2026_1244_1304,0.514103517
2026_1254_1304,0.499841237
2026_1181_1435,0.810842906
2026_1163_1435,0.550211469
2026_1277_1435,0.589722722
2026_1242_1435,0.16450496
2026_1385_1435,0.451684961
2026_1257_1435,0.45196615
2026_1417_1435,0.41249482
2026_1326_1435,0.439685615
2026_1395_1435,0.271679386
2026_1416_1435,0.314743755
2026_1378_1435,0.494608892
2026_1320_1435,0.084452348
2026_1295_1435,0.368921784
2026_1202_1435,0.202799051
2026_1373_1435,0.200367738
2026_1196_1435,0.788955321
2026_1222_1435,0.585043517
2026_1228_1435,0.829252547
2026_1304_1435,0.282426422
2026_1314_1435,0.422083911
2026_1388_1435,0.583914942
2026_1155_1435,0.221654506
2026_1234_1435,0.437503977
2026_1401_1435,0.384969117
2026_1433_1435,0.516214714
2026_1270_1435,0.516642058
2026_1407_1435,0.280953383
2026_1335_1435,0.135848279
2026_1225_1435,0.123760327
2026_1250_1435,0.038269968
2026_1341_1435,0.038163167
2026_1276_1435,0.74438668
2026_1235_1435,0.630301099
2026_1104_1435,0.541658648
2026_1403_1435,0.451499148
2026_1397_1435,0.695959592
2026_1246_1435,0.406653555
2026_1208_1435,0.560679663
2026_1387_1435,0.566248877
2026_1365_1435,0.547206855
2026_1275_1435,0.551130281
2026_1374_1435,0.437681665
2026_1103_1435,0.711761445
2026_1220_1435,0.363267143
2026_1398_1435,0.202489322
2026_1224_1435,0.231000766
2026_1420_1435,0.190770468
2026_1112_1435,0.823026967
2026_1345_1435,0.793040712
2026_1211_1435,0.754602897
2026_1116_1435,0.677599641
2026_1140_1435,0.45499847
2026_1274_1435,0.587224096
2026_1429_1435,0.619245331
2026_1281_1435,0.379995697
2026_1301_1435,0.378968164
2026_1400_1435,0.543856389
2026_1219_1435,0.689880724
2026_1218_1435,0.152846456
2026_1244_1435,0.24166425
2026_1254_1435,0.231361214
2026_1181_1314,0.884654938
2026_1163_1314,0.686390511
2026_1277_1314,0.72002634
2026_1242_1314,0.260511703
2026_1257_1314,0.596052361
2026_1295_1314,0.511230077
2026_1202_1314,0.31278779
2026_1196_1314,0.869938245
2026_1222_1314,0.716117858
2026_1228_1314,0.896795203
2026_1304_1314,0.413216465
2026_1155_1314,0.337539679
2026_1234_1314,0.581874888
2026_1270_1314,0.656642117
2026_1225_1314,0.201729507
2026_1250_1314,0.066465476
2026_1276_1314,0.838981288
2026_1235_1314,0.753112485
2026_1104_1314,0.678916037
2026_1246_1314,0.550813023
2026_1208_1314,0.695443661
2026_1275_1314,0.687189295
2026_1103_1314,0.815436108
2026_1220_1314,0.505140151
2026_1224_1314,0.349577714
2026_1112_1314,0.892713667
2026_1211_1314,0.846197952
2026_1116_1314,0.789935308
2026_1140_1314,0.598994789
2026_1274_1314,0.717941723
2026_1281_1314,0.523035315
2026_1301_1314,0.521946609
2026_1219_1314,0.799205282
2026_1218_1314,0.24403654
2026_1244_1314,0.363130189
2026_1254_1314,0.350038967
2026_1181_1388,0.799661381
2026_1163_1388,0.53250609
2026_1277_1388,0.572363833
2026_1242_1388,0.154935922
2026_1385_1388,0.434090236
2026_1257_1388,0.434369149
2026_1326_1388,0.4221984
2026_1378_1388,0.476796077
2026_1320_1388,0.079099014
2026_1295_1388,0.352478516
2026_1202_1388,0.19151309
2026_1373_1388,0.189184973
2026_1196_1388,0.776836062
2026_1222_1388,0.567631802
2026_1228_1388,0.818916226
2026_1304_1388,0.268199944
2026_1314_1388,0.404791007
2026_1155_1388,0.209595102
2026_1234_1388,0.420038485
2026_1270_1388,0.498818924
2026_1335_1388,0.127691402
2026_1225_1388,0.116231635
2026_1250_1388,0.035729835
2026_1341_1388,0.03562986
2026_1276_1388,0.73058205
2026_1235_1388,0.613533957
2026_1104_1388,0.523907915
2026_1246_1388,0.389566688
2026_1208_1388,0.543044125
2026_1387_1388,0.548656935
2026_1365_1388,0.529484344
2026_1275_1388,0.5334304
2026_1374_1388,0.420214379
2026_1103_1388,0.696912265
2026_1220_1388,0.346937353
2026_1224_1388,0.218575663
2026_1112_1388,0.812399034
2026_1345_1388,0.781090962
2026_1211_1388,0.741158151
2026_1116_1388,0.661826721
2026_1140_1388,0.437377631
2026_1274_1388,0.569836603
2026_1281_1388,0.363343029
2026_1301_1388,0.36233421
2026_1219_1388,0.674419942
2026_1218_1388,0.143838826
2026_1244_1388,0.228836259
2026_1254_1388,0.218922243
2026_1104_1155,0.844305794
2026_1103_1155,0.918904404
2026_1112_1155,0.955237561
2026_1116_1155,0.906052538
2026_1140_1155,0.79300002
2026_1181_1234,0.878076853
2026_1163_1234,0.672688906
2026_1202_1234,0.299423535
2026_1181_1326,1
2026_1222_1234,0.703153349
2026_1228_1234,0.890824028
2026_1155_1234,0.323615882
2026_1225_1234,0.191786101
2026_1104_1234,0.665047231
2026_1208_1234,0.681954315
2026_1103_1234,0.805777164
2026_1220_1234,0.489410346
2026_1224_1234,0.33540876
2026_1112_1234,0.886536223
2026_1211_1234,0.837828725
2026_1116_1234,0.779303004
2026_1140_1234,0.583790197
2026_1219_1234,0.788916797
2026_1218_1234,0.232615455
2026_1181_1401,0.899488518
2026_1163_1401,0.718611175
2026_1277_1401,0.750049647
2026_1242_1401,0.291310898
2026_1385_1401,0.632322366
2026_1257_1401,0.632586272
2026_1326_1401,0.620958787
2026_1395_1401,0.437808517
2026_1378_1401,0.671393093
2026_1320_1401,0.161477294
2026_1295_1401,0.549639116
2026_1202_1401,0.346868364
2026_1373_1401,0.343453963
2026_1196_1401,0.886421432
2026_1222_1401,0.746412681
2026_1228_1401,0.910225958
2026_1304_1401,0.451057324
2026_1314_1401,0.603921858
2026_1388_1401,0.745532094
2026_1155_1401,0.372853923
2026_1234_1401,0.618871147
2026_1270_1401,0.6905412
2026_1335_1401,0.247097667
2026_1225_1401,0.227719194
2026_1250_1401,0.076702977
2026_1341_1401,0.076497451
2026_1276_1401,0.858750748
2026_1235_1401,0.780668546
2026_1104_1401,0.711581955
2026_1397_1401,0.826953601
2026_1246_1401,0.588614562
2026_1208_1401,0.727103996
2026_1387_1401,0.731573511
2026_1365_1401,0.716151145
2026_1275_1401,0.719361446
2026_1374_1401,0.619041431
2026_1103_1401,0.837536596
2026_1220_1401,0.543600517
2026_1398_1401,0.34643422
2026_1224_1401,0.385418662
2026_1112_1401,0.906620274
2026_1345_1401,0.888885803
2026_1211_1401,0.865223705
2026_1116_1401,0.814394333
2026_1140_1401,0.635425353
2026_1274_1401,0.748110372
2026_1281_1401,0.561312715
2026_1301_1401,0.56023792
2026_1400_1401,0.713396035
2026_1219_1401,0.822827038
2026_1218_1401,0.273608623
2026_1244_1401,0.399507162
2026_1254_1401,0.385899147
2026_1181_1433,0.8399913
2026_1163_1433,0.59969442
2026_1277_1433,0.637720969
2026_1242_1433,0.194282981
2026_1385_1433,0.502200437
2026_1257_1433,0.502484254
2026_1417_1433,0.46232292
2026_1326_1433,0.49005851
2026_1395_1433,0.313576412
2026_1416_1433,0.359999308
2026_1378_1433,0.54515206
2026_1320_1433,0.101499983
2026_1295_1433,0.41722433
2026_1202_1433,0.237538135
2026_1373_1433,0.234813015
2026_1196_1433,0.820730818
2026_1222_1433,0.63324874
2026_1228_1433,0.856067654
2026_1304_1433,0.32524069
2026_1314_1433,0.472139468
2026_1388_1433,0.632168841
2026_1155_1433,0.258575858
2026_1234_1433,0.487844546
2026_1401_1433,0.433928039
2026_1270_1433,0.566911153
2026_1407_1433,0.323645063
2026_1335_1433,0.161441321
2026_1225_1433,0.147464682
2026_1250_1433,0.046468339
2026_1341_1433,0.04633976
2026_1276_1433,0.781009962
2026_1235_1433,0.676159003
2026_1104_1433,0.591383744
2026_1403_1433,0.502012869
2026_1397_1433,0.737070547
2026_1246_1433,0.456324104
2026_1208_1433,0.609827637
2026_1387_1433,0.615201407
2026_1365_1433,0.596778112
2026_1275_1433,0.600585529
2026_1374_1433,0.488024941
2026_1103_1433,0.751498666
2026_1220_1433,0.411311868
2026_1398_1433,0.237191135
2026_1224_1433,0.268941012
2026_1420_1433,0.224028109
2026_1112_1433,0.850643679
2026_1345_1433,0.824338055
2026_1211_1433,0.790175033
2026_1116_1433,0.720195057
2026_1140_1433,0.505542854
2026_1274_1433,0.635333898
2026_1429_1433,0.66574736
2026_1281_1433,0.42876306
2026_1301_1433,0.427694624
2026_1400_1433,0.59352198
2026_1219_1433,0.731496522
2026_1218_1433,0.180971217
2026_1244_1433,0.280716565
2026_1254_1433,0.269339927
2026_1181_1270,0.839761167
2026_1163_1270,0.599283552
2026_1242_1270,0.194015251
2026_1257_1270,0.502056457
2026_1202_1270,0.237228348
2026_1196_1270,0.820478904
2026_1222_1270,0.632851227
2026_1228_1270,0.855856675
2026_1155_1270,0.258247927
2026_1234_1270,0.487417001
2026_1225_1270,0.147249679
2026_1250_1270,0.046392575
2026_1235_1270,0.675784187
2026_1104_1270,0.590970164
2026_1246_1270,0.455899595
2026_1208_1270,0.609420395
2026_1103_1270,0.75117896
2026_1220_1270,0.410897585
2026_1224_1270,0.268604699
2026_1112_1270,0.850426139
2026_1211_1270,0.789891173
2026_1116_1270,0.719850091
2026_1140_1270,0.505115096
2026_1219_1270,0.731160289
2026_1218_1270,0.180717717
2026_1244_1270,0.280371173
2026_1254_1270,0.269003298
2026_1181_1407,0.934794468
2026_1163_1407,0.803578349
2026_1277_1407,0.827798598
2026_1242_1407,0.39704384
2026_1385_1407,0.73368908
2026_1257_1407,0.733910846
2026_1326_1407,0.724091373
2026_1395_1407,0.555067513
2026_1378_1407,0.76597483
2026_1320_1407,0.235763329
2026_1295_1407,0.661601843
2026_1202_1407,0.459686379
2026_1373_1407,0.455936686
2026_1196_1407,0.925939443
2026_1222_1407,0.825029028
2026_1228_1407,0.942003432
2026_1304_1407,0.568277904
2026_1314_1407,0.709521525
2026_1388_1407,0.824357197
2026_1155_1407,0.487811238
2026_1234_1407,0.722317745
2026_1401_1407,0.676728261
2026_1270_1407,0.781406001
2026_1335_1407,0.344585914
2026_1225_1407,0.320819798
2026_1250_1407,0.117452108
2026_1341_1407,0.117151248
2026_1276_1407,0.906885029
2026_1235_1407,0.850787973
2026_1104_1407,0.798075234
2026_1403_1407,0.733542457
2026_1397_1407,0.884465763
2026_1246_1407,0.696242654
2026_1208_1407,0.810184091
2026_1387_1407,0.813641662
2026_1365_1407,0.801656115
2026_1275_1407,0.80416381
2026_1374_1407,0.722462537
2026_1103_1407,0.891990882
2026_1220_1407,0.656125251
2026_1398_1407,0.45921031
2026_1224_1407,0.501154237
2026_1112_1407,0.93958935
2026_1345_1407,0.927616389
2026_1211_1407,0.911379795
2026_1116_1407,0.875451919
2026_1140_1407,0.736293362
2026_1274_1407,0.82632287
2026_1281_1407,0.672104619
2026_1301_1407,0.671142236
2026_1400_1407,0.799498581
2026_1219_1407,0.881514164
2026_1218_1407,0.376328304
2026_1244_1407,0.515921876
2026_1254_1407,0.501661232
2026_1181_1335,0.972701743
2026_1163_1335,0.910461533
2026_1277_1335,0.922768958
2026_1242_1335,0.620736267
2026_1257_1335,0.872698116
2026_1326_1335,0.867072658
2026_1320_1335,0.433993304
2026_1295_1335,0.829333783
2026_1202_1335,0.678931769
2026_1196_1335,0.9688229
2026_1222_1335,0.921381761
2026_1228_1335,0.97582814
2026_1304_1335,0.765899552
2026_1314_1335,0.858578536
2026_1155_1335,0.703017286
2026_1234_1335,0.866048126
2026_1270_1335,0.898835397
2026_1225_1335,0.540030481
2026_1250_1335,0.248559432
2026_1276_1335,0.960328904
2026_1235_1335,0.934089033
2026_1104_1335,0.907608652
2026_1246_1335,0.850679612
2026_1208_1335,0.913858075
2026_1275_1335,0.910763792
2026_1103_1335,0.953545443
2026_1220_1335,0.825857235
2026_1224_1335,0.714040444
2026_1112_1335,0.974784309
2026_1211_1335,0.962350972
2026_1116_1335,0.945859968
2026_1140_1335,0.874051215
2026_1274_1335,0.922030447
2026_1281_1335,0.835921765
2026_1301_1335,0.835322384
2026_1219_1335,0.94869601
2026_1218_1335,0.599962789
2026_1244_1335,0.725952135
2026_1254_1335,0.714454353
2026_1181_1225,0.975405675
2026_1163_1225,0.918815905
2026_1202_1225,0.701813819
2026_1196_1225,0.971899939
2026_1181_1373,1
2026_1155_1225,0.724878385
2026_1104_1225,0.916204713
2026_1208_1225,0.921922711
2026_1103_1225,0.958065032
2026_1220_1225,0.84072463
2026_1224_1225,0.735395527
2026_1112_1225,0.977286777
2026_1211_1225,0.966044373
2026_1116_1225,0.951088928
2026_1140_1225,0.88537514
2026_1219_1225,0.953664477
2026_1218_1225,0.625367324
2026_1181_1250,0.992946223
2026_1163_1250,0.975710978
2026_1242_1250,0.866056617
2026_1202_1250,0.893092444
2026_1181_1395,1
2026_1222_1250,0.97885809
2026_1228_1250,0.993768926
2026_1155_1250,0.90339821
2026_1234_1250,0.96232366
2026_1225_1250,0.822638084
2026_1235_1250,0.982452242
2026_1104_1250,0.974879719
2026_1246_1250,0.957458403
2026_1208_1250,0.97669571
2026_1103_1250,0.987818386
2026_1220_1250,0.949329165
2026_1224_1250,0.907957558
2026_1112_1250,0.99349468
2026_1211_1250,0.990194236
2026_1116_1250,0.985718126
2026_1140_1250,0.964808404
2026_1219_1250,0.986496069
2026_1218_1250,0.855594185
2026_1244_1250,0.912778304
2026_1181_1341,0.992966545
2026_1163_1341,0.975779745
2026_1277_1341,0.979312917
2026_1242_1341,0.866393325
2026_1257_1341,0.964490259
2026_1326_1341,0.96274794
2026_1320_1341,0.752350431
2026_1295_1341,0.950625088
2026_1202_1341,0.893369557
2026_1196_1234,1
2026_1222_1341,0.978918139
2026_1228_1341,0.993786893
2026_1304_1341,0.928379885
2026_1314_1341,0.960086084
2026_1155_1341,0.903651491
2026_1234_1341,0.962428869
2026_1270_1341,0.97237755
2026_1335_1341,0.838120923
2026_1225_1341,0.823061639
2026_1250_1341,0.567204396
2026_1276_1341,0.989681219
2026_1235_1341,0.982502265
2026_1104_1341,0.974950779
2026_1246_1341,0.9575766
2026_1208_1341,0.976761755
2026_1275_1341,0.975867351
2026_1103_1341,0.987853302
2026_1220_1341,0.949468755
2026_1224_1341,0.908200099
2026_1112_1341,0.993513432
2026_1211_1341,0.990222408
2026_1116_1341,0.985758974
2026_1140_1341,0.964906928
2026_1274_1341,0.979102855
2026_1281_1341,0.95279752
2026_1301_1341,0.952600879
2026_1219_1341,0.986534723
2026_1218_1341,0.855952819
2026_1244_1341,0.91300936
2026_1254_1341,0.908369039
2026_1181_1276,0.65794508
2026_1163_1276,0.354384609
2026_1242_1276,0.081179352
2026_1257_1276,0.270107726
2026_1202_1276,0.102455191
2026_1196_1276,0.626514681
2026_1222_1276,0.387499846
2026_1228_1276,0.685463009
2026_1155_1276,0.113307093
2026_1234_1276,0.258717591
2026_1270_1276,0.324152475
2026_1225_1276,0.059600595
2026_1250_1276,0.017542775
2026_1235_1276,0.433438044
2026_1104_1276,0.34653061
2026_1246_1276,0.235202695
2026_1196_1250,1
2026_1275_1276,0.355234676
2026_1103_1276,0.525629525
2026_1220_1276,0.203824872
2026_1196_1341,1
2026_1112_1276,0.676042865
2026_1211_1276,0.579803696
2026_1116_1276,0.485358229
2026_1140_1276,0.272526668
2026_1274_1276,0.389635496
2026_1219_1276,0.499553853
2026_1218_1276,0.07489678
2026_1244_1276,0.125107989
2026_1254_1276,0.118994429
2026_1181_1235,0.766658104
2026_1163_1235,0.483896792
2026_1202_1235,0.163166844
2026_1196_1235,0.741289116
2026_1222_1235,0.519378365
2026_1228_1235,0.788244981
2026_1155_1235,0.179165597
2026_1234_1235,0.373493502
2026_1225_1235,0.097681703
2026_1104_1235,0.475285535
2026_1208_1235,0.494490377
2026_1103_1235,0.654299879
2026_1220_1235,0.304243375
2026_1224_1235,0.187151055
2026_1112_1235,0.780919243
2026_1211_1235,0.702107459
2026_1116_1235,0.616992481
2026_1140_1235,0.390203995
2026_1219_1235,0.630322703
2026_1218_1235,0.121488609
2026_1181_1438,0.718391113
2026_1163_1438,0.421290901
2026_1277_1438,0.46103361
2026_1242_1438,0.104885233
2026_1385_1438,0.328965741
2026_1257_1438,0.329216403
2026_1417_1438,0.294700504
2026_1326_1438,0.318333799
2026_1395_1438,0.181663102
2026_1416_1438,0.214664355
2026_1378_1438,0.368055745
2026_1320_1438,0.052038183
2026_1295_1438,0.258103961
2026_1202_1438,0.131484929
2026_1373_1438,0.129769413
2026_1196_1438,0.689897109
2026_1222_1438,0.456240013
2026_1228_1438,0.74294609
2026_1304_1438,0.189777136
2026_1435_1438,0.43746589
2026_1314_1438,0.302963369
2026_1388_1438,0.455087408
2026_1155_1438,0.144915172
2026_1234_1438,0.316414261
2026_1401_1438,0.271404006
2026_1433_1438,0.388381669
2026_1270_1438,0.388788234
2026_1407_1438,0.188660276
2026_1335_1438,0.085550829
2026_1225_1438,0.077536836
2026_1250_1438,0.023133464
2026_1341_1438,0.023067891
2026_1276_1438,0.634110832
2026_1235_1438,0.503626745
2026_1104_1438,0.412902425
2026_1403_1438,0.32880014
2026_1397_1438,0.576672761
2026_1246_1438,0.289704765
2026_1208_1438,0.431660237
2026_1387_1438,0.437223334
2026_1365_1438,0.418335517
2026_1275_1438,0.422196507
2026_1374_1438,0.316570448
2026_1103_1438,0.59506711
2026_1220_1438,0.253465671
2026_1398_1438,0.131266183
2026_1224_1438,0.151656123
2026_1420_1438,0.123033389
2026_1112_1438,0.734580908
2026_1345_1438,0.695159144
2026_1211_1438,0.646642296
2026_1116_1438,0.555708001
2026_1140_1438,0.331923968
2026_1274_1438,0.458470935
2026_1437_1438,0.271098607
2026_1429_1438,0.491836916
2026_1281_1438,0.267260188
2026_1301_1438,0.266406513
2026_1400_1438,0.415050823
2026_1219_1438,0.569683564
2026_1218_1438,0.096961639
2026_1244_1438,0.159416184
2026_1254_1438,0.151917222
2026_1103_1104,0.731938692
2026_1181_1403,0.871877299
2026_1163_1403,0.660088578
2026_1277_1403,0.695293082
2026_1242_1403,0.238137134
2026_1385_1403,0.566675205
2026_1257_1403,0.566953961
2026_1326_1403,0.554711496
2026_1395_1403,0.371927914
2026_1378_1403,0.608401645
2026_1320_1403,0.127731025
2026_1295_1403,0.481338339
2026_1202_1403,0.287669986
2026_1373_1403,0.284584401
2026_1196_1403,0.855796072
2026_1222_1403,0.691187407
2026_1228_1403,0.885187893
2026_1304_1403,0.384546754
2026_1314_1403,0.536917512
2026_1388_1403,0.690194645
2026_1155_1403,0.311334709
2026_1234_1403,0.55252192
2026_1401_1403,0.498413619
2026_1270_1403,0.629193075
2026_1335_1403,0.199719907
2026_1225_1403,0.183153143
2026_1250_1403,0.05941784
2026_1341_1403,0.059255657
2026_1276_1403,0.82216115
2026_1235_1403,0.730206904
2026_1104_1403,0.652304778
2026_1397_1403,0.784197084
2026_1246_1403,0.521074252
2026_1208_1403,0.669535447
2026_1387_1403,0.67452577
2026_1365_1403,0.657360866
2026_1275_1403,0.660921261
2026_1374_1403,0.552700422
2026_1103_1403,0.796752262
2026_1220_1403,0.475258256
2026_1398_1403,0.287277347
2026_1224_1403,0.322893696
2026_1112_1403,0.880708374
2026_1345_1403,0.858819103
2026_1211_1403,0.829978901
2026_1116_1403,0.769399987
2026_1140_1403,0.569955422
2026_1274_1403,0.693102801
2026_1281_1403,0.493149762
2026_1301_1403,0.492059087
2026_1400_1403,0.65431057
2026_1219_1403,0.779323009
2026_1218_1403,0.222650933
2026_1244_1403,0.335946
2026_1254_1403,0.323337243
2026_1181_1397,0.7099032
2026_1163_1397,0.411187772
2026_1277_1397,0.450719694
2026_1242_1397,0.101045074
2026_1385_1397,0.31985297
2026_1257_1397,0.320100001
2026_1326_1397,0.309379759
2026_1395_1397,0.175563225
2026_1378_1397,0.35843854
2026_1320_1397,0.050024777
2026_1295_1397,0.250222182
2026_1202_1397,0.126808845
2026_1373_1397,0.125145548
2026_1196_1397,0.680931808
2026_1222_1397,0.445944605
2026_1228_1397,0.734925197
2026_1304_1397,0.183465888
2026_1314_1397,0.294255039
2026_1388_1397,0.444796734
2026_1155_1397,0.139838362
2026_1234_1397,0.307489858
2026_1270_1397,0.378954153
2026_1335_1397,0.082353431
2026_1225_1397,0.074614516
2026_1250_1397,0.022212204
2026_1341_1397,0.022149183
2026_1276_1397,0.624410752
2026_1235_1397,0.493231973
2026_1104_1397,0.402860423
2026_1246_1397,0.281223779
2026_1208_1397,0.421489551
2026_1387_1397,0.427020055
2026_1365_1397,0.408253264
2026_1275_1397,0.412087125
2026_1374_1397,0.307643622
2026_1103_1397,0.58500935
2026_1220_1397,0.245678629
2026_1224_1397,0.146383585
2026_1112_1397,0.72639512
2026_1345_1397,0.686276794
2026_1211_1397,0.6370843
2026_1116_1397,0.545419443
2026_1140_1397,0.322768666
2026_1274_1397,0.448166677
2026_1281_1397,0.25919649
2026_1301_1397,0.258359489
2026_1219_1397,0.559462079
2026_1218_1397,0.093381321
2026_1244_1397,0.153922808
2026_1254_1397,0.146637176
2026_1181_1246,0.890986912
2026_1163_1246,0.699914442
2026_1242_1246,0.272947668
2026_1202_1246,0.326617036
2026_1196_1246,0.876965748
2026_1222_1246,0.72886623
2026_1228_1246,0.902534152
2026_1155_1246,0.351902888
2026_1234_1246,0.597261375
2026_1225_1246,0.212164486
2026_1235_1246,0.764745298
2026_1104_1246,0.692617949
2026_1208_1246,0.708742849
2026_1103_1246,0.82481545
2026_1220_1246,0.521025999
2026_1224_1246,0.364171577
2026_1112_1246,0.89865393
2026_1211_1246,0.854293345
2026_1116_1246,0.80029319
2026_1140_1246,0.614169021
2026_1219_1246,0.809216474
2026_1218_1246,0.255958255
2026_1244_1246,0.377961055
2026_1181_1208,0.814440239
2026_1163_1208,0.556051596
2026_1202_1208,0.206645794
2026_1196_1208,0.79286257
2026_1155_1208,0.22575762
2026_1104_1208,0.5475185
2026_1103_1208,0.716584456
2026_1112_1208,0.826442184
2026_1116_1208,0.682739478
2026_1140_1208,0.460863481
2026_1181_1387,0.810994043
2026_1163_1387,0.550455398
2026_1277_1387,0.589961192
2026_1242_1387,0.164640482
2026_1385_1387,0.451929097
2026_1257_1387,0.452210313
2026_1326_1387,0.439928469
2026_1378_1387,0.49485529
2026_1320_1387,0.084528594
2026_1295_1387,0.369151303
2026_1202_1387,0.202958458
2026_1373_1387,0.200525715
2026_1196_1387,0.789119398
2026_1222_1387,0.585282794
2026_1228_1387,0.82939207
2026_1304_1387,0.282626229
2026_1314_1387,0.422324371
2026_1155_1387,0.221824609
2026_1234_1387,0.437746568
2026_1270_1387,0.516888207
2026_1335_1387,0.135964036
2026_1225_1387,0.12386726
2026_1250_1387,0.038306264
2026_1341_1387,0.038199365
2026_1208_1276,0
2026_1235_1387,0.63053076
2026_1104_1387,0.541903353
2026_1246_1387,0.406891414
2026_1208_1387,0.560922445
2026_1365_1387,0.547451072
2026_1275_1387,0.551374118
2026_1374_1387,0.437924278
2026_1103_1387,0.711963626
2026_1220_1387,0.363495171
2026_1224_1387,0.231175912
2026_1112_1387,0.823170492
2026_1345_1387,0.793202446
2026_1211_1387,0.754785381
2026_1116_1387,0.677814938
2026_1140_1387,0.45524291
2026_1274_1387,0.587463002
2026_1281_1387,0.380227955
2026_1301_1387,0.379200178
2026_1219_1387,0.690091571
2026_1218_1387,0.152974133
2026_1244_1387,0.241844939
2026_1254_1387,0.231536551
2026_1181_1365,0.822540228
2026_1163_1365,0.569468291
2026_1277_1365,0.608491619
2026_1242_1365,0.175530588
2026_1257_1365,0.471388092
2026_1326_1365,0.459021845
2026_1320_1365,0.090695029
2026_1295_1365,0.387297068
2026_1202_1365,0.215728563
2026_1196_1365,0.801675097
2026_1222_1365,0.603882689
2026_1228_1365,0.840036024
2026_1304_1365,0.298531518
2026_1314_1365,0.441255661
2026_1155_1365,0.235431135
2026_1234_1365,0.456822486
2026_1270_1365,0.536124398
2026_1335_1365,0.145287239
2026_1225_1365,0.132488165
2026_1250_1365,0.041252686
2026_1341_1365,0.041137916
2026_1276_1365,0.758971998
2026_1235_1365,0.648320681
2026_1104_1365,0.560989475
2026_1246_1365,0.425640632
2026_1208_1365,0.579830559
2026_1275_1365,0.570378481
2026_1103_1365,0.727526948
2026_1220_1365,0.381531056
2026_1224_1365,0.245175317
2026_1112_1365,0.834124971
2026_1345_1365,0.805574939
2026_1211_1365,0.768786343
2026_1116_1365,0.694431481
2026_1140_1365,0.474437912
2026_1274_1365,0.606030935
2026_1281_1365,0.398574193
2026_1301_1365,0.397528633
2026_1219_1365,0.706349257
2026_1218_1365,0.163243367
2026_1244_1365,0.256275069
2026_1254_1365,0.245550821
2026_1181_1275,0.820215236
2026_1163_1275,0.565578807
2026_1242_1275,0.173248991
2026_1257_1275,0.467441179
2026_1202_1275,0.213059487
2026_1196_1275,0.799143493
2026_1222_1275,0.600085775
2026_1228_1275,0.837895079
2026_1155_1275,0.232590586
2026_1234_1275,0.452893042
2026_1270_1275,0.532181144
2026_1225_1275,0.130677369
2026_1250_1275,0.040630458
2026_1235_1275,0.644699105
2026_1104_1275,0.557082969
2026_1246_1275,0.421771137
2026_1208_1275,0.575964982
2026_1103_1275,0.724374265
2026_1220_1275,0.377798794
2026_1224_1275,0.242254452
2026_1112_1275,0.831920742
2026_1211_1275,0.765957481
2026_1116_1275,0.691058475
2026_1140_1275,0.47048819
2026_1274_1275,0.602241049
2026_1219_1275,0.703051551
2026_1218_1275,0.161090277
2026_1244_1275,0.253266337
2026_1254_1275,0.24262692
2026_1181_1374,0.877999536
2026_1163_1374,0.672529917
2026_1277_1374,0.707017801
2026_1242_1374,0.248438269
2026_1257_1374,0.580638483
2026_1326_1374,0.568488439
2026_1320_1374,0.134096913
2026_1295_1374,0.495320033
2026_1202_1374,0.299272103
2026_1373_1374,0.296113804
2026_1196_1374,0.86256561
2026_1222_1374,0.703002624
2026_1228_1374,0.890753789
2026_1304_1374,0.397873682
2026_1314_1374,0.550799171
2026_1155_1374,0.323457864
2026_1234_1374,0.566313644
2026_1270_1374,0.642152196
2026_1335_1374,0.2088147
2026_1225_1374,0.191674212
2026_1250_1374,0.06262355
2026_1341_1374,0.062453197
2026_1276_1374,0.83019636
2026_1235_1374,0.741088451
2026_1104_1374,0.664886379
2026_1246_1374,0.535019543
2026_1208_1374,0.681797698
2026_1365_1374,0.669852109
2026_1275_1374,0.673347204
2026_1103_1374,0.805664146
2026_1220_1374,0.489229928
2026_1224_1374,0.335247839
2026_1112_1374,0.886463577
2026_1345_1374,0.865469035
2026_1211_1374,0.837730601
2026_1116_1374,0.779178802
2026_1140_1374,0.583614755
2026_1274_1374,0.704876025
2026_1281_1374,0.507139078
2026_1301_1374,0.506048354
2026_1219_1374,0.788796539
2026_1218_1374,0.232486599
2026_1244_1374,0.34854247
2026_1254_1374,0.335699942
2026_1181_1220,0.907564761
2026_1163_1220,0.736971208
2026_1202_1220,0.368157105
2026_1196_1220,0.895425567
2026_1155_1220,0.394773533
2026_1104_1220,0.730228453
2026_1208_1220,0.745106445
2026_1103_1220,0.849759308
2026_1112_1220,0.914178145
2026_1211_1220,0.875672624
2026_1116_1220,0.828000567
2026_1140_1220,0.656619519
2026_1219_1220,0.835939627
2026_1218_1220,0.292414133
2026_1181_1460,0.898058766
2026_1163_1460,0.715422506
2026_1277_1460,0.747091853
2026_1242_1460,0.288077162
2026_1385_1460,0.628661162
2026_1257_1460,0.628926154
2026_1417_1460,0.590656775
2026_1326_1460,0.617252921
2026_1395_1460,0.433944328
2026_1416_1460,0.485581127
2026_1378_1460,0.667916619
2026_1320_1460,0.159360706
2026_1295_1460,0.545746054
2026_1202_1460,0.343316668
2026_1373_1460,0.339919034
2026_1196_1460,0.884829605
2026_1222_1460,0.743426572
2026_1228_1460,0.908933481
2026_1304_1460,0.447169211
2026_1435_1460,0.728671155
2026_1314_1460,0.600156679
2026_1388_1460,0.742539192
2026_1155_1460,0.369186554
2026_1234_1460,0.615157521
2026_1401_1460,0.562627653
2026_1433_1460,0.686804941
2026_1270_1460,0.687172914
2026_1407_1460,0.445370228
2026_1335_1460,0.244185617
2026_1225_1460,0.224967281
2026_1250_1460,0.075597401
2026_1341_1460,0.075394596
2026_1276_1460,0.856833745
2026_1235_1460,0.777965823
2026_1438_1460,0.818600221
2026_1104_1460,0.70834596
2026_1403_1460,0.628485995
2026_1397_1460,0.82469315
2026_1246_1460,0.584803911
2026_1208_1460,0.723974599
2026_1387_1460,0.728476228
2026_1365_1460,0.712945735
2026_1275_1460,0.716177921
2026_1374_1460,0.615328432
2026_1103_1460,0.83538687
2026_1220_1460,0.53969897
2026_1398_1460,0.342884636
2026_1224_1460,0.381702925
2026_1420_1460,0.326365644
2026_1112_1460,0.905281287
2026_1345_1460,0.887324124
2026_1211_1460,0.863380575
2026_1116_1460,0.81200712
2026_1458_1460,0.568399547
2026_1140_1460,0.631777054
2026_1274_1460,0.745137427
2026_1437_1460,0.562247435
2026_1429_1460,0.769712547
2026_1281_1460,0.557439312
2026_1301_1460,0.556362527
2026_1400_1460,0.710172103
2026_1219_1460,0.820524382
2026_1218_1460,0.270496389
2026_1244_1460,0.395743062
2026_1254_1460,0.382181659
2026_1181_1398,0.956638475
2026_1163_1398,0.862934715
2026_1277_1398,0.880920473
2026_1242_1398,0.503318164
2026_1385_1398,0.809149219
2026_1257_1398,0.809324478
2026_1326_1398,0.801535413
2026_1395_1398,0.657514575
2026_1378_1398,0.834352132
2026_1320_1398,0.32191646
2026_1295_1398,0.750543187
2026_1202_1398,0.566961646
2026_1373_1398,0.563249098
2026_1196_1398,0.950593117
2026_1222_1398,0.878880271
2026_1228_1398,0.9615318
2026_1304_1398,0.669494382
2026_1314_1398,0.789868342
2026_1388_1398,0.878384731
2026_1155_1398,0.594429144
2026_1234_1398,0.800122198
2026_1270_1398,0.846180047
2026_1335_1398,0.447233919
2026_1225_1398,0.420935012
2026_1250_1398,0.169988077
2026_1341_1398,0.169578502
2026_1276_1398,0.937453175
2026_1222_1225,1
2026_1104_1398,0.858802375
2026_1397_1398,0.921758822
2026_1246_1398,0.779119
2026_1208_1398,0.867872498
2026_1387_1398,0.870447283
2026_1365_1398,0.861493237
2026_1275_1398,0.863373337
2026_1374_1398,0.80023764
2026_1103_1398,0.927055252
2026_1220_1398,0.745953292
2026_1224_1398,0.607230993
2026_1112_1398,0.959895972
2026_1345_1398,0.951740927
2026_1211_1398,0.94056908
2026_1116_1398,0.915376158
2026_1140_1398,0.811205455
2026_1274_1398,0.879833903
2026_1281_1398,0.759289846
2026_1301_1398,0.758491404
2026_1219_1398,0.919673436
2026_1218_1398,0.48148558
2026_1244_1398,0.621231755
2026_1254_1398,0.607714567
2026_1181_1224,0.949103027
2026_1163_1224,0.841808014
2026_1202_1224,0.525309909
2026_1196_1224,0.942070713
2026_1222_1224,0.859812075
2026_1155_1224,0.553337985
2026_1104_1224,0.837158926
2026_1208_1224,0.847372272
2026_1103_1224,0.91483645
2026_1220_1224,0.712796661
2026_1112_1224,0.952898746
2026_1211_1224,0.930444106
2026_1116_1224,0.901409071
2026_1140_1224,0.78410028
2026_1219_1224,0.906343043
2026_1218_1224,0.43973671
2026_1181_1420,0.959614335
2026_1163_1420,0.871477411
2026_1277_1420,0.888487051
2026_1242_1420,0.521855169
2026_1385_1420,0.820346239
2026_1257_1420,0.820513496
2026_1417_1420,0.795580648
2026_1326_1420,0.813075935
2026_1395_1420,0.674023876
2026_1416_1420,0.717992629
2026_1378_1420,0.844354946
2026_1320_1420,0.338323359
2026_1295_1420,0.764176466
2026_1202_1420,0.585081472
2026_1373_1420,0.581409577
2026_1196_1420,0.953963899
2026_1222_1420,0.886559793
2026_1228_1420,0.964184409
2026_1304_1420,0.685702244
2026_1314_1420,0.801919635
2026_1388_1420,0.886091601
2026_1155_1420,0.612185805
2026_1234_1420,0.811725594
2026_1401_1420,0.776268318
2026_1270_1420,0.85559224
2026_1407_1420,0.684131179
2026_1335_1420,0.465641838
2026_1225_1420,0.439120385
2026_1250_1420,0.180715386
2026_1341_1420,0.180285578
2026_1276_1420,0.941665416
2026_1235_1420,0.904310903
2026_1104_1420,0.867563095
2026_1403_1420,0.820235637
2026_1397_1420,0.92694564
2026_1246_1420,0.791624144
2026_1208_1420,0.876151611
2026_1387_1420,0.87858763
2026_1365_1420,0.87011225
2026_1275_1420,0.871892753
2026_1374_1420,0.811835911
2026_1103_1420,0.931916889
2026_1220_1420,0.759757124
2026_1398_1420,0.584616052
2026_1224_1420,0.624780959
2026_1112_1420,0.962657001
2026_1345_1420,0.955037104
2026_1211_1420,0.944583883
2026_1116_1420,0.920949812
2026_1140_1420,0.82230833
2026_1274_1420,0.887460704
2026_1281_1420,0.772589942
2026_1301_1420,0.771822359
2026_1400_1420,0.868577288
2026_1219_1420,0.924987249
2026_1218_1420,0.500028003
2026_1244_1420,0.638528532
2026_1254_1420,0.625256261
2026_1104_1112,0.249286484
2026_1103_1112,0.409631541
2026_1181_1345,0.593798933
2026_1163_1345,0.294364747
2026_1277_1345,0.328939658
2026_1242_1345,0.062920997
2026_1257_1345,0.219508352
2026_1326_1345,0.211110919
2026_1320_1345,0.030497482
2026_1295_1345,0.16622114
2026_1202_1345,0.079827348
2026_1196_1345,0.56041238
2026_1222_1345,0.324692096
2026_1228_1345,0.623524522
2026_1304_1345,0.118338252
2026_1314_1345,0.199403202
2026_1155_1345,0.088518914
2026_1234_1345,0.20963909
2026_1270_1345,0.267134258
2026_1335_1345,0.050882494
2026_1225_1345,0.045952869
2026_1250_1345,0.013388605
2026_1341_1345,0.013350277
2026_1276_1345,0.49827271
2026_1235_1345,0.367653813
2026_1104_1345,0.287249101
2026_1246_1345,0.189444942
2026_1208_1345,0.303247046
2026_1275_1345,0.295136658
2026_1103_1345,0.457143012
2026_1220_1345,0.162871549
2026_1224_1345,0.092921585
2026_1112_1345,0.613295873
2026_1211_1345,0.51187525
2026_1116_1345,0.417500765
2026_1140_1345,0.221611738
2026_1274_1345,0.326666206
2026_1281_1345,0.172877369
2026_1301_1345,0.172254297
2026_1219_1345,0.431375278
2026_1218_1345,0.057962323
2026_1244_1345,0.098023533
2026_1254_1345,0.09309266
2026_1181_1211,0.645594768
2026_1163_1211,0.342034635
2026_1202_1211,0.097558063
2026_1196_1211,0.613695839
2026_1155_1211,0.107953656
2026_1104_1211,0.334312611
2026_1208_1211,0.351638545
2026_1103_1211,0.512044896
2026_1112_1211,0.664012308
2026_1116_1211,0.471779286
2026_1140_1211,0.261872276
2026_1104_1116,0.423556057
2026_1103_1116,0.605572832
2026_1112_1116,0.743030097
2026_1181_1458,0.897344688
2026_1163_1458,0.71383675
2026_1277_1458,0.745619822
2026_1242_1458,0.286485056
2026_1385_1458,0.626844112
2026_1257_1458,0.627109632
2026_1417_1458,0.588775405
2026_1326_1458,0.615414198
2026_1395_1458,0.432035287
2026_1416_1458,0.483639011
2026_1378_1458,0.66618966
2026_1320_1458,0.158321774
2026_1295_1458,0.54381769
2026_1202_1458,0.341565745
2026_1373_1458,0.338176514
2026_1196_1458,0.884034824
2026_1222_1458,0.741940575
2026_1228_1458,0.908287798
2026_1304_1458,0.445247753
2026_1435_1458,0.727131067
2026_1314_1458,0.598289276
2026_1388_1458,0.741049846
2026_1155_1458,0.367377504
2026_1234_1458,0.613315037
2026_1401_1458,0.560713269
2026_1433_1458,0.685129903
2026_1270_1458,0.685498943
2026_1407_1458,0.4434503
2026_1335_1458,0.242753372
2026_1225_1458,0.223614409
2026_1250_1458,0.075055797
2026_1341_1458,0.074854326
2026_1276_1458,0.855877236
2026_1235_1458,0.776619761
2026_1438_1458,0.817442694
2026_1104_1458,0.706736935
2026_1403_1458,0.626668597
2026_1397_1458,0.823566123
2026_1246_1458,0.582914636
2026_1208_1458,0.722418008
2026_1387_1458,0.726935448
2026_1365_1458,0.711351745
2026_1275_1458,0.714594695
2026_1374_1458,0.613486253
2026_1103_1458,0.834314779
2026_1220_1458,0.537766678
2026_1398_1458,0.341134772
2026_1224_1458,0.379869478
2026_1420_1458,0.32465843
2026_1112_1458,0.904612427
2026_1345_1458,0.886544351
2026_1211_1458,0.862460785
2026_1116_1458,0.810817245
2026_1140_1458,0.629966276
2026_1274_1458,0.743657923
2026_1437_1458,0.560332687
2026_1429_1458,0.768331349
2026_1281_1458,0.555520159
2026_1301_1458,0.554442437
2026_1400_1458,0.708569008
2026_1219_1458,0.819376424
2026_1218_1458,0.268964738
2026_1244_1458,0.393885137
2026_1254_1458,0.380347326
2026_1104_1140,0.649095285
2026_1103_1140,0.794455982
2026_1112_1140,0.879216833
2026_1116_1140,0.766885098
2026_1181_1274,0.797467914
2026_1163_1274,0.529110032
2026_1242_1274,0.153158931
2026_1257_1274,0.431021919
2026_1202_1274,0.189410617
2026_1196_1274,0.77446317
2026_1222_1274,0.564282123
2026_1228_1274,0.816885302
2026_1155_1274,0.20734503
2026_1234_1274,0.416720328
2026_1270_1274,0.495410038
2026_1225_1274,0.114838228
2026_1250_1274,0.035262992
2026_1235_1274,0.610295748
2026_1104_1274,0.520505639
2026_1246_1274,0.386328899
2026_1208_1274,0.539658442
2026_1103_1274,0.694024272
2026_1220_1274,0.34385429
2026_1224_1274,0.216255559
2026_1112_1274,0.810311948
2026_1211_1274,0.738533583
2026_1116_1274,0.658768105
2026_1140_1274,0.434025007
2026_1219_1274,0.671418677
2026_1218_1274,0.142167698
2026_1244_1274,0.226438803
2026_1254_1274,0.21659948
2026_1181_1437,0.89962811
2026_1163_1437,0.718923476
2026_1277_1437,0.750339177
2026_1242_1437,0.291629957
2026_1385_1437,0.632681483
2026_1257_1437,0.63294528
2026_1417_1437,0.594823366
2026_1326_1437,0.621322356
2026_1395_1437,0.438188819
2026_1416_1437,0.489893574
2026_1378_1437,0.67173386
2026_1320_1437,0.161686595
2026_1295_1437,0.550021521
2026_1202_1437,0.347218459
2026_1373_1437,0.343802426
2026_1196_1437,0.886576884
2026_1222_1437,0.746705002
2026_1228_1437,0.910352125
2026_1304_1437,0.451439894
2026_1435_1437,0.732070176
2026_1314_1437,0.604291354
2026_1388_1437,0.745825084
2026_1155_1437,0.373215259
2026_1234_1437,0.61923549
2026_1401_1437,0.566870332
2026_1433_1437,0.69050567
2026_1270_1437,0.690871253
2026_1407_1437,0.449637704
2026_1335_1437,0.247385205
2026_1225_1437,0.22799101
2026_1250_1437,0.076812462
2026_1341_1437,0.076606667
2026_1276_1437,0.858938045
2026_1235_1437,0.780932968
2026_1104_1437,0.71189893
2026_1403_1437,0.632507103
2026_1397_1437,0.827174576
2026_1246_1437,0.58898862
2026_1208_1437,0.727410446
2026_1387_1437,0.731876792
2026_1365_1437,0.716465099
2026_1275_1437,0.719673239
2026_1374_1437,0.619405711
2026_1103_1437,0.837746709
2026_1220_1437,0.543983795
2026_1398_1437,0.34678411
2026_1224_1437,0.385784684
2026_1420_1437,0.330171647
2026_1224_1276,0
2026_1345_1437,0.889038305
2026_1211_1437,0.865403764
2026_1116_1437,0.81462775
2026_1140_1437,0.635783184
2026_1274_1437,0.748401395
2026_1429_1437,0.772757768
2026_1281_1437,0.561693112
2026_1301_1437,0.560618519
2026_1400_1437,0.713711818
2026_1219_1437,0.823052154
2026_1218_1437,0.273915787
2026_1244_1437,0.399877859
2026_1254_1437,0.386265339
2026_1181_1429,0.774988848
2026_1163_1429,0.495681946
2026_1277_1429,0.535943255
2026_1242_1429,0.136592882
2026_1385_1429,0.398273788
2026_1257_1429,0.398545895
2026_1417_1429,0.360669568
2026_1326_1429,0.386692683
2026_1395_1429,0.230601751
2026_1416_1429,0.26956478
2026_1378_1429,0.44019688
2026_1320_1429,0.069001285
2026_1295_1429,0.319592974
2026_1202_1429,0.169709289
2026_1373_1429,0.167591285
2026_1196_1429,0.750230506
2026_1222_1429,0.531138345
2026_1228_1429,0.796010096
2026_1304_1429,0.240259886
2026_1314_1429,0.36981225
2026_1388_1429,0.529980945
2026_1155_1429,0.186206797
2026_1234_1429,0.384593506
2026_1401_1429,0.334632375
2026_1270_1429,0.462022047
2026_1407_1429,0.238933543
2026_1335_1429,0.112145824
2026_1225_1429,0.101918202
2026_1250_1429,0.030982321
2026_1341_1429,0.030895204
2026_1276_1429,0.700587489
2026_1235_1429,0.578034732
2026_1104_1429,0.487058887
2026_1403_1429,0.398093996
2026_1397_1429,0.647788678
2026_1246_1429,0.355118591
2026_1208_1429,0.506280442
2026_1387_1429,0.511938973
2026_1365_1429,0.492648956
2026_1275_1429,0.496610237
2026_1374_1429,0.384764404
2026_1103_1429,0.664888613
2026_1220_1429,0.31431784
2026_1398_1429,0.169439356
2026_1224_1429,0.194431747
2026_1420_1429,0.159251288
2026_1235_1398,1
2026_1345_1429,0.754832582
2026_1211_1429,0.711876682
2026_1116_1429,0.628074375
2026_1140_1429,0.401482373
2026_1274_1429,0.533376261
2026_1281_1429,0.329960373
2026_1301_1429,0.328996344
2026_1400_1429,0.489271578
2026_1219_1429,0.641243168
2026_1218_1429,0.126612742
2026_1244_1429,0.203854629
2026_1254_1429,0.194749584
2026_1181_1281,0.90137632
2026_1163_1281,0.722849452
2026_1277_1281,0.753976513
2026_1242_1281,0.295677143
2026_1257_1281,0.637466582
2026_1202_1281,0.351654125
2026_1196_1281,0.888524243
2026_1222_1281,0.75037767
2026_1228_1281,0.911931835
2026_1155_1281,0.377790827
2026_1234_1281,0.6238253
2026_1270_1281,0.695022835
2026_1225_1281,0.231443582
2026_1250_1281,0.07820759
2026_1276_1281,0.861285689
2026_1235_1281,0.78425274
2026_1104_1281,0.715884247
2026_1246_1281,0.593703807
2026_1208_1281,0.731262191
2026_1275_1281,0.723592769
2026_1103_1281,0.840381494
2026_1220_1281,0.548819783
2026_1224_1281,0.390418365
2026_1112_1281,0.90838777
2026_1211_1281,0.867660381
2026_1116_1281,0.817556198
2026_1140_1281,0.640289395
2026_1274_1281,0.752057634
2026_1219_1281,0.825875964
2026_1218_1281,0.277813552
2026_1244_1281,0.404569316
2026_1254_1281,0.390901118
2026_1181_1301,0.901763557
2026_1163_1301,0.723722808
2026_1277_1301,0.754785056
2026_1242_1301,0.296586694
2026_1257_1301,0.638474429
2026_1295_1301,0.555923405
2026_1202_1301,0.352649653
2026_1196_1301,0.888955727
2026_1222_1301,0.751194138
2026_1228_1301,0.912281661
2026_1155_1301,0.378817115
2026_1234_1301,0.624848753
2026_1270_1301,0.695946994
2026_1225_1301,0.232220687
2026_1250_1301,0.078522751
2026_1276_1301,0.861806205
2026_1235_1301,0.784990157
2026_1104_1301,0.716770951
2026_1246_1301,0.594755974
2026_1208_1301,0.732118861
2026_1275_1301,0.724464675
2026_1103_1301,0.840965967
2026_1220_1301,0.549900065
2026_1224_1301,0.391457375
2026_1112_1301,0.908750264
2026_1211_1301,0.868160638
2026_1116_1301,0.818206171
2026_1140_1301,0.641293811
2026_1274_1301,0.752870416
2026_1281_1301,0.56756227
2026_1219_1301,0.826502586
2026_1218_1301,0.278689894
2026_1244_1301,0.405620927
2026_1254_1301,0.391940587
2026_1181_1400,0.824504243
2026_1163_1400,0.572778411
2026_1277_1400,0.611706287
2026_1242_1400,0.17749491
2026_1385_1400,0.474473683
2026_1257_1400,0.474756776
2026_1326_1400,0.462379456
2026_1395_1400,0.290192819
2026_1378_1400,0.517519246
2026_1320_1400,0.091815701
2026_1295_1400,0.390508752
2026_1202_1400,0.218023773
2026_1373_1400,0.215459265
2026_1196_1400,0.803814957
2026_1222_1400,0.607110766
2026_1228_1400,0.841843638
2026_1304_1400,0.301369169
2026_1314_1400,0.444590117
2026_1388_1400,0.606001789
2026_1155_1400,0.237872388
2026_1234_1400,0.460177694
2026_1270_1400,0.539483566
2026_1335_1400,0.146973447
2026_1225_1400,0.134049124
2026_1250_1400,0.041790502
2026_1341_1400,0.041674301
2026_1276_1400,0.761435499
2026_1235_1400,0.651395672
2026_1104_1400,0.56431491
2026_1397_1400,0.715001747
2026_1246_1400,0.428947677
2026_1208_1400,0.583119332
2026_1387_1400,0.588612801
2026_1365_1400,0.56980668
2026_1275_1400,0.573686843
2026_1374_1400,0.460357054
2026_1103_1400,0.730197592
2026_1220_1400,0.384724949
2026_1398_1400,0.217697141
2026_1224_1400,0.247684878
2026_1112_1400,0.835986339
2026_1345_1400,0.807682815
2026_1211_1400,0.771179776
2026_1116_1400,0.69729154
2026_1140_1400,0.47780869
2026_1274_1400,0.609252833
2026_1281_1400,0.401818064
2026_1301_1400,0.400769665
2026_1219_1400,0.70914449
2026_1218_1400,0.16509772
2026_1244_1400,0.258859281
2026_1254_1400,0.248062962
2026_1181_1219,0.715751303
2026_1163_1219,0.418121865
2026_1202_1219,0.130006144
2026_1196_1219,0.687106532
2026_1155_1219,0.143310262
2026_1104_1219,0.409751811
2026_1208_1219,0.428470951
2026_1103_1219,0.591927932
2026_1112_1219,0.732036253
2026_1211_1219,0.643663522
2026_1116_1219,0.55249316
2026_1140_1219,0.329044945
2026_1218_1219,0.095828289
2026_1181_1218,0.968795555
2026_1163_1218,0.89857784
2026_1202_1218,0.648192915
2026_1196_1218,0.964382002
2026_1155_1218,0.673475351
2026_1104_1218,0.895389825
2026_1208_1218,0.902376841
2026_1103_1218,0.947047348
2026_1112_1218,0.971167288
2026_1211_1218,0.957029093
2026_1116_1218,0.938356321
2026_1140_1218,0.858088306
2026_1181_1244,0.946171553
2026_1163_1244,0.833779047
2026_1242_1244,0.446713536
2026_1202_1244,0.510556969
2026_1196_1244,0.938760338
2026_1222_1244,0.852536824
2026_1228_1244,0.952187029
2026_1155_1244,0.538691174
2026_1234_1244,0.761301291
2026_1225_1244,0.366754043
2026_1235_1244,0.874860364
2026_1104_1244,0.828941945
2026_1208_1244,0.839571897
2026_1103_1244,0.910118256
2026_1220_1244,0.700549027
2026_1224_1244,0.5519262
2026_1112_1244,0.950174414
2026_1211_1244,0.92652115
2026_1116_1244,0.896031521
2026_1140_1244,0.773928959
2026_1219_1244,0.901205117
2026_1218_1244,0.425234155
2026_1181_1474,0.89216085
2026_1163_1474,0.702458864
2026_1277_1474,0.735036572
2026_1242_1474,0.275364221
2026_1385_1474,0.61387831
2026_1257_1474,0.614147376
2026_1417_1474,0.575382869
2026_1326_1474,0.602303216
2026_1395_1474,0.418578989
2026_1416_1474,0.469905218
2026_1378_1474,0.653836006
2026_1320_1474,0.151122289
2026_1465_1474,0.363622178
2026_1295_1474,0.530129463
2026_1202_1474,0.329293544
2026_1373_1474,0.325965801
2026_1196_1474,0.878270048
2026_1222_1474,0.731259425
2026_1228_1474,0.903597194
2026_1304_1474,0.431692719
2026_1435_1474,0.71607152
2026_1314_1474,0.584988183
2026_1388_1474,0.730345228
2026_1155_1474,0.354677466
2026_1234_1474,0.600178985
2026_1401_1474,0.547109808
2026_1433_1474,0.673133272
2026_1270_1474,0.673509672
2026_1407_1474,0.429907581
2026_1335_1474,0.232776304
2026_1225_1474,0.214201439
2026_1250_1474,0.071321876
2026_1341_1474,0.071129658
2026_1276_1474,0.848951874
2026_1235_1474,0.766923074
2026_1438_1474,0.809082453
2026_1104_1474,0.695197295
2026_1403_1474,0.613700454
2026_1397_1474,0.815422986
2026_1246_1474,0.569470799
2026_1208_1474,0.711243298
2026_1387_1474,0.715871071
2026_1365_1474,0.699916591
2026_1275_1474,0.703234416
2026_1374_1474,0.600352226
2026_1103_1474,0.826563263
2026_1220_1474,0.52405579
2026_1460_1474,0.551000798
2026_1398_1474,0.328870321
2026_1224_1474,0.366988112
2026_1420_1474,0.312705197
2026_1112_1474,0.899754593
2026_1276_1387,1
2026_1211_1474,0.855798475
2026_1116_1474,0.802226998
2026_1458_1474,0.552923761
2026_1140_1474,0.617042682
2026_1274_1474,0.733022277
2026_1437_1474,0.546726968
2026_1429_1474,0.758386806
2026_1281_1474,0.541887272
2026_1301_1474,0.540803818
2026_1400_1474,0.697070559
2026_1219_1474,0.811084273
2026_1218_1474,0.258277825
2026_1244_1474,0.380820363
2026_1254_1474,0.367459358
2026_1181_1254,0.949004972
2026_1163_1254,0.841537764
2026_1242_1254,0.460856696
2026_1202_1254,0.524804183
2026_1196_1254,0.941959939
2026_1222_1254,0.859567452
2026_1228_1254,0.954718959
2026_1155_1254,0.552836701
2026_1234_1254,0.771515989
2026_1225_1254,0.380104813
2026_1250_1254,0.147307233
2026_1235_1254,0.88097526
2026_1104_1254,0.836882273
2026_1246_1254,0.748451875
2026_1208_1254,0.847109802
2026_1103_1254,0.914678314
2026_1220_1254,0.712381316
2026_1224_1254,0.565992861
2026_1345_1474,1
2026_1211_1254,0.930312744
2026_1116_1254,0.901228695
2026_1140_1254,0.783756769
2026_1219_1254,0.906170754
2026_1218_1254,0.439237137
2026_1244_1254,0.580447957
2026_3113_3234,0
2026_3155_3163,0.035994447
2026_3113_3163,0.002108723
2026_3161_3163,0.00991968
2026_3104_3163,0.014104405
2026_3124_3163,0.011139802
2026_3158_3163,0.041947812
2026_3155_3376,0
2026_3326_3435,0.112390782
2026_3314_3435,0.107526462
2026_3268_3435,0.388583724
2026_3323_3435,0.078848244
2026_3160_3163,0
2026_3235_3435,0.245550048
2026_3393_3435,0.10051882
2026_3160_3435,0
2026_3193_3435,0.072094444
2026_3293_3435,0.213681208
2026_3224_3435,0.01099424
2026_3161_3376,0
2026_3427_3435,0.002613042
2026_3376_3435,0.701557439
2026_3234_3435,0.075749268
2026_3395_3435,0.156346876
2026_3328_3435,0.165521203
2026_3277_3435,0.339641062
2026_3208_3435,0.045559091
2026_3155_3435,0.074287064
2026_3425_3435,0.022939748
2026_3113_3435,0.004521154
2026_3355_3435,0.127203109
2026_3161_3435,0.021079274
2026_3225_3435,0.053700723
2026_3192_3435,0.17710872
2026_3359_3435,0.000835823
2026_3380_3435,0.002515541
2026_3400_3435,0.733338762
2026_3276_3435,0.342411331
2026_3257_3435,0.260718384
2026_3246_3435,0.225239507
2026_3104_3435,0.029829955
2026_3301_3435,0.07178094
2026_3332_3435,0.026788797
2026_3397_3435,0.058696926
2026_3348_3435,0.075634765
2026_3241_3435,0.088872386
2026_3275_3435,0.007944797
2026_3221_3435,0.003085459
2026_3283_3435,0.005555113
2026_3372_3435,0.013800259
2026_3417_3435,0.867599193
2026_3261_3435,0.830104012
2026_3181_3435,0.078474709
2026_3278_3435,0.326272057
2026_3279_3435,0.207182274
2026_3124_3435,0.023639254
2026_3403_3435,0.019291798
2026_3329_3435,0.257572353
2026_3343_3435,0.143743306
2026_3304_3435,0.144541295
2026_3350_3435,0.0612951
2026_3211_3435,0.111057199
2026_3158_3435,0.086008829
2026_3239_3435,0.011075131
2026_3163_3193,1
2026_3314_3326,0.442554839
2026_3268_3326,0.807242433
2026_3323_3326,0.36062797
2026_3228_3326,0.541626315
2026_3235_3326,0.681998636
2026_3160_3326,0.108906547
2026_3193_3326,0.338610414
2026_3293_3326,0.641661553
2026_3224_3326,0.068251181
2026_3219_3326,0.091534131
2026_3234_3326,0.350670223
2026_3277_3326,0.772163134
2026_3208_3326,0.239275549
2026_3155_3326,0.345887177
2026_3113_3326,0.029057334
2026_3161_3326,0.124259223
2026_3225_3326,0.272163733
2026_3192_3326,0.586472032
2026_3276_3326,0.774324562
2026_3257_3326,0.699143383
2026_3246_3326,0.657026352
2026_3104_3326,0.168471617
2026_3301_3326,0.33755957
2026_3241_3326,0.391259427
2026_3275_3326,0.050125434
2026_3221_3326,0.019986594
2026_3283_3326,0.035502445
2026_3261_3326,0.969875378
2026_3181_3326,0.359440424
2026_3278_3326,0.761399089
2026_3279_3326,0.632618272
2026_3124_3326,0.137588719
2026_3304_3326,0.52682112
2026_3211_3326,0.451520934
2026_3158_3326,0.382745577
2026_3239_3326,0.068724073
2026_3163_3219,1
2026_3268_3314,0.814859544
2026_3228_3314,0.553939723
2026_3235_3314,0.692680775
2026_3160_3314,0.113825337
2026_3193_3314,0.349830899
2026_3293_3314,0.653009279
2026_3224_3314,0.071481058
2026_3219_3314,0.095752604
2026_3234_3314,0.362071562
2026_3277_3314,0.780790026
2026_3208_3314,0.248440844
2026_3155_3314,0.357218556
2026_3113_3314,0.030493127
2026_3161_3314,0.129770439
2026_3225_3314,0.282121595
2026_3192_3314,0.598473826
2026_3276_3314,0.782892624
2026_3257_3314,0.709494923
2026_3246_3314,0.668139159
2026_3104_3314,0.175550679
2026_3301_3314,0.348763595
2026_3241_3314,0.40316107
2026_3275_3314,0.052545913
2026_3221_3314,0.020983866
2026_3283_3314,0.037244489
2026_3261_3314,0.971294333
2026_3181_3314,0.370964004
2026_3278_3314,0.770312318
2026_3279_3314,0.644093533
2026_3124_3314,0.143594195
2026_3304_3314,0.539193875
2026_3211_3314,0.463858856
2026_3158_3314,0.394556098
2026_3239_3314,0.0719746
2026_3163_3224,1
2026_3228_3268,0.190557967
2026_3235_3268,0.299368191
2026_3160_3268,0.0237708
2026_3193_3268,0.09255977
2026_3224_3268,0.014384022
2026_3219_3268,0.019679045
2026_3234_3268,0.097143466
2026_3208_3268,0.058970583
2026_3155_3268,0.095310873
2026_3113_3268,0.005927092
2026_3161_3268,0.027492073
2026_3225_3268,0.069334807
2026_3192_3268,0.220306619
2026_3257_3268,0.316466511
2026_3246_3268,0.276236007
2026_3104_3268,0.038799397
2026_3241_3268,0.113517776
2026_3221_3268,0.004046756
2026_3261_3268,0.865127203
2026_3181_3268,0.100554919
2026_3124_3268,0.030806349
2026_3211_3268,0.1409033
2026_3158_3268,0.109955953
2026_3239_3268,0.014489489
2026_3163_3323,0.945885828
2026_3314_3323,0.540101273
2026_3268_3323,0.861014397
2026_3228_3323,0.636091893
2026_3235_3323,0.760335926
2026_3160_3323,0.153110667
2026_3193_3323,0.430958217
2026_3293_3323,0.72594256
2026_3224_3323,0.097764114
2026_3219_3323,0.129713387
2026_3234_3323,0.444098592
2026_3277_3323,0.833704969
2026_3208_3323,0.317538881
2026_3155_3323,0.438902573
2026_3113_3323,0.042393317
2026_3161_3323,0.173481672
2026_3225_3323,0.356148079
2026_3192_3323,0.677203547
2026_3276_3323,0.835407014
2026_3257_3323,0.774652722
2026_3246_3323,0.739162584
2026_3104_3323,0.230596158
2026_3301_3323,0.429807024
2026_3241_3323,0.487384866
2026_3275_3323,0.072409606
2026_3221_3323,0.029285088
2026_3283_3323,0.051639118
2026_3261_3323,0.97943479
2026_3181_3323,0.453573227
2026_3278_3323,0.825190207
2026_3279_3323,0.718091786
2026_3124_3323,0.190940093
2026_3304_3323,0.622209647
2026_3211_3323,0.549096965
2026_3158_3323,0.478423231
2026_3239_3323,0.098419893
2026_3163_3228,1
2026_3160_3228,0.079442921
2026_3193_3228,0.265519748
2026_3224_3228,0.049179446
2026_3219_3228,0.066420123
2026_3208_3228,0.181735031
2026_3155_3228,0.271871451
2026_3113_3228,0.020694462
2026_3161_3228,0.091066552
2026_3225_3228,0.208886016
2026_3192_3228,0.500354693
2026_3104_3228,0.125156594
2026_3221_3228,0.014196165
2026_3181_3228,0.283782713
2026_3124_3228,0.10124707
2026_3211_3228,0.367604249
2026_3158_3228,0.304514412
2026_3163_3235,1
2026_3228_3235,0.314930148
2026_3160_3235,0.045389584
2026_3193_3235,0.166095727
2026_3224_3235,0.027708134
2026_3219_3235,0.037720294
2026_3234_3235,0.173624268
2026_3208_3235,0.109027163
2026_3155_3235,0.170621539
2026_3113_3235,0.011508911
2026_3161_3235,0.052313874
2026_3225_3235,0.12700163
2026_3192_3235,0.355565969
2026_3104_3235,0.073063263
2026_3221_3235,0.007871797
2026_3181_3235,0.179188497
2026_3124_3235,0.058440696
2026_3211_3235,0.24257954
2026_3158_3235,0.194352574
2026_3163_3268,1
2026_3326_3393,0.48596219
2026_3314_3393,0.473555639
2026_3268_3393,0.82593888
2026_3323_3393,0.389903919
2026_3228_3393,0.572440431
2026_3235_3393,0.708455685
2026_3160_3393,0.121635194
2026_3193_3393,0.367125283
2026_3293_3393,0.66984997
2026_3224_3393,0.076636818
2026_3219_3393,0.102465823
2026_3376_3393,0.946094449
2026_3234_3393,0.379617758
2026_3328_3393,0.596926634
2026_3277_3393,0.793391235
2026_3208_3393,0.26274848
2026_3155_3393,0.374667698
2026_3113_3393,0.032796948
2026_3355_3393,0.521103922
2026_3161_3393,0.138503341
2026_3225_3393,0.297600831
2026_3192_3393,0.616406521
2026_3359_3393,0.006206859
2026_3380_3393,0.018480874
2026_3276_3393,0.795404637
2026_3257_3393,0.724749714
2026_3246_3393,0.684600209
2026_3104_3393,0.186703395
2026_3301_3393,0.366034921
2026_3332_3393,0.170479367
2026_3348_3393,0.379232395
2026_3241_3393,0.421383188
2026_3275_3393,0.056418912
2026_3221_3393,0.02258598
2026_3283_3393,0.040037326
2026_3372_3393,0.09459413
2026_3261_3393,0.97331869
2026_3181_3393,0.388678573
2026_3278_3393,0.783348707
2026_3279_3393,0.661142394
2026_3124_3393,0.15309371
2026_3329_3393,0.721468768
2026_3343_3393,0.556221875
2026_3304_3393,0.557817972
2026_3350_3393,0.327741531
2026_3211_3393,0.482606055
2026_3158_3393,0.412658195
2026_3239_3393,0.077163
2026_3155_3160,0.783079356
2026_3113_3160,0.1696476
2026_3104_3160,0.580389252
2026_3124_3160,0.521338608
2026_3158_3160,0.808912426
2026_3163_3293,1
2026_3160_3193,0.166095516
2026_3155_3193,0.462877466
2026_3113_3193,0.046504165
2026_3161_3193,0.187811002
2026_3192_3193,0.698002333
2026_3104_3193,0.248226243
2026_3181_3193,0.477667277
2026_3124_3193,0.206351437
2026_3158_3193,0.502623102
2026_3163_3314,1
2026_3268_3293,0.661171277
2026_3228_3293,0.355080489
2026_3235_3293,0.499824852
2026_3160_3293,0.053878895
2026_3193_3293,0.192605956
2026_3224_3293,0.033004781
2026_3219_3293,0.044842582
2026_3234_3293,0.201046416
2026_3277_3293,0.612276945
2026_3208_3293,0.127824998
2026_3155_3293,0.197682885
2026_3113_3293,0.013752739
2026_3161_3293,0.062014119
2026_3225_3293,0.148382403
2026_3192_3293,0.397888041
2026_3276_3293,0.615199288
2026_3257_3293,0.519876888
2026_3246_3293,0.471629988
2026_3104_3293,0.086260738
2026_3241_3293,0.230463847
2026_3275_3293,0.023998473
2026_3221_3293,0.00941327
2026_3283_3293,0.016862143
2026_3261_3293,0.937505974
2026_3181_3293,0.207269036
2026_3278_3293,0.597892798
2026_3279_3293,0.445169681
2026_3124_3293,0.069194052
2026_3211_3293,0.277238739
2026_3158_3293,0.224160494
2026_3239_3293,0.033242175
2026_3163_3326,1
2026_3435_3442,0.895082436
2026_3326_3442,0.564213615
2026_3314_3442,0.551954422
2026_3268_3442,0.866638797
2026_3323_3442,0.466731884
2026_3228_3442,0.647087599
2026_3235_3442,0.768941193
2026_3393_3442,0.533289988
2026_3160_3442,0.159414773
2026_3193_3442,0.442721904
2026_3293_3442,0.735352908
2026_3224_3442,0.102064042
2026_3219_3442,0.135207946
2026_3427_3442,0.026089325
2026_3376_3442,0.960057631
2026_3234_3442,0.455933575
2026_3395_3442,0.654564929
2026_3328_3442,0.669764997
2026_3277_3442,0.840229442
2026_3208_3442,0.327991094
2026_3155_3442,0.450711355
2026_3425_3442,0.193590469
2026_3113_3442,0.044377675
2026_3438_3442,0.707404096
2026_3355_3442,0.598426378
2026_3161_3442,0.180445814
2026_3225_3442,0.367187393
2026_3192_3442,0.687567184
2026_3359_3442,0.008480852
2026_3380_3442,0.025137923
2026_3400_3442,0.965658611
2026_3276_3442,0.841877374
2026_3257_3442,0.782890722
2026_3246_3442,0.7482764
2026_3104_3442,0.239189555
2026_3301_3442,0.441563672
2026_3332_3442,0.219636324
2026_3439_3442,0.324450053
2026_3397_3442,0.389349493
2026_3348_3442,0.455527626
2026_3241_3442,0.499337226
2026_3275_3442,0.075687924
2026_3436_3442,0.262581849
2026_3221_3442,0.030675527
2026_3283_3442,0.054031837
2026_3372_3442,0.125171711
2026_3417_3442,0.985294609
2026_3261_3442,0.980376233
2026_3181_3442,0.465449294
2026_3278_3442,0.831981425
2026_3279_3442,0.727670581
2026_3124_3442,0.198436812
2026_3403_3442,0.167456126
2026_3329_3442,0.780092525
2026_3343_3442,0.631879714
2026_3437_3442,0.178362845
2026_3304_3442,0.633383054
2026_3350_3442,0.400358673
2026_3211_3442,0.560906754
2026_3158_3442,0.490366053
2026_3239_3442,0.102745379
2026_3163_3332,1
2026_3160_3224,0.581958847
2026_3193_3224,0.853620755
2026_3219_3224,0.534379073
2026_3208_3224,0.78178921
2026_3155_3224,0.857613924
2026_3113_3224,0.254222491
2026_3161_3224,0.617766478
2026_3192_3224,0.941705171
2026_3104_3224,0.697681348
2026_3221_3224,0.188509317
2026_3181_3224,0.864711376
2026_3124_3224,0.645041935
2026_3211_3224,0.903632317
2026_3158_3224,0.8759765
2026_3163_3393,1
2026_3160_3219,0.502999146
2026_3193_3219,0.809144831
2026_3208_3219,0.722580994
2026_3155_3219,0.814087041
2026_3113_3219,0.198604272
2026_3161_3219,0.540226781
2026_3192_3219,0.921532659
2026_3104_3219,0.626553111
2026_3181_3219,0.82290613
2026_3124_3219,0.569176613
2026_3211_3219,0.872074692
2026_3158_3219,0.836996072
2026_3163_3427,1
2026_3326_3427,0.975801879
2026_3314_3427,0.974599911
2026_3268_3427,0.995083672
2026_3323_3427,0.964614776
2026_3228_3427,0.982791028
2026_3235_3427,0.990444587
2026_3393_3427,0.972670033
2026_3160_3427,0.855216477
2026_3193_3427,0.961155932
2026_3293_3427,0.98857722
2026_3224_3427,0.779749225
2026_3219_3427,0.829633029
2026_3376_3427,0.998666028
2026_3234_3427,0.963101206
2026_3395_3427,0.983338782
2026_3328_3427,0.984416344
2026_3277_3427,0.993932002
2026_3208_3427,0.938278745
2026_3155_3427,0.962344987
2026_3425_3427,0.882036385
2026_3113_3427,0.591236078
2026_3355_3427,0.9789095
2026_3161_3427,0.872736493
2026_3225_3427,0.947569005
2026_3192_3427,0.985620587
2026_3359_3427,0.210365541
2026_3380_3427,0.445414775
2026_3400_3427,0.998859518
2026_3276_3427,0.994005899
2026_3257_3427,0.991174945
2026_3246_3427,0.989314712
2026_3104_3427,0.907339631
2026_3301_3427,0.960980233
2026_3332_3427,0.897607268
2026_3397_3427,0.952059024
2026_3348_3427,0.963043001
2026_3241_3427,0.968812471
2026_3275_3427,0.718346149
2026_3221_3427,0.496392467
2026_3283_3427,0.640162239
2026_3372_3427,0.816732188
2026_3417_3427,0.999521048
2026_3261_3427,0.999357755
2026_3181_3427,0.96443843
2026_3278_3427,0.993557911
2026_3279_3427,0.988126948
2026_3124_3427,0.885198846
2026_3403_3427,0.862349089
2026_3329_3427,0.991030448
2026_3343_3427,0.981638971
2026_3304_3427,0.981755196
2026_3350_3427,0.954118811
2026_3211_3427,0.97548254
2026_3158_3427,0.967709638
2026_3239_3427,0.781019606
2026_3163_3376,0.388933055
2026_3326_3376,0.043009829
2026_3314_3376,0.041009608
2026_3268_3376,0.184059227
2026_3323_3376,0.029485877
2026_3228_3376,0.05983957
2026_3235_3376,0.103557888
2026_3160_3376,0.006540146
2026_3193_3376,0.02683706
2026_3293_3376,0.08796881
2026_3224_3376,0.003930136
2026_3219_3376,0.005397967
2026_3234_3376,0.028267456
2026_3163_3435,1
2026_3163_3442,1
2026_3208_3376,0.016660229
2026_3192_3234,0
2026_3113_3376,0.001609419
2026_3355_3376,0.049184918
2026_3208_3234,0
2026_3211_3417,0
2026_3192_3376,0.070970572
2026_3219_3435,0
2026_3276_3376,0.155988784
2026_3257_3376,0.111248336
2026_3246_3376,0.093536042
2026_3104_3376,0.010795485
2026_3301_3376,0.026714692
2026_3332_3376,0.009675534
2026_3348_3376,0.028222536
2026_3241_3376,0.033462448
2026_3275_3376,0.002834429
2026_3221_3376,0.001097328
2026_3283_3376,0.001978806
2026_3372_3376,0.004942219
2026_3261_3376,0.634263139
2026_3181_3376,0.029338743
2026_3278_3376,0.146676453
2026_3279_3376,0.084880584
2026_3124_3376,0.008520373
2026_3329_3376,0.109638443
2026_3343_3376,0.056234043
2026_3221_3276,0
2026_3225_3376,0
2026_3211_3376,0.042460111
2026_3158_3376,0.032320922
2026_3239_3376,0.00395926
2026_3163_3234,0.948067486
2026_3228_3234,0.646090078
2026_3160_3234,0.158830685
2026_3193_3234,0.441645172
2026_3224_3234,0.10166467
2026_3219_3234,0.134698338
2026_3228_3435,0
2026_3155_3234,0.449630869
2026_3234_3438,1
2026_3161_3234,0.179801152
2026_3225_3234,0.366173658
2026_3239_3261,0
2026_3104_3234,0.238396072
2026_3221_3234,0.030545993
2026_3181_3234,0.464363346
2026_3124_3234,0.197743383
2026_3211_3234,0.559831339
2026_3158_3234,0.489275181
2026_3163_3395,0.889789262
2026_3326_3395,0.363090641
2026_3314_3395,0.351674903
2026_3268_3395,0.741025498
2026_3323_3395,0.278176478
2026_3228_3395,0.446704778
2026_3235_3395,0.594376278
2026_3393_3395,0.334723404
2026_3160_3395,0.077069629
2026_3193_3395,0.259152489
2026_3293_3395,0.550254177
2026_3224_3395,0.047663439
2026_3219_3395,0.064408657
2026_3376_3395,0.913670615
2026_3234_3395,0.269535641
2026_3328_3395,0.471746821
2026_3277_3395,0.698397949
2026_3208_3395,0.176893064
2026_3155_3395,0.265406915
2026_3113_3395,0.020038029
2026_3355_3395,0.396195433
2026_3161_3395,0.088379352
2026_3225_3395,0.20350057
2026_3192_3395,0.492129274
2026_3359_3395,0.003752091
2026_3380_3395,0.011226658
2026_3276_3395,0.700988181
2026_3257_3395,0.613568363
2026_3246_3395,0.566892855
2026_3104_3395,0.121598037
2026_3301_3395,0.258251949
2026_3332_3395,0.110264466
2026_3348_3395,0.269213534
2026_3241_3395,0.305146999
2026_3275_3395,0.034801049
2026_3221_3395,0.013742967
2026_3283_3395,0.024533146
2026_3372_3395,0.059267555
2026_3261_3395,0.956517453
2026_3181_3395,0.277142754
2026_3278_3395,0.685568028
2026_3279_3395,0.540555811
2026_3124_3395,0.098291949
2026_3329_3395,0.609675891
2026_3343_3395,0.43046204
2026_3304_3395,0.432048598
2026_3350_3395,0.227193528
2026_3211_3395,0.35998881
2026_3158_3395,0.297590925
2026_3239_3395,0.048001034
2026_3163_3328,0.882946554
2026_3326_3328,0.347526154
2026_3314_3328,0.33634135
2026_3268_3328,0.727772254
2026_3323_3328,0.264738974
2026_3228_3328,0.429975755
2026_3235_3328,0.577893114
2026_3160_3328,0.072372706
2026_3193_3328,0.246320356
2026_3293_3328,0.533385612
2026_3224_3328,0.044671901
2026_3219_3328,0.060432818
2026_3234_3328,0.256367292
2026_3277_3328,0.683893787
2026_3208_3328,0.167214733
2026_3155_3328,0.252370587
2026_3113_3328,0.018746236
2026_3161_3328,0.083055197
2026_3225_3328,0.192707293
2026_3192_3328,0.475160019
2026_3276_3328,0.686552678
2026_3257_3328,0.597336752
2026_3246_3328,0.550138149
2026_3104_3328,0.11452412
2026_3301_3328,0.245449634
2026_3241_3328,0.290931772
2026_3275_3328,0.032589177
2026_3221_3328,0.012851675
2026_3283_3328,0.022958355
2026_3261_3328,0.953601694
2026_3181_3328,0.26373694
2026_3278_3328,0.670737754
2026_3279_3328,0.523638398
2026_3124_3328,0.092431185
2026_3304_3328,0.415456312
2026_3211_3328,0.34448537
2026_3158_3328,0.283584039
2026_3239_3328,0.044989308
2026_3163_3277,0.744182152
2026_3268_3277,0.507633227
2026_3228_3277,0.225348714
2026_3235_3277,0.345544197
2026_3160_3277,0.029209558
2026_3193_3277,0.111932841
2026_3224_3277,0.017714056
2026_3219_3277,0.024204821
2026_3234_3277,0.117351851
2026_3208_3277,0.071870134
2026_3155_3277,0.115186668
2026_3113_3277,0.007313797
2026_3161_3277,0.03375282
2026_3225_3277,0.084298393
2026_3192_3277,0.25879219
2026_3276_3277,0.457909296
2026_3257_3277,0.363910011
2026_3246_3277,0.320476042
2026_3104_3277,0.047509356
2026_3241_3277,0.13661702
2026_3275_3277,0.012824925
2026_3221_3277,0.004995747
2026_3261_3277,0.8879698
2026_3181_3277,0.121377569
2026_3124_3277,0.037792523
2026_3211_3277,0.168515789
2026_3158_3277,0.132438697
2026_3239_3277,0.017843497
2026_3163_3449,0.92877106
2026_3435_3449,0.858496488
2026_3326_3449,0.479361212
2026_3314_3449,0.466970092
2026_3268_3449,0.82210552
2026_3323_3449,0.383633948
2026_3228_3449,0.5659581
2026_3235_3449,0.702965477
2026_3393_3449,0.448304001
2026_3160_3449,0.118838893
2026_3193_3449,0.361004865
2026_3293_3449,0.663977578
2026_3442_3449,0.37239115
2026_3224_3449,0.074786917
2026_3219_3449,0.10006001
2026_3427_3449,0.018694101
2026_3376_3449,0.944730206
2026_3234_3449,0.373411957
2026_3395_3449,0.57402279
2026_3328_3449,0.590550006
2026_3277_3449,0.789024173
2026_3208_3449,0.257659714
2026_3155_3449,0.368494753
2026_3425_3449,0.145824902
2026_3113_3449,0.03196864
2026_3438_3449,0.632260514
2026_3355_3449,0.514503378
2026_3161_3449,0.135379023
2026_3225_3449,0.292104505
2026_3192_3449,0.610136793
2026_3359_3449,0.006045903
2026_3380_3449,0.018007395
2026_3400_3449,0.952373876
2026_3276_3449,0.791068926
2026_3257_3449,0.719444834
2026_3246_3449,0.6788644
2026_3104_3449,0.182722406
2026_3301_3449,0.359922343
2026_3332_3449,0.166773378
2026_3439_3449,0.254590317
2026_3397_3449,0.311968962
2026_3348_3449,0.373029106
2026_3241_3449,0.4149513
2026_3275_3449,0.055027958
2026_3436_3449,0.202058973
2026_3221_3449,0.022009687
2026_3283_3449,0.039033537
2026_3372_3449,0.09235412
2026_3417_3449,0.979444231
2026_3261_3449,0.972623502
2026_3181_3449,0.382415955
2026_3278_3449,0.778828551
2026_3279_3449,0.655194846
2026_3124_3449,0.149697457
2026_3403_3449,0.125138182
2026_3329_3449,0.716125422
2026_3343_3449,0.549687084
2026_3437_3449,0.133731392
2026_3304_3449,0.551287724
2026_3350_3449,0.321943688
2026_3211_3449,0.47600845
2026_3158_3449,0.406265976
2026_3239_3449,0.075301434
2026_3163_3208,0.969082924
2026_3160_3208,0.244827322
2026_3193_3208,0.57592645
2026_3155_3208,0.58380149
2026_3113_3208,0.073547548
2026_3161_3208,0.27346076
2026_3192_3208,0.790006686
2026_3104_3208,0.349569453
2026_3181_3208,0.598152289
2026_3124_3208,0.297360769
2026_3158_3208,0.621908105
2026_3113_3155,0.045091627
2026_3104_3155,0.242243174
2026_3124_3155,0.201107685
2026_3163_3425,0.984550418
2026_3326_3425,0.818175959
2026_3314_3425,0.810663589
2026_3268_3425,0.957601482
2026_3323_3425,0.752592643
2026_3228_3425,0.864363991
2026_3235_3425,0.92042236
2026_3393_3425,0.798848748
2026_3160_3425,0.397275158
2026_3193_3425,0.734121418
2026_3293_3425,0.906167304
2026_3224_3425,0.283180206
2026_3219_3425,0.352077931
2026_3241_3400,0
2026_3234_3425,0.744412985
2026_3395_3425,0.86817561
2026_3328_3425,0.875760297
2026_3277_3425,0.94812717
2026_3208_3425,0.629126689
2026_3155_3425,0.740383032
2026_3113_3425,0.138970274
2026_3355_3425,0.838169368
2026_3161_3425,0.433503086
2026_3225_3425,0.668510341
2026_3192_3425,0.884374833
2026_3359_3425,0.028869645
2026_3380_3425,0.082250036
2026_3400_3425,0.989871444
2026_3276_3425,0.948730113
2026_3257_3425,0.926105487
2026_3246_3425,0.911750475
2026_3104_3425,0.522142852
2026_3301_3425,0.73320385
2026_3332_3425,0.494492799
2026_3397_3425,0.689056029
2026_3348_3425,0.744101473
2026_3241_3425,0.776104225
2026_3275_3425,0.221546998
2026_3221_3425,0.099089988
2026_3283_3425,0.165635853
2026_3372_3425,0.332126274
2026_3417_3425,0.995724135
2026_3261_3425,0.994273753
2026_3181_3425,0.751631722
2026_3278_3425,0.945085234
2026_3279_3425,0.902787972
2026_3124_3425,0.46248667
2026_3403_3425,0.411442033
2026_3329_3425,0.92497622
2026_3343_3425,0.85644189
2026_3304_3425,0.857235356
2026_3350_3425,0.698841319
2026_3211_3425,0.816168334
2026_3158_3425,0.769806107
2026_3239_3425,0.284687273
2026_3104_3113,0.849592538
2026_3163_3438,0.86353271
2026_3435_3438,0.746464044
2026_3326_3438,0.308824986
2026_3314_3438,0.298316263
2026_3268_3438,0.691611053
2026_3323_3438,0.231979317
2026_3228_3438,0.387546476
2026_3235_3438,0.534555614
2026_3393_3438,0.282814798
2026_3160_3438,0.061428336
2026_3193_3438,0.215172881
2026_3293_3438,0.489515096
2026_3224_3438,0.037746057
2026_3219_3438,0.051194378
2026_3427_3438,0.009160131
2026_3376_3438,0.89241563
2026_3246_3400,0
2026_3395_3438,0.395384741
2026_3328_3438,0.411740055
2026_3277_3438,0.644749144
2026_3208_3438,0.144156968
2026_3155_3438,0.220682067
2026_3425_3438,0.076509481
2026_3113_3438,0.015773491
2026_3355_3438,0.339620362
2026_3161_3438,0.070618375
2026_3225_3438,0.166838517
2026_3192_3438,0.431648369
2026_3359_3438,0.002943153
2026_3380_3438,0.008820496
2026_3400_3438,0.906578828
2026_3276_3438,0.647567618
2026_3257_3438,0.554456439
2026_3246_3438,0.506385073
2026_3104_3438,0.097878087
2026_3301_3438,0.214380944
2026_3332_3438,0.088532514
2026_3397_3438,0.180354658
2026_3348_3438,0.224042858
2026_3241_3438,0.256059697
2026_3275_3438,0.027482725
2026_3436_3438,0.109438312
2026_3221_3438,0.010803388
2026_3283_3438,0.019330818
2026_3372_3438,0.047054992
2026_3417_3438,0.958545771
2026_3261_3438,0.945178736
2026_3181_3438,0.231062311
2026_3278_3438,0.630843349
2026_3279_3438,0.479745321
2026_3124_3438,0.078710905
2026_3403_3438,0.064908632
2026_3329_3438,0.550404842
2026_3343_3438,0.372008533
2026_3437_3438,0.069695381
2026_3304_3438,0.373520943
2026_3350_3438,0.187266587
2026_3211_3438,0.305964038
2026_3158_3438,0.249283057
2026_3239_3438,0.038016212
2026_3163_3355,0.911237862
2026_3326_3355,0.42025629
2026_3314_3355,0.408195136
2026_3268_3355,0.78441093
2026_3323_3355,0.328876363
2026_3228_3355,0.506564541
2026_3235_3355,0.650750583
2026_3160_3355,0.095990465
2026_3193_3355,0.307863922
2026_3293_3355,0.608723862
2026_3224_3355,0.059832987
2026_3219_3355,0.080492271
2026_3234_3355,0.319357434
2026_3328_3355,0.531737332
2026_3277_3355,0.746481511
2026_3208_3355,0.214621919
2026_3155_3355,0.314794429
2026_3113_3355,0.025341881
2026_3161_3355,0.109746596
2026_3225_3355,0.245213782
2026_3192_3355,0.55200325
2026_3276_3355,0.748807317
2026_3257_3355,0.668761797
2026_3246_3355,0.624674869
2026_3104_3355,0.149677843
2026_3301_3355,0.306864226
2026_3332_3355,0.136132692
2026_3348_3355,0.319001788
2026_3241_3355,0.358322315
2026_3275_3355,0.043837709
2026_3221_3355,0.017410185
2026_3283_3355,0.030989182
2026_3261_3355,0.965483544
2026_3181_3355,0.327739779
2026_3278_3355,0.734920675
2026_3279_3355,0.599368339
2026_3124_3355,0.121735706
2026_3329_3355,0.665121847
2026_3343_3355,0.490073097
2026_3304_3355,0.491689687
2026_3350_3355,0.272104166
2026_3211_3355,0.41698583
2026_3158_3355,0.350112966
2026_3239_3355,0.060251324
2026_3160_3161,0.418155846
2026_3155_3161,0.756658003
2026_3113_3161,0.149645295
2026_3104_3161,0.543666619
2026_3124_3161,0.484042267
2026_3158_3161,0.784772779
2026_3163_3225,0.963457711
2026_3160_3225,0.214269986
2026_3193_3225,0.533223457
2026_3224_3225,0.140482801
2026_3219_3225,0.183552386
2026_3208_3225,0.412395168
2026_3155_3225,0.541259852
2026_3113_3225,0.062595955
2026_3161_3225,0.240467626
2026_3192_3225,0.759872859
2026_3104_3225,0.31132858
2026_3221_3225,0.043524893
2026_3181_3225,0.55596182
2026_3124_3225,0.262526024
2026_3211_3225,0.647497082
2026_3158_3225,0.580462417
2026_3163_3471,0.993460932
2026_3435_3471,0.986050929
2026_3326_3471,0.914732236
2026_3314_3471,0.910774193
2026_3268_3471,0.981766898
2026_3323_3471,0.878818057
2026_3228_3471,0.93824383
2026_3235_3471,0.96500393
2026_3393_3471,0.904470225
2026_3160_3471,0.611106391
2026_3193_3471,0.86811932
2026_3293_3471,0.958373775
2026_3442_3471,0.873632409
2026_3224_3471,0.48501846
2026_3219_3471,0.564360711
2026_3427_3471,0.181645416
2026_3376_3471,0.995004003
2026_3234_3471,0.874113548
2026_3395_3471,0.940123112
2026_3328_3471,0.943836005
2026_3277_3471,0.977566049
2026_3449_3471,0.906730108
2026_3208_3471,0.801750168
2026_3155_3471,0.871776385
2026_3425_3471,0.665456732
2026_3113_3471,0.277865932
2026_3438_3471,0.952454887
2026_3355_3471,0.925080516
2026_3161_3471,0.645936331
2026_3225_3471,0.827819552
2026_3192_3471,0.948010522
2026_3359_3471,0.066181995
2026_3380_3471,0.176046744
2026_3400_3471,0.995726388
2026_3276_3471,0.97783481
2026_3257_3471,0.967615237
2026_3452_3471,0.920683891
2026_3246_3471,0.960984337
2026_3104_3471,0.722606209
2026_3301_3471,0.867580776
2026_3332_3471,0.699888552
2026_3439_3471,0.799177025
2026_3397_3471,0.840842054
2026_3348_3471,0.873933345
2026_3241_3471,0.892054723
2026_3275_3471,0.404228483
2026_3436_3471,0.746865077
2026_3221_3471,0.207743663
2026_3283_3471,0.321239518
2026_3372_3471,0.542450813
2026_3417_3471,0.998202
2026_3261_3471,0.997590081
2026_3181_3471,0.878268092
2026_3278_3471,0.976207151
2026_3279_3471,0.956784964
2026_3124_3471,0.672268047
2026_3403_3471,0.624991564
2026_3329_3471,0.967097791
2026_3343_3471,0.934308888
2026_3437_3471,0.642693784
2026_3304_3471,0.934704785
2026_3350_3471,0.846911927
2026_3211_3471,0.913678263
2026_3453_3471,0.42245257
2026_3158_3471,0.888549876
2026_3239_3471,0.486870111
2026_3465_3471,0.445508725
2026_3163_3192,0.874240737
2026_3160_3192,0.067079062
2026_3155_3192,0.237278836
2026_3113_3192,0.017301896
2026_3161_3192,0.077045087
2026_3104_3192,0.106501319
2026_3181_3192,0.248191123
2026_3124_3192,0.085806093
2026_3158_3192,0.267293059
2026_3163_3359,0.999441213
2026_3326_3359,0.992144217
2026_3314_3359,0.991747139
2026_3268_3359,0.998424961
2026_3323_3359,0.988422749
2026_3228_3359,0.994440099
2026_3235_3359,0.996929011
2026_3160_3359,0.948716885
2026_3193_3359,0.987260358
2026_3293_3359,0.99632416
2026_3224_3359,0.917271513
2026_3219_3359,0.938466339
2026_3234_3359,0.987914784
2026_3328_3359,0.994970838
2026_3277_3359,0.998054471
2026_3208_3359,0.979428299
2026_3155_3359,0.987660589
2026_3113_3359,0.819166633
2026_3355_3359,0.993167783
2026_3161_3359,0.955511148
2026_3225_3359,0.982639346
2026_3192_3359,0.995363314
2026_3276_3359,0.998078261
2026_3257_3359,0.997165158
2026_3246_3359,0.996563223
2026_3104_3359,0.96842208
2026_3301_3359,0.987201161
2026_3332_3359,0.964856877
2026_3348_3359,0.987895229
2026_3241_3359,0.989825929
2026_3275_3359,0.888737204
2026_3221_3359,0.755322454
2026_3283_3359,0.847832642
2026_3261_3359,0.999794844
2026_3181_3359,0.988363621
2026_3278_3359,0.997934001
2026_3279_3359,0.996178083
2026_3124_3359,0.960237053
2026_3329_3359,0.997118456
2026_3343_3359,0.99406318
2026_3304_3359,0.994101232
2026_3350_3359,0.984877997
2026_3211_3359,0.992038786
2026_3158_3359,0.989458075
2026_3239_3359,0.917832267
2026_3163_3380,0.998317306
2026_3326_3380,0.976685965
2026_3314_3380,0.97552681
2026_3268_3380,0.995266709
2026_3323_3380,0.965893301
2026_3228_3380,0.983424101
2026_3235_3380,0.990798741
2026_3160_3380,0.859873536
2026_3193_3380,0.962554579
2026_3293_3380,0.988999817
2026_3224_3380,0.786226963
2026_3219_3380,0.834954186
2026_3261_3403,1
2026_3234_3380,0.964432402
2026_3328_3380,0.984990539
2026_3277_3380,0.994157664
2026_3208_3380,0.940450089
2026_3155_3380,0.963702437
2026_3113_3380,0.600416941
2026_3355_3380,0.979682412
2026_3161_3380,0.876911118
2026_3225_3380,0.949431133
2026_3192_3380,0.986151035
2026_3359_3380,0.216768493
2026_3276_3380,0.994228829
2026_3257_3380,0.991502262
2026_3246_3380,0.989710308
2026_3104_3380,0.910495579
2026_3301_3380,0.962384959
2026_3332_3380,0.901058547
2026_3348_3380,0.964376219
2026_3241_3380,0.969944052
2026_3275_3380,0.725995199
2026_3221_3380,0.50592339
2026_3283_3380,0.648896786
2026_3372_3380,0.822370012
2026_3261_3380,0.999381765
2026_3181_3380,0.9657231
2026_3278_3380,0.993797398
2026_3279_3380,0.98856601
2026_3124_3380,0.889016654
2026_3329_3380,0.991363078
2026_3343_3380,0.982313662
2026_3304_3380,0.982425693
2026_3350_3380,0.955759178
2026_3211_3380,0.976378011
2026_3158_3380,0.968879948
2026_3239_3380,0.787470165
2026_3163_3400,0.352355193
2026_3326_3400,0.036995285
2026_3314_3400,0.03526447
2026_3268_3400,0.16165198
2026_3323_3400,0.025312515
2026_3228_3400,0.051598429
2026_3235_3400,0.089871384
2026_3393_3400,0.032793194
2026_3160_3400,0.005595744
2026_3193_3400,0.023029709
2026_3293_3400,0.076167546
2026_3224_3400,0.003361346
2026_3219_3400,0.004617729
2026_3376_3400,0.416297109
2026_3234_3400,0.024262236
2026_3395_3400,0.053232598
2026_3328_3400,0.056763356
2026_3277_3400,0.134981594
2026_3208_3400,0.014275478
2026_3155_3400,0.023768339
2026_3113_3400,0.001376031
2026_3355_3400,0.042345052
2026_3161_3400,0.006490664
2026_3225_3400,0.016925715
2026_3192_3400,0.06129641
2026_3359_3400,0.000253733
2026_3380_3400,0.000764543
2026_3276_3400,0.136427436
2026_3257_3400,0.096655029
2026_3261_3437,1
2026_3104_3400,0.009242325
2026_3301_3400,0.022924293
2026_3275_3400,0
2026_3397_3400,0.018567582
2026_3348_3400,0.024223521
2026_3276_3301,1
2026_3276_3397,1
2026_3221_3400,0.000938131
2026_3277_3376,0
2026_3278_3417,0
2026_3261_3400,0.597160189
2026_3181_3400,0.025185666
2026_3278_3400,0.128105643
2026_3279_3400,0.073460245
2026_3124_3400,0.007292123
2026_3329_3400,0.095233688
2026_3343_3400,0.048463861
2026_3304_3400,0.04876303
2026_3350_3400,0.01942612
2026_3211_3400,0.036519506
2026_3158_3400,0.027757771
2026_3239_3400,0.00338627
2026_3163_3276,0.741828287
2026_3268_3276,0.504551871
2026_3228_3276,0.223204067
2026_3235_3276,0.342761794
2026_3160_3276,0.028862022
2026_3193_3276,0.11071331
2026_3224_3276,0.017500828
2026_3219_3276,0.023915365
2026_3234_3276,0.116080996
2026_3208_3276,0.071052171
2026_3155_3276,0.113936234
2026_3113_3276,0.007224839
2026_3161_3276,0.033353085
2026_3225_3276,0.083351686
2026_3192_3276,0.256434623
2026_3257_3276,0.36106131
2026_3246_3276,0.317797474
2026_3104_3276,0.04695462
2026_3241_3276,0.135169483
2026_3275_3276,0.012669789
2026_3279_3417,0
2026_3261_3276,0.88673761
2026_3181_3276,0.120069048
2026_3124_3276,0.037346795
2026_3211_3276,0.166795562
2026_3158_3276,0.131028714
2026_3239_3276,0.017628739
2026_3163_3257,0.809253067
2026_3228_3257,0.297878661
2026_3235_3257,0.435034439
2026_3160_3257,0.042036527
2026_3193_3257,0.15527618
2026_3224_3257,0.025626191
2026_3219_3257,0.034913069
2026_3234_3257,0.162409821
2026_3208_3257,0.101472731
2026_3155_3257,0.15956359
2026_3113_3257,0.010630843
2026_3161_3257,0.048475275
2026_3225_3257,0.118367216
2026_3192_3257,0.337397896
2026_3246_3257,0.407516633
2026_3104_3257,0.067811092
2026_3241_3257,0.187500633
2026_3221_3257,0.00726918
2026_3181_3257,0.167687583
2026_3124_3257,0.054178234
2026_3211_3257,0.22814084
2026_3158_3257,0.182094298
2026_3239_3257,0.025811929
2026_3163_3452,0.916110387
2026_3435_3452,0.835556378
2026_3326_3452,0.435380891
2026_3314_3452,0.42320253
2026_3268_3452,0.794676801
2026_3323_3452,0.342656053
2026_3228_3452,0.521998528
2026_3235_3452,0.664660157
2026_3393_3452,0.404956801
2026_3160_3452,0.101487976
2026_3193_3452,0.321184548
2026_3293_3452,0.623338422
2026_3442_3452,0.331967365
2026_3224_3452,0.063404947
2026_3219_3452,0.085185819
2026_3427_3452,0.015704108
2026_3376_3452,0.93470679
2026_3234_3452,0.332936145
2026_3395_3452,0.530201996
2026_3328_3452,0.547087925
2026_3277_3452,0.75799628
2026_3449_3452,0.411342692
2026_3208_3452,0.225220948
2026_3155_3452,0.328272698
2026_3425_3452,0.125093275
2026_3113_3452,0.026913706
2026_3438_3452,0.590153199
2026_3355_3452,0.470210765
2026_3161_3452,0.115930907
2026_3225_3452,0.256829536
2026_3192_3452,0.567230193
2026_3359_3452,0.005068454
2026_3380_3452,0.015125543
2026_3283_3400,0
2026_3276_3452,0.760250376
2026_3257_3452,0.682304239
2026_3246_3452,0.639046924
2026_3104_3452,0.157713684
2026_3301_3452,0.320161605
2026_3332_3452,0.143564105
2026_3439_3452,0.222422197
2026_3397_3452,0.275227803
2026_3348_3452,0.332572767
2026_3241_3452,0.372650704
2026_3275_3452,0.046502001
2026_3436_3452,0.174970305
2026_3221_3452,0.018499386
2026_3283_3452,0.032899457
2026_3372_3452,0.078525478
2026_3417_3452,0.975553446
2026_3261_3452,0.967484552
2026_3181_3452,0.341496079
2026_3278_3452,0.746782416
2026_3279_3452,0.614110818
2026_3124_3452,0.128498099
2026_3403_3452,0.106979206
2026_3329_3452,0.678741618
2026_3343_3452,0.505519389
2026_3437_3452,0.114488628
2026_3304_3452,0.507136258
2026_3350_3452,0.284513564
2026_3211_3452,0.432080451
2026_3158_3452,0.364299454
2026_3239_3452,0.063846562
2026_3163_3246,0.837305615
2026_3228_3246,0.339781411
2026_3235_3246,0.482959593
2026_3160_3246,0.050540437
2026_3193_3246,0.182328173
2026_3224_3246,0.030917465
2026_3219_3246,0.042039156
2026_3234_3246,0.190424462
2026_3208_3246,0.120488173
2026_3155_3246,0.187197
2026_3113_3246,0.012866776
2026_3161_3246,0.058202594
2026_3225_3246,0.140055113
2026_3192_3246,0.381836568
2026_3104_3246,0.081087792
2026_3241_3246,0.218713139
2026_3221_3246,0.008804363
2026_3181_3246,0.196399136
2026_3124_3246,0.0649718
2026_3211_3246,0.263921046
2026_3158_3246,0.212642368
2026_3239_3246,0.031140328
2026_3163_3301,0.950854454
2026_3268_3301,0.872727165
2026_3228_3301,0.659258294
2026_3235_3301,0.77834903
2026_3160_3301,0.166746943
2026_3193_3301,0.456015562
2026_3293_3301,0.745676009
2026_3224_3301,0.107094474
2026_3219_3301,0.141614311
2026_3234_3301,0.469289869
2026_3277_3301,0.84731106
2026_3208_3301,0.339941199
2026_3155_3301,0.464045148
2026_3113_3301,0.046712828
2026_3161_3301,0.188528342
2026_3225_3301,0.379758559
2026_3192_3301,0.698991264
2026_3304_3376,0
2026_3257_3301,0.79188431
2026_3246_3301,0.758261113
2026_3104_3301,0.249103563
2026_3241_3301,0.512766668
2026_3275_3301,0.079533502
2026_3221_3301,0.032314054
2026_3283_3301,0.056844773
2026_3261_3301,0.981383661
2026_3181_3301,0.478839008
2026_3278_3301,0.839358731
2026_3279_3301,0.738186654
2026_3124_3301,0.207121533
2026_3211_3301,0.574093332
2026_3158_3301,0.503797005
2026_3239_3301,0.10780536
2026_3328_3376,0
2026_3326_3332,0.793307411
2026_3314_3332,0.785037511
2026_3268_3332,0.950652358
2026_3323_3332,0.721804071
2026_3228_3332,0.844612934
2026_3235_3332,0.907965234
2026_3160_3332,0.359878515
2026_3193_3332,0.701944551
2026_3293_3332,0.891741149
2026_3224_3332,0.252032623
2026_3219_3332,0.316700292
2026_3234_3332,0.712994685
2026_3328_3332,0.857394959
2026_3277_3332,0.939722951
2026_3208_3332,0.591316964
2026_3155_3332,0.708663222
2026_3113_3332,0.121006973
2026_3161_3332,0.394930737
2026_3225_3332,0.63236948
2026_3192_3332,0.86708965
2026_3276_3332,0.940417441
2026_3257_3332,0.914455317
2026_3246_3332,0.898086156
2026_3104_3332,0.482399665
2026_3301_3332,0.700961171
2026_3241_3332,0.747258953
2026_3275_3332,0.195331278
2026_3221_3332,0.085768126
2026_3283_3332,0.14480543
2026_3261_3332,0.993293123
2026_3181_3332,0.720767936
2026_3278_3332,0.936221325
2026_3279_3332,0.887906536
2026_3124_3332,0.423262263
2026_3329_3332,0.913164704
2026_3304_3332,0.836642426
2026_3211_3332,0.791095309
2026_3158_3332,0.740420814
2026_3239_3332,0.253432531
2026_3163_3439,0.969561979
2026_3435_3439,0.936792975
2026_3326_3439,0.692234518
2026_3314_3439,0.681543999
2026_3268_3439,0.918629269
2026_3323_3439,0.603252699
2026_3228_3439,0.761072377
2026_3235_3439,0.85253812
2026_3393_3439,0.665001495
2026_3160_3439,0.247818146
2026_3193_3439,0.579856273
2026_3293_3439,0.828389958
2026_3224_3439,0.164902748
2026_3219_3439,0.213598538
2026_3427_3439,0.044468469
2026_3376_3439,0.976611893
2026_3234_3439,0.592807038
2026_3395_3439,0.767004239
2026_3328_3439,0.778927685
2026_3277_3439,0.901343491
2026_3208_3439,0.458848508
2026_3155_3439,0.587710579
2026_3425_3439,0.294310336
2026_3113_3439,0.07465285
2026_3438_3439,0.807697128
2026_3355_3439,0.721360183
2026_3161_3439,0.27667322
2026_3225_3439,0.502000981
2026_3192_3439,0.792666845
2026_3359_3439,0.01464185
2026_3380_3439,0.04287634
2026_3329_3417,0
2026_3276_3439,0.902434266
2026_3257_3439,0.862344219
2026_3246_3439,0.837772478
2026_3104_3439,0.353241294
2026_3301_3439,0.578711839
2026_3332_3439,0.328388878
2026_3397_3439,0.525542387
2026_3348_3439,0.592411919
2026_3241_3439,0.634055518
2026_3275_3439,0.124539712
2026_3436_3439,0.382184527
2026_3221_3439,0.052112635
2026_3283_3439,0.090271082
2026_3372_3439,0.199083053
2026_3417_3439,0.991482112
2026_3261_3439,0.988609289
2026_3181_3439,0.602018475
2026_3278_3439,0.895859399
2026_3279_3439,0.822757404
2026_3124_3439,0.300737776
2026_3403_3439,0.258945116
2026_3329_3439,0.860387438
2026_3343_3439,0.748870115
2026_3437_3439,0.273850621
2026_3304_3439,0.750084649
2026_3350_3439,0.537015932
2026_3211_3439,0.689364265
2026_3158_3439,0.625688762
2026_3239_3439,0.165926055
2026_3163_3397,0.959990398
2026_3326_3397,0.628838841
2026_3314_3397,0.617164076
2026_3268_3397,0.894779477
2026_3323_3397,0.533870186
2026_3228_3397,0.705830649
2026_3235_3397,0.813254921
2026_3393_3397,0.599243771
2026_3160_3397,0.198828721
2026_3193_3397,0.509707613
2026_3293_3397,0.784301384
2026_3224_3397,0.129482698
2026_3219_3397,0.16984626
2026_3376_3397,0.969186782
2026_3234_3397,0.52304209
2026_3395_3397,0.71261612
2026_3328_3397,0.726329765
2026_3277_3397,0.873126967
2026_3208_3397,0.389758555
2026_3155_3397,0.517782736
2026_3113_3397,0.057288071
2026_3355_3397,0.66102617
2026_3161_3397,0.223675879
2026_3225_3397,0.431595597
2026_3192_3397,0.742256123
2026_3359_3397,0.011069074
2026_3380_3397,0.032642263
2026_3332_3400,0
2026_3257_3397,0.825137518
2026_3246_3397,0.795499317
2026_3104_3397,0.291487624
2026_3301_3397,0.508534052
2026_3332_3397,0.269171706
2026_3348_3397,0.522633787
2026_3241_3397,0.566186008
2026_3275_3397,0.096784595
2026_3221_3397,0.039765557
2026_3283_3397,0.069546431
2026_3372_3397,0.157707772
2026_3261_3397,0.984934279
2026_3181_3397,0.53258736
2026_3278_3397,0.86630703
2026_3279_3397,0.777610242
2026_3124_3397,0.24469018
2026_3329_3397,0.822760547
2026_3343_3397,0.691949065
2026_3304_3397,0.693326151
2026_3350_3397,0.46629794
2026_3211_3397,0.625697044
2026_3158_3397,0.557350821
2026_3239_3397,0.130320506
2026_3163_3348,0.948148007
2026_3326_3348,0.563542581
2026_3314_3348,0.551279524
2026_3268_3348,0.866323113
2026_3323_3348,0.466052798
2026_3228_3348,0.646464215
2026_3235_3348,0.768456033
2026_3160_3348,0.159049466
2026_3193_3348,0.442048794
2026_3293_3348,0.734821543
2026_3224_3348,0.101814239
2026_3219_3348,0.134889209
2026_3234_3348,0.455256788
2026_3328_3348,0.66916119
2026_3277_3348,0.839862794
2026_3208_3348,0.327389942
2026_3155_3348,0.450035907
2026_3113_3348,0.044262101
2026_3161_3348,0.180042636
2026_3225_3348,0.366553586
2026_3192_3348,0.686980715
2026_3276_3348,0.841513795
2026_3257_3348,0.782426563
2026_3246_3348,0.747762083
2026_3104_3348,0.238693351
2026_3301_3348,0.440890929
2026_3332_3348,0.219168998
2026_3241_3348,0.498655061
2026_3275_3348,0.075497249
2026_3221_3348,0.030594495
2026_3283_3348,0.053892537
2026_3261_3348,0.980323668
2026_3181_3348,0.464770448
2026_3278_3348,0.831599643
2026_3279_3348,0.727129514
2026_3124_3348,0.198003147
2026_3329_3348,0.779624068
2026_3343_3348,0.631244776
2026_3304_3348,0.632749201
2026_3211_3348,0.560234597
2026_3158_3348,0.489684157
2026_3239_3348,0.102494098
2026_3163_3241,0.938797255
2026_3228_3241,0.605353795
2026_3235_3241,0.73573232
2026_3160_3241,0.136929838
2026_3193_3241,0.399257219
2026_3224_3241,0.086832632
2026_3219_3241,0.115667486
2026_3234_3241,0.41213106
2026_3208_3241,0.289930101
2026_3155_3241,0.407035202
2026_3113_3241,0.037396493
2026_3161_3241,0.15554342
2026_3225_3241,0.326789807
2026_3192_3241,0.648016458
2026_3104_3241,0.208240125
2026_3221_3241,0.025791694
2026_3181_3241,0.42144073
2026_3124_3241,0.17157135
2026_3211_3241,0.516595019
2026_3158_3241,0.445967079
2026_3239_3241,0.08742219
2026_3163_3275,0.994675976
2026_3268_3275,0.985122304
2026_3228_3275,0.949194226
2026_3235_3275,0.971354187
2026_3160_3275,0.658980148
2026_3193_3275,0.890046783
2026_3224_3275,0.536645013
2026_3219_3275,0.614357559
2026_3234_3275,0.895164722
2026_3208_3275,0.832584572
2026_3155_3275,0.893170623
2026_3113_3275,0.321195189
2026_3161_3275,0.691685635
2026_3225_3275,0.855330933
2026_3192_3275,0.957307922
2026_3257_3275,0.973504665
2026_3246_3275,0.968039818
2026_3104_3275,0.76209753
2026_3241_3275,0.910413196
2026_3221_3275,0.243830432
2026_3261_3275,0.998039389
2026_3181_3275,0.898705037
2026_3124_3275,0.716110323
2026_3211_3275,0.928653308
2026_3158_3275,0.907442579
2026_3239_3275,0.538487668
2026_3163_3436,0.977253808
2026_3435_3436,0.952358787
2026_3326_3436,0.752088746
2026_3314_3436,0.742704545
2026_3268_3436,0.938373944
2026_3323_3436,0.672217879
2026_3228_3436,0.811190531
2026_3235_3436,0.886335557
2026_3393_3436,0.728071479
2026_3160_3436,0.30765909
2026_3193_3436,0.650532383
2026_3293_3436,0.866857667
2026_3224_3436,0.210320348
2026_3219_3436,0.26812187
2026_3427_3436,0.059061939
2026_3376_3436,0.982554232
2026_3234_3436,0.662572326
2026_3395_3436,0.81617864
2026_3328_3436,0.826155978
2026_3277_3436,0.924939854
2026_3208_3436,0.533504122
2026_3155_3436,0.65784507
2026_3425_3436,0.360004635
2026_3113_3436,0.098134758
2026_3355_3436,0.777371755
2026_3161_3436,0.340329268
2026_3225_3436,0.576201845
2026_3192_3436,0.837572059
2026_3359_3436,0.019648223
2026_3380_3436,0.056978468
2026_3400_3436,0.985049716
2026_3276_3436,0.92579122
2026_3257_3436,0.894173139
2026_3246_3436,0.874455762
2026_3104_3436,0.424182951
2026_3301_3436,0.649464085
2026_3332_3436,0.397406247
2026_3397_3436,0.599037269
2026_3348_3436,0.662206328
2026_3241_3436,0.700326195
2026_3275_3436,0.160983515
2026_3221_3436,0.069033494
2026_3283_3436,0.118039003
2026_3372_3436,0.251084166
2026_3417_3436,0.993670782
2026_3261_3436,0.991529824
2026_3181_3436,0.67108122
2026_3278_3436,0.92065196
2026_3279_3436,0.862277786
2026_3124_3436,0.3671204
2026_3403_3436,0.320328668
2026_3329_3436,0.892612464
2026_3343_3436,0.80087818
2026_3304_3436,0.801907722
2026_3350_3436,0.610052258
2026_3211_3436,0.749574761
2026_3158_3436,0.69274037
2026_3239_3436,0.211554097
2026_3163_3221,0.997935686
2026_3160_3221,0.83333582
2026_3193_3221,0.954432499
2026_3219_3221,0.80476865
2026_3208_3221,0.927892618
2026_3155_3221,0.955817904
2026_3113_3221,0.55043254
2026_3161_3221,0.853048618
2026_3192_3221,0.983057041
2026_3104_3221,0.892344585
2026_3181_3221,0.958258482
2026_3124_3221,0.867145431
2026_3211_3221,0.971164472
2026_3158_3221,0.962075813
2026_3163_3283,0.996280323
2026_3268_3283,0.989575394
2026_3228_3283,0.964008169
2026_3235_3283,0.979843938
2026_3160_3283,0.734769397
2026_3193_3283,0.920665478
2026_3224_3283,0.62411413
2026_3219_3283,0.695481129
2026_3234_3283,0.924479152
2026_3277_3283,0.987150051
2026_3208_3283,0.876993333
2026_3155_3283,0.922994684
2026_3113_3283,0.40417952
2026_3161_3283,0.762822395
2026_3225_3283,0.894470742
2026_3192_3283,0.969831267
2026_3276_3283,0.987305485
2026_3257_3283,0.981369303
2026_3246_3283,0.977489083
2026_3104_3283,0.821188144
2026_3241_3283,0.935769732
2026_3275_3283,0.544659374
2026_3221_3283,0.316135632
2026_3261_3283,0.998631596
2026_3181_3283,0.92711012
2026_3278_3283,0.986363589
2026_3279_3283,0.975019988
2026_3124_3283,0.783376547
2026_3211_3283,0.949135621
2026_3158_3283,0.933578572
2026_3239_3283,0.625851457
2026_3163_3372,0.99073403
2026_3326_3372,0.883039368
2026_3314_3372,0.877806695
2026_3268_3372,0.974289591
2026_3323_3372,0.836167211
2026_3228_3372,0.914472813
2026_3235_3372,0.950995345
2026_3160_3372,0.525144454
2026_3193_3372,0.822463672
2026_3293_3372,0.941871072
2026_3224_3372,0.398613238
2026_3219_3372,0.476910556
2026_3234_3372,0.830126975
2026_3328_3372,0.922038654
2026_3277_3372,0.968421407
2026_3208_3372,0.739999604
2026_3155_3372,0.827134672
2026_3113_3372,0.213094136
2026_3355_3372,0.896800022
2026_3161_3372,0.562157217
2026_3225_3372,0.771878649
2026_3192_3372,0.927709219
2026_3359_3372,0.047508359
2026_3276_3372,0.968796223
2026_3257_3372,0.954602758
2026_3246_3372,0.94545769
2026_3104_3372,0.647056071
2026_3301_3372,0.821776965
2026_3332_3372,0.621392923
2026_3348_3372,0.829896059
2026_3241_3372,0.853284858
2026_3275_3372,0.323183591
2026_3221_3372,0.15579128
2026_3283_3372,0.249855362
2026_3261_3372,0.996579174
2026_3181_3372,0.835459923
2026_3278_3372,0.966527554
2026_3279_3372,0.939692014
2026_3124_3372,0.590772206
2026_3329_3372,0.953887306
2026_3343_3372,0.909169874
2026_3304_3372,0.909702632
2026_3350_3372,0.79564278
2026_3211_3372,0.881644334
2026_3158_3372,0.848734658
2026_3239_3372,0.40039149
2026_3163_3417,0.185885503
2026_3326_3417,0.015866755
2026_3314_3417,0.015108924
2026_3268_3417,0.074864874
2026_3323_3417,0.01078148
2026_3228_3417,0.022323166
2026_3235_3417,0.039792392
2026_3393_3417,0.014029575
2026_3160_3417,0.002356062
2026_3193_3417,0.009795983
2026_3293_3417,0.033444134
2026_3224_3417,0.00141344
2026_3219_3417,0.001943167
2026_3376_3417,0.23036341
2026_3234_3417,0.010327741
2026_3395_3417,0.023052697
2026_3328_3417,0.024633796
2026_3277_3417,0.061463411
2026_3208_3417,0.006041152
2026_3155_3417,0.010114563
2026_3113_3417,0.000577952
2026_3355_3417,0.018218998
2026_3161_3417,0.002734288
2026_3225_3417,0.007173815
2026_3192_3417,0.02667358
2026_3359_3417,0.000106502
2026_3380_3417,0.000321004
2026_3400_3417,0.259348603
2026_3276_3417,0.062178375
2026_3257_3417,0.042974476
2026_3246_3417,0.035695749
2026_3104_3417,0.003899717
2026_3301_3417,0.009750538
2026_3332_3417,0.003492625
2026_3397_3417,0.007877286
2026_3348_3417,0.010311027
2026_3241_3417,0.012267395
2026_3275_3417,0.001018661
2026_3221_3417,0.000393927
2026_3283_3417,0.000710769
2026_3372_3417,0.001778585
2026_3261_3417,0.383523093
2026_3181_3417,0.010726649
2026_3343_3417,0
2026_3350_3376,0
2026_3124_3417,0.00307335
2026_3403_3417,0.002498456
2026_3359_3376,0
2026_3372_3400,0
2026_3304_3417,0.021060755
2026_3350_3417,0.008245673
2026_3376_3380,1
2026_3158_3417,0.011840052
2026_3239_3417,0.001423941
2026_3163_3261,0.234434492
2026_3228_3261,0.029712554
2026_3235_3261,0.052652998
2026_3160_3261,0.003157307
2026_3193_3261,0.013094176
2026_3224_3261,0.001894729
2026_3219_3261,0.002604362
2026_3234_3261,0.013802475
2026_3208_3261,0.008085459
2026_3155_3261,0.013518553
2026_3113_3261,0.00077497
2026_3161_3261,0.003663688
2026_3225_3261,0.009597712
2026_3192_3261,0.035450821
2026_3257_3261,0.056802669
2026_3246_3261,0.047297568
2026_3104_3261,0.005223178
2026_3241_3261,0.016383915
2026_3221_3261,0.000528247
2026_3181_3261,0.014333651
2026_3124_3261,0.004117523
2026_3211_3261,0.020888605
2026_3158_3261,0.015815466
2026_3376_3425,1
2026_3163_3181,0.946149038
2026_3160_3181,0.153780179
2026_3155_3181,0.440172248
2026_3113_3181,0.042603047
2026_3161_3181,0.174221937
2026_3104_3181,0.231511871
2026_3124_3181,0.191737572
2026_3158_3181,0.479709489
2026_3163_3278,0.755473464
2026_3268_3278,0.522668433
2026_3228_3278,0.23603114
2026_3235_3278,0.359281765
2026_3160_3278,0.030965876
2026_3193_3278,0.118058271
2026_3224_3278,0.018792551
2026_3219_3278,0.02566817
2026_3234_3278,0.123732514
2026_3277_3278,0.469814537
2026_3208_3278,0.075990766
2026_3155_3278,0.121465806
2026_3113_3278,0.007764092
2026_3161_3278,0.03577225
2026_3225_3278,0.089063215
2026_3192_3278,0.270506368
2026_3276_3278,0.472886233
2026_3257_3278,0.377956062
2026_3246_3278,0.333725195
2026_3104_3278,0.050308986
2026_3241_3278,0.143874426
2026_3275_3278,0.013609876
2026_3221_3278,0.005304087
2026_3261_3278,0.89382012
2026_3181_3278,0.12794539
2026_3124_3278,0.040043632
2026_3211_3278,0.177120103
2026_3158_3278,0.139510008
2026_3239_3278,0.018929721
2026_3163_3279,0.851310969
2026_3268_3279,0.669878481
2026_3228_3279,0.364088203
2026_3235_3279,0.509602999
2026_3160_3279,0.05590809
2026_3193_3279,0.198762288
2026_3224_3279,0.034276294
2026_3219_3279,0.046548194
2026_3234_3279,0.20740323
2026_3277_3279,0.621521375
2026_3208_3279,0.132249877
2026_3155_3279,0.203960498
2026_3113_3279,0.014293528
2026_3161_3279,0.064328872
2026_3225_3279,0.153393754
2026_3192_3279,0.407295877
2026_3276_3279,0.624416782
2026_3257_3279,0.529631932
2026_3246_3279,0.481387416
2026_3104_3279,0.089394272
2026_3241_3279,0.237474334
2026_3275_3279,0.024931962
2026_3221_3279,0.009785114
2026_3261_3279,0.939758954
2026_3181_3279,0.213769958
2026_3278_3279,0.607260199
2026_3124_3279,0.071756303
2026_3211_3279,0.285144849
2026_3158_3279,0.231036805
2026_3239_3279,0.034522506
2026_3113_3124,0.135331056
2026_3104_3124,0.514464885
2026_3163_3403,0.987023079
2026_3326_3403,0.84303105
2026_3314_3403,0.836340194
2026_3268_3403,0.964230543
2026_3323_3403,0.784046576
2026_3228_3403,0.88380194
2026_3235_3403,0.932454397
2026_3393_3403,0.825783272
2026_3160_3403,0.440307575
2026_3193_3403,0.767197258
2026_3293_3403,0.920167744
2026_3224_3403,0.320424155
2026_3219_3403,0.39341016
2026_3376_3403,0.990070153
2026_3234_3403,0.776598141
2026_3395_3403,0.88713864
2026_3328_3403,0.893765773
2026_3277_3403,0.956169751
2026_3208_3403,0.669381696
2026_3155_3403,0.772920862
2026_3113_3403,0.161521428
2026_3355_3403,0.860756524
2026_3161_3403,0.477351771
2026_3225_3403,0.706484956
2026_3192_3403,0.901272589
2026_3359_3403,0.034265423
2026_3380_3403,0.096629963
2026_3400_3403,0.991499843
2026_3276_3403,0.956683482
2026_3257_3403,0.937336743
2026_3246_3403,0.92498683
2026_3104_3403,0.565999411
2026_3301_3403,0.766357509
2026_3332_3403,0.538644791
2026_3397_3403,0.725642927
2026_3348_3403,0.776314069
2026_3241_3403,0.805342168
2026_3275_3403,0.253552174
2026_3221_3403,0.11604181
2026_3283_3403,0.191551474
2026_3372_3403,0.372462722
2026_3400_3439,1
2026_3181_3403,0.783172624
2026_3278_3403,0.953576356
2026_3279_3403,0.917246584
2026_3124_3403,0.506645094
2026_3329_3403,0.936367321
2026_3343_3403,0.876853403
2026_3304_3403,0.877550183
2026_3350_3403,0.73472011
2026_3211_3403,0.841244614
2026_3158_3403,0.799654194
2026_3239_3403,0.322040383
2026_3163_3329,0.811769745
2026_3326_3329,0.233435255
2026_3314_3329,0.224658058
2026_3268_3329,0.604503583
2026_3323_3329,0.170715548
2026_3228_3329,0.301317194
2026_3235_3329,0.439066147
2026_3160_3329,0.042701383
2026_3193_3329,0.157437707
2026_3293_3329,0.395239206
2026_3224_3329,0.026038554
2026_3219_3329,0.035469431
2026_3234_3329,0.164651296
2026_3328_3329,0.322966362
2026_3277_3329,0.552960861
2026_3208_3329,0.102976589
2026_3155_3329,0.16177337
2026_3113_3329,0.010804584
2026_3161_3329,0.049236734
2026_3225_3329,0.120087992
2026_3192_3329,0.341071013
2026_3276_3329,0.556006082
2026_3257_3329,0.458917118
2026_3246_3329,0.411479058
2026_3104_3329,0.068854303
2026_3301_3329,0.156815805
2026_3241_3329,0.190009838
2026_3275_3329,0.018896036
2026_3221_3329,0.007388392
2026_3283_3329,0.013256389
2026_3261_3329,0.921571996
2026_3181_3329,0.169987115
2026_3278_3329,0.538036477
2026_3279_3329,0.385928526
2026_3124_3329,0.055024096
2026_3304_3329,0.288940088
2026_3211_3329,0.231039258
2026_3158_3329,0.184547587
2026_3239_3329,0.0262272
2026_3163_3343,0.899118393
2026_3326_3343,0.386251134
2026_3314_3343,0.374535425
2026_3268_3343,0.759544197
2026_3323_3343,0.298458707
2026_3228_3343,0.471252488
2026_3235_3343,0.617975349
2026_3160_3343,0.084403436
2026_3193_3343,0.278582982
2026_3293_3343,0.574582955
2026_3224_3343,0.05235775
2026_3219_3343,0.070629868
2026_3234_3343,0.289440482
2026_3328_3343,0.496435949
2026_3277_3343,0.71880817
2026_3208_3343,0.191752329
2026_3155_3343,0.285125869
2026_3113_3343,0.022074615
2026_3161_3343,0.096676639
2026_3225_3343,0.21999752
2026_3192_3343,0.516841446
2026_3276_3343,0.721293066
2026_3257_3343,0.636733273
2026_3246_3343,0.590990596
2026_3104_3343,0.132560492
2026_3301_3343,0.277640226
2026_3332_3343,0.120345148
2026_3241_3343,0.326506188
2026_3275_3343,0.038279479
2026_3221_3343,0.015149638
2026_3283_3343,0.027014004
2026_3261_3343,0.960449238
2026_3181_3343,0.297380665
2026_3278_3343,0.706481587
2026_3279_3343,0.56499447
2026_3124_3343,0.107410207
2026_3329_3343,0.632934545
2026_3304_3343,0.456455344
2026_3211_3343,0.383070448
2026_3158_3343,0.318663772
2026_3239_3343,0.052726753
2026_3163_3437,0.986008781
2026_3435_3437,0.970405639
2026_3326_3437,0.832670096
2026_3314_3437,0.825628949
2026_3268_3437,0.961504225
2026_3323_3437,0.770850546
2026_3228_3437,0.875735446
2026_3235_3437,0.927488262
2026_3393_3437,0.814534315
2026_3160_3437,0.421602245
2026_3193_3437,0.753295602
2026_3293_3437,0.914381207
2026_3224_3437,0.304045096
2026_3219_3437,0.375360988
2026_3427_3437,0.09334972
2026_3376_3437,0.989291436
2026_3234_3437,0.763084498
2026_3395_3437,0.879272139
2026_3328_3437,0.886301987
2026_3277_3437,0.952859083
2026_3208_3437,0.652286338
2026_3155_3437,0.759253736
2026_3425_3437,0.47989651
2026_3113_3437,0.151454713
2026_3355_3437,0.851359274
2026_3161_3437,0.458361522
2026_3225_3437,0.690420824
2026_3192_3437,0.894273826
2026_3359_3437,0.031828786
2026_3380_3437,0.090172626
2026_3400_3437,0.990832206
2026_3276_3437,0.953409727
2026_3257_3437,0.932703664
2026_3246_3437,0.919519047
2026_3104_3437,0.547174657
2026_3301_3437,0.752421889
2026_3332_3437,0.51964051
2026_3397_3437,0.710197208
2026_3348_3437,0.762788491
2026_3241_3437,0.793104038
2026_3275_3437,0.239387274
2026_3436_3437,0.577811838
2026_3221_3437,0.108442989
2026_3283_3437,0.180014975
2026_3372_3437,0.354812451
2026_3417_3437,0.996131899
2026_3400_3452,1
2026_3181_3437,0.76993886
2026_3278_3437,0.950080026
2026_3279_3437,0.911268728
2026_3124_3437,0.487576646
2026_3403_3437,0.436009076
2026_3329_3437,0.931667792
2026_3343_3437,0.868376379
2026_3304_3437,0.869113963
2026_3350_3437,0.71958794
2026_3211_3437,0.830789411
2026_3158_3437,0.787152973
2026_3239_3437,0.305615861
2026_3163_3304,0.898530153
2026_3268_3304,0.758360825
2026_3228_3304,0.46964101
2026_3235_3304,0.616447088
2026_3160_3304,0.083904895
2026_3193_3304,0.277284838
2026_3293_3304,0.573001049
2026_3224_3304,0.052037733
2026_3219_3304,0.070206444
2026_3234_3304,0.28811195
2026_3277_3304,0.717498885
2026_3208_3304,0.190751815
2026_3155_3304,0.283809231
2026_3113_3304,0.021935408
2026_3161_3304,0.096113214
2026_3225_3304,0.218889542
2026_3192_3304,0.515225981
2026_3276_3304,0.719990844
2026_3257_3304,0.63523576
2026_3246_3304,0.589426106
2026_3104_3304,0.131818455
2026_3301_3304,0.276344793
2026_3241_3304,0.325085361
2026_3275_3304,0.038042055
2026_3221_3304,0.015053429
2026_3283_3304,0.026844503
2026_3261_3304,0.960202789
2026_3181_3304,0.296030871
2026_3278_3304,0.705138451
2026_3279_3304,0.563404002
2026_3124_3304,0.106791622
2026_3211_3304,0.38154292
2026_3158_3304,0.317260996
2026_3239_3304,0.052404606
2026_3163_3350,0.958182657
2026_3326_3350,0.61802225
2026_3314_3350,0.606220306
2026_3268_3350,0.890361832
2026_3323_3350,0.522388018
2026_3228_3350,0.696173725
2026_3235_3350,0.806156005
2026_3160_3350,0.191590639
2026_3193_3350,0.498189703
2026_3293_3350,0.776404438
2026_3224_3350,0.124377156
2026_3219_3350,0.163447999
2026_3234_3350,0.511537236
2026_3328_3350,0.71707604
2026_3277_3350,0.867934424
2026_3208_3350,0.378856699
2026_3155_3350,0.506270772
2026_3113_3350,0.054849822
2026_3161_3350,0.215776885
2026_3225_3350,0.42032956
2026_3192_3350,0.733343215
2026_3276_3350,0.869341034
2026_3257_3350,0.818389435
2026_3246_3350,0.787901471
2026_3104_3350,0.28206398
2026_3301_3350,0.497015778
2026_3332_3350,0.260204564
2026_3348_3350,0.51112829
2026_3241_3350,0.554836107
2026_3275_3350,0.09283086
2026_3221_3350,0.038042991
2026_3283_3350,0.066623324
2026_3261_3350,0.984235061
2026_3181_3350,0.521101939
2026_3278_3350,0.860879842
2026_3279_3350,0.769540309
2026_3124_3350,0.236274939
2026_3329_3350,0.815941196
2026_3343_3350,0.682041721
2026_3304_3350,0.683442834
2026_3211_3350,0.614844972
2026_3158_3350,0.545955137
2026_3239_3350,0.12518668
2026_3163_3211,0.92293528
2026_3160_3211,0.110217506
2026_3193_3211,0.341626365
2026_3208_3211,0.241730109
2026_3155_3211,0.348933747
2026_3113_3211,0.029438866
2026_3161_3211,0.125728915
2026_3192_3211,0.589727187
2026_3104_3211,0.170362509
2026_3181_3211,0.362540207
2026_3124_3211,0.139191009
2026_3158_3211,0.385925254
2026_3163_3453,0.994262764
2026_3435_3453,0.987750184
2026_3326_3453,0.924453807
2026_3314_3453,0.920908011
2026_3268_3453,0.98397955
2026_3323_3453,0.892151518
2026_3228_3453,0.945444665
2026_3235_3453,0.969186982
2026_3393_3453,0.915253396
2026_3160_3453,0.641892849
2026_3193_3453,0.88247252
2026_3293_3453,0.9633192
2026_3442_3453,0.887463376
2026_3224_3453,0.517912274
2026_3219_3453,0.596403757
2026_3427_3453,0.202036366
2026_3376_3453,0.995617456
2026_3234_3453,0.88789861
2026_3395_3453,0.947117171
2026_3328_3453,0.950419244
2026_3277_3453,0.980278248
2026_3449_3453,0.917281518
2026_3208_3453,0.821844276
2026_3155_3453,0.885783936
2026_3425_3453,0.694094369
2026_3113_3453,0.305032194
2026_3438_3453,0.958072745
2026_3355_3453,0.933707761
2026_3161_3453,0.675429949
2026_3225_3453,0.845779597
2026_3192_3453,0.954128228
2026_3359_3453,0.074796042
2026_3380_3453,0.195959699
2026_3400_3453,0.996251474
2026_3276_3453,0.980515164
2026_3257_3453,0.971495381
2026_3452_3453,0.929778992
2026_3246_3453,0.965630736
2026_3104_3453,0.748202819
2026_3301_3453,0.88198462
2026_3332_3453,0.726788857
2026_3439_3453,0.819473215
2026_3397_3453,0.857677266
2026_3348_3453,0.887735606
2026_3241_3453,0.904090719
2026_3275_3453,0.436285004
2026_3436_3453,0.770932798
2026_3221_3453,0.230240061
2026_3283_3453,0.350587582
2026_3372_3453,0.574891501
2026_3417_3453,1
2026_3261_3453,0.997886666
2026_3181_3453,0.891654605
2026_3278_3453,0.979080121
2026_3279_3453,0.961911647
2026_3124_3453,0.700584964
2026_3403_3453,0.655298833
2026_3329_3453,0.971038076
2026_3343_3453,0.941940149
2026_3437_3453,0.672320485
2026_3304_3453,0.942292896
2026_3350_3453,0.863209538
2026_3211_3453,0.923509951
2026_3158_3453,0.900933266
2026_3239_3453,0.51976276
2026_3155_3158,0.415725456
2026_3113_3158,0.038710111
2026_3104_3158,0.21421941
2026_3124_3158,0.176732769
2026_3163_3239,0.99257052
2026_3228_3239,0.930361659
2026_3235_3239,0.96039307
2026_3160_3239,0.580154433
2026_3193_3239,0.852692119
2026_3224_3239,0.453013553
2026_3219_3239,0.532534254
2026_3234_3239,0.859273875
2026_3208_3239,0.780522039
2026_3155_3239,0.856706369
2026_3113_3239,0.252819697
2026_3161_3239,0.616014642
2026_3225_3239,0.808716883
2026_3192_3239,0.941296917
2026_3104_3239,0.696115607
2026_3221_3239,0.187378022
2026_3181_3239,0.863841877
2026_3124_3239,0.643342936
2026_3211_3239,0.902984898
2026_3158_3239,0.87516895
2026_3163_3465,0.993701622
2026_3435_3465,0.986560676
2026_3326_3465,0.917630505
2026_3314_3465,0.913794317
2026_3268_3465,0.98243041
2026_3323_3465,0.882780624
2026_3228_3465,0.940395009
2026_3235_3465,0.966256488
2026_3393_3465,0.907682099
2026_3160_3465,0.620038112
2026_3193_3465,0.872380926
2026_3293_3465,0.959853763
2026_3442_3465,0.877740954
2026_3224_3465,0.494450384
2026_3219_3465,0.573616959
2026_3427_3465,0.187323742
2026_3376_3465,0.995188171
2026_3234_3465,0.87820863
2026_3395_3465,0.942212862
2026_3328_3465,0.945803642
2026_3277_3465,0.978379065
2026_3449_3465,0.909873572
2026_3208_3465,0.807681316
2026_3155_3465,0.875936705
2026_3425_3465,0.67380648
2026_3113_3465,0.285502779
2026_3438_3465,0.954135245
2026_3355_3465,0.927654864
2026_3161_3465,0.654520346
2026_3225_3465,0.833133094
2026_3192_3465,0.949839682
2026_3359_3465,0.068553238
2026_3380_3465,0.181588888
2026_3400_3465,0.995884037
2026_3276_3465,0.978638298
2026_3257_3465,0.968777356
2026_3452_3465,0.923396803
2026_3246_3465,0.962375152
2026_3104_3465,0.730108084
2026_3301_3465,0.871857215
2026_3332_3465,0.707756333
2026_3439_3465,0.805166448
2026_3397_3465,0.845828563
2026_3348_3465,0.878033471
2026_3241_3465,0.895635861
2026_3275_3465,0.413350355
2026_3436_3465,0.753934297
2026_3221_3465,0.214024465
2026_3283_3465,0.329524473
2026_3372_3465,0.551802882
2026_3417_3465,1
2026_3261_3465,0.99767914
2026_3181_3465,0.882246233
2026_3278_3465,0.977068259
2026_3279_3465,0.958318984
2026_3124_3465,0.680529408
2026_3403_3465,0.633795484
2026_3329_3465,0.96827787
2026_3343_3465,0.936587871
2026_3437_3465,0.651313975
2026_3304_3465,0.93697096
2026_3350_3465,0.851741794
2026_3211_3465,0.91660909
2026_3453_3465,0.431687706
2026_3158_3465,0.892233242
2026_3239_3465,0.496303342
