"ID","Pred"
"2026_1103_1104",0.215625494718552
"2026_1103_1112",0.190773114562035
"2026_1104_1112",0.449202090501785
"2026_1103_1116",0.276884198188782
"2026_1104_1116",0.637045502662659
"2026_1112_1116",0.561915695667267
"2026_1103_1140",0.309137850999832
"2026_1104_1140",0.600364029407501
"2026_1112_1140",0.555660128593445
"2026_1116_1140",0.504642605781555
"2026_1103_1155",0.323261439800262
"2026_1104_1155",0.642012536525726
"2026_1112_1155",0.654947400093079
"2026_1116_1155",0.522019386291504
"2026_1140_1155",0.597622931003571
"2026_1103_1163",0.260399580001831
"2026_1104_1163",0.434254676103592
"2026_1112_1163",0.506612658500671
"2026_1116_1163",0.389114558696747
"2026_1140_1163",0.398712277412415
"2026_1155_1163",0.368908911943436
"2026_1103_1181",0.0943308249115944
"2026_1104_1181",0.211273893713951
"2026_1112_1181",0.194534882903099
"2026_1116_1181",0.119774892926216
"2026_1140_1181",0.178130060434341
"2026_1155_1181",0.162418335676193
"2026_1163_1181",0.231183603405952
"2026_1103_1196",0.0935367420315742
"2026_1104_1196",0.202628418803215
"2026_1112_1196",0.207079008221626
"2026_1116_1196",0.115200988948345
"2026_1140_1196",0.184989646077156
"2026_1155_1196",0.165717005729675
"2026_1163_1196",0.252663463354111
"2026_1181_1196",0.514622926712036
"2026_1103_1202",0.7091264128685
"2026_1104_1202",0.883983671665192
"2026_1112_1202",0.898741245269775
"2026_1116_1202",0.846003949642181
"2026_1140_1202",0.820006728172302
"2026_1155_1202",0.823868632316589
"2026_1163_1202",0.832558810710907
"2026_1181_1202",0.935050249099731
"2026_1196_1202",0.933897376060486
"2026_1103_1208",0.29837492108345
"2026_1104_1208",0.681399047374725
"2026_1112_1208",0.620154857635498
"2026_1116_1208",0.55007266998291
"2026_1140_1208",0.58646547794342
"2026_1155_1208",0.585690557956696
"2026_1163_1208",0.620611488819122
"2026_1181_1208",0.885768711566925
"2026_1196_1208",0.882347106933594
"2026_1202_1208",0.23242199420929
"2026_1103_1211",0.159939795732498
"2026_1104_1211",0.320658802986145
"2026_1112_1211",0.415150284767151
"2026_1116_1211",0.217770129442215
"2026_1140_1211",0.297390520572662
"2026_1155_1211",0.26490780711174
"2026_1163_1211",0.416538298130035
"2026_1181_1211",0.669966101646423
"2026_1196_1211",0.769013524055481
"2026_1202_1211",0.0784213021397591
"2026_1208_1211",0.159026980400085
"2026_1103_1218",0.6449094414711
"2026_1104_1218",0.878991067409515
"2026_1112_1218",0.887388229370117
"2026_1116_1218",0.834510385990143
"2026_1140_1218",0.804319620132446
"2026_1155_1218",0.839394211769104
"2026_1163_1218",0.856212437152863
"2026_1181_1218",0.917324841022491
"2026_1196_1218",0.916139245033264
"2026_1202_1218",0.519364476203918
"2026_1208_1218",0.768725216388702
"2026_1211_1218",0.897757291793823
"2026_1103_1219",0.531900763511658
"2026_1104_1219",0.834076464176178
"2026_1112_1219",0.868913233280182
"2026_1116_1219",0.736599326133728
"2026_1140_1219",0.696118116378784
"2026_1155_1219",0.675301313400269
"2026_1163_1219",0.767423212528229
"2026_1181_1219",0.930885314941406
"2026_1196_1219",0.924929678440094
"2026_1202_1219",0.347633630037308
"2026_1208_1219",0.682425260543823
"2026_1211_1219",0.874854207038879
"2026_1218_1219",0.301173478364944
"2026_1103_1220",0.633580148220062
"2026_1104_1220",0.901970505714417
"2026_1112_1220",0.910659492015839
"2026_1116_1220",0.841909766197205
"2026_1140_1220",0.810362637042999
"2026_1155_1220",0.842583179473877
"2026_1163_1220",0.863771259784698
"2026_1181_1220",0.935669898986816
"2026_1196_1220",0.9335116147995
"2026_1202_1220",0.505962491035461
"2026_1208_1220",0.758889198303223
"2026_1211_1220",0.917589247226715
"2026_1218_1220",0.50776594877243
"2026_1219_1220",0.691523671150208
"2026_1103_1222",0.101437225937843
"2026_1104_1222",0.213715359568596
"2026_1112_1222",0.279533952474594
"2026_1116_1222",0.131495282053947
"2026_1140_1222",0.201040625572205
"2026_1155_1222",0.184556022286415
"2026_1163_1222",0.316579967737198
"2026_1181_1222",0.551784932613373
"2026_1196_1222",0.548368275165558
"2026_1202_1222",0.0715524926781654
"2026_1208_1222",0.117603279650211
"2026_1211_1222",0.332188934087753
"2026_1218_1222",0.0760002210736275
"2026_1219_1222",0.108989514410496
"2026_1220_1222",0.0648314729332924
"2026_1103_1224",0.778686285018921
"2026_1104_1224",0.930710971355438
"2026_1112_1224",0.931124329566956
"2026_1116_1224",0.907653093338013
"2026_1140_1224",0.871675848960876
"2026_1155_1224",0.88364040851593
"2026_1163_1224",0.892770648002625
"2026_1181_1224",0.94856733083725
"2026_1196_1224",0.948835790157318
"2026_1202_1224",0.671053230762482
"2026_1208_1224",0.864573836326599
"2026_1211_1224",0.942249596118927
"2026_1218_1224",0.646737098693848
"2026_1219_1224",0.805234849452972
"2026_1220_1224",0.664206266403198
"2026_1222_1224",0.943788349628448
"2026_1103_1225",0.756473183631897
"2026_1104_1225",0.919152438640594
"2026_1112_1225",0.921158194541931
"2026_1116_1225",0.887318253517151
"2026_1140_1225",0.854238986968994
"2026_1155_1225",0.848315417766571
"2026_1163_1225",0.877382636070251
"2026_1181_1225",0.939558207988739
"2026_1196_1225",0.93753308057785
"2026_1202_1225",0.600664973258972
"2026_1208_1225",0.822799742221832
"2026_1211_1225",0.930784702301025
"2026_1218_1225",0.535381495952606
"2026_1219_1225",0.783408403396606
"2026_1220_1225",0.620833575725555
"2026_1222_1225",0.933392345905304
"2026_1224_1225",0.39163014292717
"2026_1103_1228",0.234304994344711
"2026_1104_1228",0.489055573940277
"2026_1112_1228",0.566244065761566
"2026_1116_1228",0.444467514753342
"2026_1140_1228",0.426667630672455
"2026_1155_1228",0.386987954378128
"2026_1163_1228",0.580644428730011
"2026_1181_1228",0.878597140312195
"2026_1196_1228",0.870991885662079
"2026_1202_1228",0.156413465738297
"2026_1208_1228",0.405523180961609
"2026_1211_1228",0.659119844436646
"2026_1218_1228",0.181612387299538
"2026_1219_1228",0.19741415977478
"2026_1220_1228",0.146282166242599
"2026_1222_1228",0.795327842235565
"2026_1224_1228",0.100659534335136
"2026_1225_1228",0.114094533026218
"2026_1103_1234",0.374214708805084
"2026_1104_1234",0.768007099628448
"2026_1112_1234",0.737501502037048
"2026_1116_1234",0.590709507465363
"2026_1140_1234",0.64125794172287
"2026_1155_1234",0.699659049510956
"2026_1163_1234",0.683183312416077
"2026_1181_1234",0.878361225128174
"2026_1196_1234",0.888191878795624
"2026_1202_1234",0.256860643625259
"2026_1208_1234",0.568669617176056
"2026_1211_1234",0.849712312221527
"2026_1218_1234",0.22568042576313
"2026_1219_1234",0.381172358989716
"2026_1220_1234",0.233189657330513
"2026_1222_1234",0.877080917358398
"2026_1224_1234",0.17012719810009
"2026_1225_1234",0.21330089867115
"2026_1228_1234",0.713808000087738
"2026_1103_1235",0.229220137000084
"2026_1104_1235",0.485561370849609
"2026_1112_1235",0.497788727283478
"2026_1116_1235",0.448243647813797
"2026_1140_1235",0.448430210351944
"2026_1155_1235",0.408457040786743
"2026_1163_1235",0.534229278564453
"2026_1181_1235",0.804678976535797
"2026_1196_1235",0.758388578891754
"2026_1202_1235",0.129952147603035
"2026_1208_1235",0.436099201440811
"2026_1211_1235",0.589472055435181
"2026_1218_1235",0.119620941579342
"2026_1219_1235",0.177646771073341
"2026_1220_1235",0.104515075683594
"2026_1222_1235",0.724767208099365
"2026_1224_1235",0.0815652385354042
"2026_1225_1235",0.089317612349987
"2026_1228_1235",0.433925181627274
"2026_1234_1235",0.329041600227356
"2026_1103_1242",0.256131082773209
"2026_1104_1242",0.572735607624054
"2026_1112_1242",0.556360602378845
"2026_1116_1242",0.492846369743347
"2026_1140_1242",0.47885724902153
"2026_1155_1242",0.472335040569305
"2026_1163_1242",0.602538406848907
"2026_1181_1242",0.876092374324799
"2026_1196_1242",0.87098228931427
"2026_1202_1242",0.12357471883297
"2026_1208_1242",0.465245455503464
"2026_1211_1242",0.774654805660248
"2026_1218_1242",0.130697280168533
"2026_1219_1242",0.222009986639023
"2026_1220_1242",0.114295639097691
"2026_1222_1242",0.862499415874481
"2026_1224_1242",0.0770437642931938
"2026_1225_1242",0.0816706344485283
"2026_1228_1242",0.513911128044128
"2026_1234_1242",0.391643315553665
"2026_1235_1242",0.564397037029266
"2026_1103_1244",0.648807942867279
"2026_1104_1244",0.855806946754456
"2026_1112_1244",0.877464473247528
"2026_1116_1244",0.76110851764679
"2026_1140_1244",0.773104906082153
"2026_1155_1244",0.813516199588776
"2026_1163_1244",0.823202848434448
"2026_1181_1244",0.918781578540802
"2026_1196_1244",0.919698417186737
"2026_1202_1244",0.413039803504944
"2026_1208_1244",0.739567279815674
"2026_1211_1244",0.907296180725098
"2026_1218_1244",0.455579549074173
"2026_1219_1244",0.733222007751465
"2026_1220_1244",0.489070802927017
"2026_1222_1244",0.923510611057281
"2026_1224_1244",0.269471108913422
"2026_1225_1244",0.341043502092361
"2026_1228_1244",0.828978359699249
"2026_1234_1244",0.647291600704193
"2026_1235_1244",0.856740295886993
"2026_1242_1244",0.83420318365097
"2026_1103_1246",0.272467643022537
"2026_1104_1246",0.623605072498322
"2026_1112_1246",0.584515690803528
"2026_1116_1246",0.580904543399811
"2026_1140_1246",0.549075484275818
"2026_1155_1246",0.479340493679047
"2026_1163_1246",0.602354466915131
"2026_1181_1246",0.877560615539551
"2026_1196_1246",0.873631596565247
"2026_1202_1246",0.168271541595459
"2026_1208_1246",0.46370929479599
"2026_1211_1246",0.716877162456512
"2026_1218_1246",0.19964611530304
"2026_1219_1246",0.278697103261948
"2026_1220_1246",0.191222742199898
"2026_1222_1246",0.863448023796082
"2026_1224_1246",0.0962963923811913
"2026_1225_1246",0.12719289958477
"2026_1228_1246",0.578822135925293
"2026_1234_1246",0.297498852014542
"2026_1235_1246",0.575895667076111
"2026_1242_1246",0.58593338727951
"2026_1244_1246",0.189269199967384
"2026_1103_1250",0.673697233200073
"2026_1104_1250",0.905704915523529
"2026_1112_1250",0.907031357288361
"2026_1116_1250",0.868921756744385
"2026_1140_1250",0.825352847576141
"2026_1155_1250",0.831247508525848
"2026_1163_1250",0.857678890228271
"2026_1181_1250",0.929503679275513
"2026_1196_1250",0.929131388664246
"2026_1202_1250",0.600001692771912
"2026_1208_1250",0.802060961723328
"2026_1211_1250",0.918321132659912
"2026_1218_1250",0.59399425983429
"2026_1219_1250",0.738931357860565
"2026_1220_1250",0.587459564208984
"2026_1222_1250",0.924363195896149
"2026_1224_1250",0.435518085956573
"2026_1225_1250",0.564441204071045
"2026_1228_1250",0.85023957490921
"2026_1234_1250",0.761510252952576
"2026_1235_1250",0.884287893772125
"2026_1242_1250",0.891001522541046
"2026_1244_1250",0.699613213539124
"2026_1246_1250",0.831030249595642
"2026_1103_1254",0.69301700592041
"2026_1104_1254",0.895065188407898
"2026_1112_1254",0.894047677516937
"2026_1116_1254",0.856665670871735
"2026_1140_1254",0.830231606960297
"2026_1155_1254",0.831955015659332
"2026_1163_1254",0.837469398975372
"2026_1181_1254",0.918962419033051
"2026_1196_1254",0.916102409362793
"2026_1202_1254",0.631360709667206
"2026_1208_1254",0.79059624671936
"2026_1211_1254",0.906749606132507
"2026_1218_1254",0.527308285236359
"2026_1219_1254",0.746223151683807
"2026_1220_1254",0.585235953330994
"2026_1222_1254",0.9120032787323
"2026_1224_1254",0.414217054843903
"2026_1225_1254",0.540185749530792
"2026_1228_1254",0.836658358573914
"2026_1234_1254",0.777134776115417
"2026_1235_1254",0.872227132320404
"2026_1242_1254",0.885622024536133
"2026_1244_1254",0.646330952644348
"2026_1246_1254",0.830754697322845
"2026_1250_1254",0.49252262711525
"2026_1103_1257",0.310303241014481
"2026_1104_1257",0.633115470409393
"2026_1112_1257",0.585998237133026
"2026_1116_1257",0.529526054859161
"2026_1140_1257",0.52762371301651
"2026_1155_1257",0.413144409656525
"2026_1163_1257",0.655011296272278
"2026_1181_1257",0.78311151266098
"2026_1196_1257",0.846574902534485
"2026_1202_1257",0.16505753993988
"2026_1208_1257",0.413409024477005
"2026_1211_1257",0.700059771537781
"2026_1218_1257",0.167811930179596
"2026_1219_1257",0.287743419408798
"2026_1220_1257",0.149990350008011
"2026_1222_1257",0.83396577835083
"2026_1224_1257",0.0852588191628456
"2026_1225_1257",0.10584482550621
"2026_1228_1257",0.593028604984283
"2026_1234_1257",0.28304535150528
"2026_1235_1257",0.588055670261383
"2026_1242_1257",0.575093388557434
"2026_1244_1257",0.194715306162834
"2026_1246_1257",0.4768286049366
"2026_1250_1257",0.10961975902319
"2026_1254_1257",0.126039162278175
"2026_1103_1270",0.462124913930893
"2026_1104_1270",0.797549366950989
"2026_1112_1270",0.839360952377319
"2026_1116_1270",0.697893261909485
"2026_1140_1270",0.610892713069916
"2026_1155_1270",0.583535671234131
"2026_1163_1270",0.712551712989807
"2026_1181_1270",0.905267298221588
"2026_1196_1270",0.905593931674957
"2026_1202_1270",0.275419354438782
"2026_1208_1270",0.609232366085052
"2026_1211_1270",0.836707592010498
"2026_1218_1270",0.235885366797447
"2026_1219_1270",0.416091591119766
"2026_1220_1270",0.269789397716522
"2026_1222_1270",0.867884695529938
"2026_1224_1270",0.173508152365685
"2026_1225_1270",0.194478437304497
"2026_1228_1270",0.773945093154907
"2026_1234_1270",0.53985184431076
"2026_1235_1270",0.749949097633362
"2026_1242_1270",0.740293145179749
"2026_1244_1270",0.262488603591919
"2026_1246_1270",0.648435533046722
"2026_1250_1270",0.221804171800613
"2026_1254_1270",0.220463216304779
"2026_1257_1270",0.621655106544495
"2026_1103_1274",0.396159499883652
"2026_1104_1274",0.806668281555176
"2026_1112_1274",0.713125228881836
"2026_1116_1274",0.693123281002045
"2026_1140_1274",0.698453903198242
"2026_1155_1274",0.644923746585846
"2026_1163_1274",0.722579777240753
"2026_1181_1274",0.873139381408691
"2026_1196_1274",0.886240363121033
"2026_1202_1274",0.316661328077316
"2026_1208_1274",0.604857861995697
"2026_1211_1274",0.851815640926361
"2026_1218_1274",0.295301467180252
"2026_1219_1274",0.428926587104797
"2026_1220_1274",0.32813236117363
"2026_1222_1274",0.869669079780579
"2026_1224_1274",0.189093962311745
"2026_1225_1274",0.253811746835709
"2026_1228_1274",0.715440690517426
"2026_1234_1274",0.483091205358505
"2026_1235_1274",0.689037799835205
"2026_1242_1274",0.712158620357513
"2026_1244_1274",0.361216396093369
"2026_1246_1274",0.6363565325737
"2026_1250_1274",0.212988317012787
"2026_1254_1274",0.231885984539986
"2026_1257_1274",0.718469858169556
"2026_1270_1274",0.480328142642975
"2026_1103_1275",0.606619298458099
"2026_1104_1275",0.838402509689331
"2026_1112_1275",0.857898712158203
"2026_1116_1275",0.7141273021698
"2026_1140_1275",0.746689438819885
"2026_1155_1275",0.77554178237915
"2026_1163_1275",0.772378504276276
"2026_1181_1275",0.918342292308807
"2026_1196_1275",0.925049006938934
"2026_1202_1275",0.359069764614105
"2026_1208_1275",0.691315710544586
"2026_1211_1275",0.895216643810272
"2026_1218_1275",0.318119376897812
"2026_1219_1275",0.581053912639618
"2026_1220_1275",0.315287977457047
"2026_1222_1275",0.903850555419922
"2026_1224_1275",0.271356105804443
"2026_1225_1275",0.299120545387268
"2026_1228_1275",0.808077335357666
"2026_1234_1275",0.698326706886292
"2026_1235_1275",0.815684616565704
"2026_1242_1275",0.742144167423248
"2026_1244_1275",0.436131447553635
"2026_1246_1275",0.776091337203979
"2026_1250_1275",0.31384950876236
"2026_1254_1275",0.326880246400833
"2026_1257_1275",0.768449604511261
"2026_1270_1275",0.616023421287537
"2026_1274_1275",0.565702438354492
"2026_1103_1276",0.230637788772583
"2026_1104_1276",0.440020084381104
"2026_1112_1276",0.506487250328064
"2026_1116_1276",0.391235440969467
"2026_1140_1276",0.450950473546982
"2026_1155_1276",0.379334777593613
"2026_1163_1276",0.525467336177826
"2026_1181_1276",0.743384718894958
"2026_1196_1276",0.783223569393158
"2026_1202_1276",0.123233921825886
"2026_1208_1276",0.357502520084381
"2026_1211_1276",0.527543187141418
"2026_1218_1276",0.116293482482433
"2026_1219_1276",0.16729961335659
"2026_1220_1276",0.0880802720785141
"2026_1222_1276",0.757041990756989
"2026_1224_1276",0.0718571171164513
"2026_1225_1276",0.0800420045852661
"2026_1228_1276",0.410673558712006
"2026_1234_1276",0.259723901748657
"2026_1235_1276",0.512796878814697
"2026_1242_1276",0.369677096605301
"2026_1244_1276",0.146601527929306
"2026_1246_1276",0.409309476613998
"2026_1250_1276",0.0934044644236565
"2026_1254_1276",0.122826747596264
"2026_1257_1276",0.401217520236969
"2026_1270_1276",0.226154506206512
"2026_1274_1276",0.2375098913908
"2026_1275_1276",0.16828291118145
"2026_1103_1277",0.202653765678406
"2026_1104_1277",0.423882693052292
"2026_1112_1277",0.498504251241684
"2026_1116_1277",0.333137959241867
"2026_1140_1277",0.412704139947891
"2026_1155_1277",0.370750933885574
"2026_1163_1277",0.506859421730042
"2026_1181_1277",0.741804242134094
"2026_1196_1277",0.715707302093506
"2026_1202_1277",0.0920904949307442
"2026_1208_1277",0.304238677024841
"2026_1211_1277",0.58480578660965
"2026_1218_1277",0.13259519636631
"2026_1219_1277",0.161258697509766
"2026_1220_1277",0.109518110752106
"2026_1222_1277",0.617951512336731
"2026_1224_1277",0.0663521960377693
"2026_1225_1277",0.0764035582542419
"2026_1228_1277",0.354126453399658
"2026_1234_1277",0.215669974684715
"2026_1235_1277",0.449562013149261
"2026_1242_1277",0.356515526771545
"2026_1244_1277",0.125756874680519
"2026_1246_1277",0.313406944274902
"2026_1250_1277",0.0879343971610069
"2026_1254_1277",0.102628894150257
"2026_1257_1277",0.36887800693512
"2026_1270_1277",0.187482044100761
"2026_1274_1277",0.210368007421494
"2026_1275_1277",0.160862490534782
"2026_1276_1277",0.489881545305252
"2026_1103_1281",0.381804615259171
"2026_1104_1281",0.708102464675903
"2026_1112_1281",0.70112419128418
"2026_1116_1281",0.550930142402649
"2026_1140_1281",0.656862676143646
"2026_1155_1281",0.687338650226593
"2026_1163_1281",0.641381204128265
"2026_1181_1281",0.873373627662659
"2026_1196_1281",0.853974640369415
"2026_1202_1281",0.302033632993698
"2026_1208_1281",0.546218931674957
"2026_1211_1281",0.834687948226929
"2026_1218_1281",0.255526542663574
"2026_1219_1281",0.408728331327438
"2026_1220_1281",0.256827056407928
"2026_1222_1281",0.826288759708405
"2026_1224_1281",0.179237678647041
"2026_1225_1281",0.203002706170082
"2026_1228_1281",0.654320538043976
"2026_1234_1281",0.450190752744675
"2026_1235_1281",0.628322780132294
"2026_1242_1281",0.55051726102829
"2026_1244_1281",0.325367540121078
"2026_1246_1281",0.563657343387604
"2026_1250_1281",0.250523865222931
"2026_1254_1281",0.289017230272293
"2026_1257_1281",0.662598550319672
"2026_1270_1281",0.477561265230179
"2026_1274_1281",0.420659780502319
"2026_1275_1281",0.390860497951508
"2026_1276_1281",0.713650405406952
"2026_1277_1281",0.721313774585724
"2026_1103_1295",0.741635024547577
"2026_1104_1295",0.871793150901794
"2026_1112_1295",0.903041958808899
"2026_1116_1295",0.830519497394562
"2026_1140_1295",0.793505311012268
"2026_1155_1295",0.806619048118591
"2026_1163_1295",0.854061484336853
"2026_1181_1295",0.932152569293976
"2026_1196_1295",0.928358376026154
"2026_1202_1295",0.53662520647049
"2026_1208_1295",0.761492192745209
"2026_1211_1295",0.922487139701843
"2026_1218_1295",0.534342229366302
"2026_1219_1295",0.763984739780426
"2026_1220_1295",0.507719576358795
"2026_1222_1295",0.921791315078735
"2026_1224_1295",0.319666653871536
"2026_1225_1295",0.437093794345856
"2026_1228_1295",0.852811574935913
"2026_1234_1295",0.727786421775818
"2026_1235_1295",0.894867599010468
"2026_1242_1295",0.866270363330841
"2026_1244_1295",0.571273386478424
"2026_1246_1295",0.805866241455078
"2026_1250_1295",0.36387225985527
"2026_1254_1295",0.405455559492111
"2026_1257_1295",0.813368082046509
"2026_1270_1295",0.777673900127411
"2026_1274_1295",0.667170524597168
"2026_1275_1295",0.637078702449799
"2026_1276_1295",0.882984399795532
"2026_1277_1295",0.902561724185944
"2026_1281_1295",0.738588571548462
"2026_1103_1301",0.48707041144371
"2026_1104_1301",0.837811529636383
"2026_1112_1301",0.779900789260864
"2026_1116_1301",0.680302262306213
"2026_1140_1301",0.713348627090454
"2026_1155_1301",0.755596339702606
"2026_1163_1301",0.720379412174225
"2026_1181_1301",0.883973300457001
"2026_1196_1301",0.894375026226044
"2026_1202_1301",0.377673804759979
"2026_1208_1301",0.696013152599335
"2026_1211_1301",0.862537801265717
"2026_1218_1301",0.308936685323715
"2026_1219_1301",0.527772128582001
"2026_1220_1301",0.348843157291412
"2026_1222_1301",0.889782607555389
"2026_1224_1301",0.239400371909142
"2026_1225_1301",0.314758747816086
"2026_1228_1301",0.752751886844635
"2026_1234_1301",0.665048956871033
"2026_1235_1301",0.727517783641815
"2026_1242_1301",0.736760914325714
"2026_1244_1301",0.404347985982895
"2026_1246_1301",0.695940494537354
"2026_1250_1301",0.27488374710083
"2026_1254_1301",0.315758019685745
"2026_1257_1301",0.761347413063049
"2026_1270_1301",0.54803341627121
"2026_1274_1301",0.56780743598938
"2026_1275_1301",0.544476866722107
"2026_1276_1301",0.800719618797302
"2026_1277_1301",0.797123551368713
"2026_1281_1301",0.643367946147919
"2026_1295_1301",0.337755143642426
"2026_1103_1304",0.363153159618378
"2026_1104_1304",0.706225275993347
"2026_1112_1304",0.696854650974274
"2026_1116_1304",0.579533457756042
"2026_1140_1304",0.518717050552368
"2026_1155_1304",0.524011731147766
"2026_1163_1304",0.734390377998352
"2026_1181_1304",0.887107849121094
"2026_1196_1304",0.897143185138702
"2026_1202_1304",0.177287980914116
"2026_1208_1304",0.510301232337952
"2026_1211_1304",0.838264942169189
"2026_1218_1304",0.18699124455452
"2026_1219_1304",0.362524747848511
"2026_1220_1304",0.177855432033539
"2026_1222_1304",0.881739139556885
"2026_1224_1304",0.116145722568035
"2026_1225_1304",0.126475915312767
"2026_1228_1304",0.673944115638733
"2026_1234_1304",0.394053399562836
"2026_1235_1304",0.684208452701569
"2026_1242_1304",0.584339380264282
"2026_1244_1304",0.257840156555176
"2026_1246_1304",0.474507540464401
"2026_1250_1304",0.120305210351944
"2026_1254_1304",0.194165527820587
"2026_1257_1304",0.498895227909088
"2026_1270_1304",0.373002558946609
"2026_1274_1304",0.347957104444504
"2026_1275_1304",0.287542849779129
"2026_1276_1304",0.664963841438293
"2026_1277_1304",0.770703196525574
"2026_1281_1304",0.514131486415863
"2026_1295_1304",0.163691028952599
"2026_1301_1304",0.343595057725906
"2026_1103_1314",0.295023202896118
"2026_1104_1314",0.672673165798187
"2026_1112_1314",0.599753379821777
"2026_1116_1314",0.588303625583649
"2026_1140_1314",0.548576295375824
"2026_1155_1314",0.423579186201096
"2026_1163_1314",0.648152470588684
"2026_1181_1314",0.872925877571106
"2026_1196_1314",0.881910741329193
"2026_1202_1314",0.16291968524456
"2026_1208_1314",0.473252445459366
"2026_1211_1314",0.796772837638855
"2026_1218_1314",0.202243939042091
"2026_1219_1314",0.305478990077972
"2026_1220_1314",0.194793090224266
"2026_1222_1314",0.857460558414459
"2026_1224_1314",0.0950166806578636
"2026_1225_1314",0.109742753207684
"2026_1228_1314",0.60890132188797
"2026_1234_1314",0.364171713590622
"2026_1235_1314",0.56759637594223
"2026_1242_1314",0.589296519756317
"2026_1244_1314",0.211224317550659
"2026_1246_1314",0.492697656154633
"2026_1250_1314",0.126771658658981
"2026_1254_1314",0.145451664924622
"2026_1257_1314",0.534972667694092
"2026_1270_1314",0.376086384057999
"2026_1274_1314",0.33123579621315
"2026_1275_1314",0.285735338926315
"2026_1276_1314",0.604485332965851
"2026_1277_1314",0.728180289268494
"2026_1281_1314",0.447138130664825
"2026_1295_1314",0.161545321345329
"2026_1301_1314",0.278142839670181
"2026_1304_1314",0.555670022964478
"2026_1103_1320",0.531676232814789
"2026_1104_1320",0.773501098155975
"2026_1112_1320",0.790328145027161
"2026_1116_1320",0.656069159507751
"2026_1140_1320",0.675152361392975
"2026_1155_1320",0.706504762172699
"2026_1163_1320",0.711206436157227
"2026_1181_1320",0.892002105712891
"2026_1196_1320",0.895722329616547
"2026_1202_1320",0.320800960063934
"2026_1208_1320",0.627679169178009
"2026_1211_1320",0.851612746715546
"2026_1218_1320",0.34839341044426
"2026_1219_1320",0.521456122398376
"2026_1220_1320",0.36968258023262
"2026_1222_1320",0.877650320529938
"2026_1224_1320",0.247423484921455
"2026_1225_1320",0.281735509634018
"2026_1228_1320",0.711809396743774
"2026_1234_1320",0.596479117870331
"2026_1235_1320",0.737605512142181
"2026_1242_1320",0.695576846599579
"2026_1244_1320",0.390570878982544
"2026_1246_1320",0.68679404258728
"2026_1250_1320",0.297098100185394
"2026_1254_1320",0.308796852827072
"2026_1257_1320",0.67337840795517
"2026_1270_1320",0.550948798656464
"2026_1274_1320",0.542409241199493
"2026_1275_1320",0.445243775844574
"2026_1276_1320",0.777874350547791
"2026_1277_1320",0.772569000720978
"2026_1281_1320",0.552924394607544
"2026_1295_1320",0.322407394647598
"2026_1301_1320",0.463075041770935
"2026_1304_1320",0.672113478183746
"2026_1314_1320",0.635784387588501
"2026_1103_1326",0.390187859535217
"2026_1104_1326",0.692570626735687
"2026_1112_1326",0.677075743675232
"2026_1116_1326",0.598307013511658
"2026_1140_1326",0.644117712974548
"2026_1155_1326",0.631657361984253
"2026_1163_1326",0.679520487785339
"2026_1181_1326",0.887037932872772
"2026_1196_1326",0.899870574474335
"2026_1202_1326",0.222938999533653
"2026_1208_1326",0.514898180961609
"2026_1211_1326",0.867921710014343
"2026_1218_1326",0.241555079817772
"2026_1219_1326",0.447043567895889
"2026_1220_1326",0.245386555790901
"2026_1222_1326",0.878970980644226
"2026_1224_1326",0.149687722325325
"2026_1225_1326",0.189652800559998
"2026_1228_1326",0.679409325122833
"2026_1234_1326",0.436240673065186
"2026_1235_1326",0.665121853351593
"2026_1242_1326",0.587539315223694
"2026_1244_1326",0.274265378713608
"2026_1246_1326",0.595342218875885
"2026_1250_1326",0.202809497714043
"2026_1254_1326",0.256765574216843
"2026_1257_1326",0.635653614997864
"2026_1270_1326",0.456508219242096
"2026_1274_1326",0.392102897167206
"2026_1275_1326",0.306005239486694
"2026_1276_1326",0.668005228042603
"2026_1277_1326",0.730868399143219
"2026_1281_1326",0.456357479095459
"2026_1295_1326",0.248987555503845
"2026_1301_1326",0.318278074264526
"2026_1304_1326",0.552200078964233
"2026_1314_1326",0.569969654083252
"2026_1320_1326",0.355683356523514
"2026_1103_1335",0.580700278282166
"2026_1104_1335",0.830775380134583
"2026_1112_1335",0.847081542015076
"2026_1116_1335",0.748422622680664
"2026_1140_1335",0.703406989574432
"2026_1155_1335",0.759377062320709
"2026_1163_1335",0.779496908187866
"2026_1181_1335",0.89678418636322
"2026_1196_1335",0.894040048122406
"2026_1202_1335",0.411765217781067
"2026_1208_1335",0.709783017635345
"2026_1211_1335",0.871705889701843
"2026_1218_1335",0.488621443510056
"2026_1219_1335",0.6649449467659
"2026_1220_1335",0.431345999240875
"2026_1222_1335",0.905301809310913
"2026_1224_1335",0.285272628068924
"2026_1225_1335",0.368673413991928
"2026_1228_1335",0.793601989746094
"2026_1234_1335",0.640190482139587
"2026_1235_1335",0.806792438030243
"2026_1242_1335",0.792487621307373
"2026_1244_1335",0.465484917163849
"2026_1246_1335",0.725826263427734
"2026_1250_1335",0.327630609273911
"2026_1254_1335",0.357826858758926
"2026_1257_1335",0.77675998210907
"2026_1270_1335",0.666808605194092
"2026_1274_1335",0.637699484825134
"2026_1275_1335",0.554936587810516
"2026_1276_1335",0.845782279968262
"2026_1277_1335",0.857503712177277
"2026_1281_1335",0.671040296554565
"2026_1295_1335",0.48701798915863
"2026_1301_1335",0.569078683853149
"2026_1304_1335",0.75509637594223
"2026_1314_1335",0.734563112258911
"2026_1320_1335",0.633574068546295
"2026_1326_1335",0.722908139228821
"2026_1103_1341",0.757310509681702
"2026_1104_1341",0.921055495738983
"2026_1112_1341",0.91648006439209
"2026_1116_1341",0.885931313037872
"2026_1140_1341",0.850512206554413
"2026_1155_1341",0.853891313076019
"2026_1163_1341",0.865532279014587
"2026_1181_1341",0.935973167419434
"2026_1196_1341",0.939092397689819
"2026_1202_1341",0.646734476089478
"2026_1208_1341",0.836399674415588
"2026_1211_1341",0.927066564559937
"2026_1218_1341",0.642924904823303
"2026_1219_1341",0.769740998744965
"2026_1220_1341",0.686909019947052
"2026_1222_1341",0.930121302604675
"2026_1224_1341",0.655498802661896
"2026_1225_1341",0.654175817966461
"2026_1228_1341",0.871122002601624
"2026_1234_1341",0.830469787120819
"2026_1235_1341",0.894408404827118
"2026_1242_1341",0.903800904750824
"2026_1244_1341",0.710933923721313
"2026_1246_1341",0.874850749969482
"2026_1250_1341",0.642460227012634
"2026_1254_1341",0.616222023963928
"2026_1257_1341",0.890982866287231
"2026_1270_1341",0.79328978061676
"2026_1274_1341",0.769797503948212
"2026_1275_1341",0.722527027130127
"2026_1276_1341",0.897837519645691
"2026_1277_1341",0.919874489307404
"2026_1281_1341",0.79859322309494
"2026_1295_1341",0.674394428730011
"2026_1301_1341",0.780993938446045
"2026_1304_1341",0.848808169364929
"2026_1314_1341",0.851781189441681
"2026_1320_1341",0.731241106987
"2026_1326_1341",0.838594138622284
"2026_1335_1341",0.699096083641052
"2026_1103_1345",0.266314804553986
"2026_1104_1345",0.504751980304718
"2026_1112_1345",0.535712420940399
"2026_1116_1345",0.420542478561401
"2026_1140_1345",0.467645764350891
"2026_1155_1345",0.447587311267853
"2026_1163_1345",0.5477494597435
"2026_1181_1345",0.831528961658478
"2026_1196_1345",0.821168184280396
"2026_1202_1345",0.16112294793129
"2026_1208_1345",0.419710040092468
"2026_1211_1345",0.686781227588654
"2026_1218_1345",0.14740714430809
"2026_1219_1345",0.209753602743149
"2026_1220_1345",0.13843722641468
"2026_1222_1345",0.776602029800415
"2026_1224_1345",0.101139977574348
"2026_1225_1345",0.109676040709019
"2026_1228_1345",0.434078425168991
"2026_1234_1345",0.333152323961258
"2026_1235_1345",0.526996791362762
"2026_1242_1345",0.428315907716751
"2026_1244_1345",0.19635708630085
"2026_1246_1345",0.4063640832901
"2026_1250_1345",0.134314849972725
"2026_1254_1345",0.179317057132721
"2026_1257_1345",0.421049505472183
"2026_1270_1345",0.27830445766449
"2026_1274_1345",0.288763105869293
"2026_1275_1345",0.21871018409729
"2026_1276_1345",0.585766971111298
"2026_1277_1345",0.617429554462433
"2026_1281_1345",0.362416654825211
"2026_1295_1345",0.124903872609138
"2026_1301_1345",0.246645539999008
"2026_1304_1345",0.329457312822342
"2026_1314_1345",0.369892418384552
"2026_1320_1345",0.288718849420547
"2026_1326_1345",0.359142541885376
"2026_1335_1345",0.170163184404373
"2026_1341_1345",0.126899346709251
"2026_1103_1365",0.36679682135582
"2026_1104_1365",0.717109620571136
"2026_1112_1365",0.734544157981873
"2026_1116_1365",0.581196129322052
"2026_1140_1365",0.656726896762848
"2026_1155_1365",0.707798361778259
"2026_1163_1365",0.675021231174469
"2026_1181_1365",0.873605847358704
"2026_1196_1365",0.865440011024475
"2026_1202_1365",0.27750289440155
"2026_1208_1365",0.603722989559174
"2026_1211_1365",0.835540890693665
"2026_1218_1365",0.263479828834534
"2026_1219_1365",0.390775144100189
"2026_1220_1365",0.279210388660431
"2026_1222_1365",0.858889400959015
"2026_1224_1365",0.206053256988525
"2026_1225_1365",0.234617471694946
"2026_1228_1365",0.678447723388672
"2026_1234_1365",0.520908415317535
"2026_1235_1365",0.6698277592659
"2026_1242_1365",0.603021264076233
"2026_1244_1365",0.357484221458435
"2026_1246_1365",0.657308399677277
"2026_1250_1365",0.27227708697319
"2026_1254_1365",0.282115489244461
"2026_1257_1365",0.664604961872101
"2026_1270_1365",0.436266988515854
"2026_1274_1365",0.476871252059937
"2026_1275_1365",0.37822163105011
"2026_1276_1365",0.723513007164001
"2026_1277_1365",0.719945669174194
"2026_1281_1365",0.485506147146225
"2026_1295_1365",0.256219357252121
"2026_1301_1365",0.408252090215683
"2026_1304_1365",0.572933971881866
"2026_1314_1365",0.610373854637146
"2026_1320_1365",0.395642518997192
"2026_1326_1365",0.592959523200989
"2026_1335_1365",0.342404901981354
"2026_1341_1365",0.207608744502068
"2026_1345_1365",0.634453237056732
"2026_1103_1373",0.647106230258942
"2026_1104_1373",0.898330867290497
"2026_1112_1373",0.895790696144104
"2026_1116_1373",0.848418295383453
"2026_1140_1373",0.790790975093842
"2026_1155_1373",0.808438003063202
"2026_1163_1373",0.842748880386353
"2026_1181_1373",0.923121154308319
"2026_1196_1373",0.925810933113098
"2026_1202_1373",0.608323991298676
"2026_1208_1373",0.792098522186279
"2026_1211_1373",0.905185282230377
"2026_1218_1373",0.506861984729767
"2026_1219_1373",0.72649484872818
"2026_1220_1373",0.564590990543365
"2026_1222_1373",0.923466384410858
"2026_1224_1373",0.38351634144783
"2026_1225_1373",0.491054534912109
"2026_1228_1373",0.849525392055511
"2026_1234_1373",0.739770591259003
"2026_1235_1373",0.86643660068512
"2026_1242_1373",0.88154274225235
"2026_1244_1373",0.676504611968994
"2026_1246_1373",0.825096547603607
"2026_1250_1373",0.467620253562927
"2026_1254_1373",0.457057416439056
"2026_1257_1373",0.847566068172455
"2026_1270_1373",0.725882172584534
"2026_1274_1373",0.734328925609589
"2026_1275_1373",0.677295446395874
"2026_1276_1373",0.878504931926727
"2026_1277_1373",0.902728199958801
"2026_1281_1373",0.73615574836731
"2026_1295_1373",0.611174046993256
"2026_1301_1373",0.632920682430267
"2026_1304_1373",0.814243316650391
"2026_1314_1373",0.798382699489594
"2026_1320_1373",0.699128866195679
"2026_1326_1373",0.777945637702942
"2026_1335_1373",0.613965511322021
"2026_1341_1373",0.333494484424591
"2026_1345_1373",0.853377461433411
"2026_1365_1373",0.716448783874512
"2026_1103_1374",0.468876510858536
"2026_1104_1374",0.769610226154327
"2026_1112_1374",0.757290005683899
"2026_1116_1374",0.662243843078613
"2026_1140_1374",0.680566608905792
"2026_1155_1374",0.727539122104645
"2026_1163_1374",0.693775117397308
"2026_1181_1374",0.88374000787735
"2026_1196_1374",0.88474041223526
"2026_1202_1374",0.295066058635712
"2026_1208_1374",0.629202544689178
"2026_1211_1374",0.847527265548706
"2026_1218_1374",0.259397596120834
"2026_1219_1374",0.445807874202728
"2026_1220_1374",0.288422584533691
"2026_1222_1374",0.864863514900208
"2026_1224_1374",0.207274168729782
"2026_1225_1374",0.226579532027245
"2026_1228_1374",0.72061288356781
"2026_1234_1374",0.594427525997162
"2026_1235_1374",0.712446331977844
"2026_1242_1374",0.68446296453476
"2026_1244_1374",0.380795985460281
"2026_1246_1374",0.678568542003632
"2026_1250_1374",0.257351368665695
"2026_1254_1374",0.286736577749252
"2026_1257_1374",0.692402303218842
"2026_1270_1374",0.510935246944427
"2026_1274_1374",0.481705158948898
"2026_1275_1374",0.381065338850021
"2026_1276_1374",0.743120789527893
"2026_1277_1374",0.751461744308472
"2026_1281_1374",0.492842435836792
"2026_1295_1374",0.24532113969326
"2026_1301_1374",0.407618522644043
"2026_1304_1374",0.646302282810211
"2026_1314_1374",0.614870429039001
"2026_1320_1374",0.447245210409164
"2026_1326_1374",0.606098771095276
"2026_1335_1374",0.349977612495422
"2026_1341_1374",0.20787550508976
"2026_1345_1374",0.676870286464691
"2026_1365_1374",0.525256633758545
"2026_1373_1374",0.305833488702774
"2026_1103_1378",0.527356564998627
"2026_1104_1378",0.840235412120819
"2026_1112_1378",0.812127649784088
"2026_1116_1378",0.747352540493011
"2026_1140_1378",0.726247370243073
"2026_1155_1378",0.78806734085083
"2026_1163_1378",0.741876006126404
"2026_1181_1378",0.896674394607544
"2026_1196_1378",0.905643880367279
"2026_1202_1378",0.411284744739532
"2026_1208_1378",0.727405369281769
"2026_1211_1378",0.877891480922699
"2026_1218_1378",0.347534477710724
"2026_1219_1378",0.588603556156158
"2026_1220_1378",0.413963913917542
"2026_1222_1378",0.897299110889435
"2026_1224_1378",0.30978187918663
"2026_1225_1378",0.350214421749115
"2026_1228_1378",0.790870010852814
"2026_1234_1378",0.674029350280762
"2026_1235_1378",0.75160026550293
"2026_1242_1378",0.768894851207733
"2026_1244_1378",0.444914489984512
"2026_1246_1378",0.717548251152039
"2026_1250_1378",0.348517000675201
"2026_1254_1378",0.365140348672867
"2026_1257_1378",0.78547990322113
"2026_1270_1378",0.601267039775848
"2026_1274_1378",0.571783244609833
"2026_1275_1378",0.544865369796753
"2026_1276_1378",0.808021366596222
"2026_1277_1378",0.806182205677032
"2026_1281_1378",0.692653119564056
"2026_1295_1378",0.37574964761734
"2026_1301_1378",0.543373465538025
"2026_1304_1378",0.675802648067474
"2026_1314_1378",0.706571400165558
"2026_1320_1378",0.555583417415619
"2026_1326_1378",0.760356307029724
"2026_1335_1378",0.431733995676041
"2026_1341_1378",0.272904992103577
"2026_1345_1378",0.780880272388458
"2026_1365_1378",0.649608910083771
"2026_1373_1378",0.373048186302185
"2026_1374_1378",0.586579620838165
"2026_1103_1385",0.219312563538551
"2026_1104_1385",0.456519097089767
"2026_1112_1385",0.505245566368103
"2026_1116_1385",0.384481161832809
"2026_1140_1385",0.41443344950676
"2026_1155_1385",0.339569330215454
"2026_1163_1385",0.542332291603088
"2026_1181_1385",0.718936204910278
"2026_1196_1385",0.703482568264008
"2026_1202_1385",0.124708294868469
"2026_1208_1385",0.295453548431396
"2026_1211_1385",0.636664509773254
"2026_1218_1385",0.135218843817711
"2026_1219_1385",0.17953085899353
"2026_1220_1385",0.126733988523483
"2026_1222_1385",0.683789193630219
"2026_1224_1385",0.0674372389912605
"2026_1225_1385",0.0915291383862495
"2026_1228_1385",0.501807332038879
"2026_1234_1385",0.272158592939377
"2026_1235_1385",0.506050407886505
"2026_1242_1385",0.427732765674591
"2026_1244_1385",0.138155534863472
"2026_1246_1385",0.331910640001297
"2026_1250_1385",0.0832742303609848
"2026_1254_1385",0.0981779471039772
"2026_1257_1385",0.382275432348251
"2026_1270_1385",0.23430672287941
"2026_1274_1385",0.231339678168297
"2026_1275_1385",0.192905053496361
"2026_1276_1385",0.49466672539711
"2026_1277_1385",0.568724930286407
"2026_1281_1385",0.277178883552551
"2026_1295_1385",0.108243323862553
"2026_1301_1385",0.206800475716591
"2026_1304_1385",0.343015938997269
"2026_1314_1385",0.303689956665039
"2026_1320_1385",0.240218311548233
"2026_1326_1385",0.250328093767166
"2026_1335_1385",0.180523723363876
"2026_1341_1385",0.079119898378849
"2026_1345_1385",0.494040906429291
"2026_1365_1385",0.260475486516953
"2026_1373_1385",0.103942655026913
"2026_1374_1385",0.237289682030678
"2026_1378_1385",0.204367473721504
"2026_1103_1387",0.385448575019836
"2026_1104_1387",0.774190187454224
"2026_1112_1387",0.745725750923157
"2026_1116_1387",0.547587811946869
"2026_1140_1387",0.659731864929199
"2026_1155_1387",0.696413695812225
"2026_1163_1387",0.682850480079651
"2026_1181_1387",0.885979473590851
"2026_1196_1387",0.892747282981873
"2026_1202_1387",0.290663331747055
"2026_1208_1387",0.535660982131958
"2026_1211_1387",0.842172801494598
"2026_1218_1387",0.295047402381897
"2026_1219_1387",0.393874406814575
"2026_1220_1387",0.277774930000305
"2026_1222_1387",0.880025744438171
"2026_1224_1387",0.210384055972099
"2026_1225_1387",0.248293504118919
"2026_1228_1387",0.647979021072388
"2026_1234_1387",0.492062002420425
"2026_1235_1387",0.667142152786255
"2026_1242_1387",0.562168598175049
"2026_1244_1387",0.346884220838547
"2026_1246_1387",0.64732551574707
"2026_1250_1387",0.230705246329308
"2026_1254_1387",0.292454957962036
"2026_1257_1387",0.710442662239075
"2026_1270_1387",0.444536775350571
"2026_1274_1387",0.429424911737442
"2026_1275_1387",0.336925774812698
"2026_1276_1387",0.709214627742767
"2026_1277_1387",0.771084189414978
"2026_1281_1387",0.486448496580124
"2026_1295_1387",0.301192462444305
"2026_1301_1387",0.355636298656464
"2026_1304_1387",0.551957547664642
"2026_1314_1387",0.562150657176971
"2026_1320_1387",0.381379544734955
"2026_1326_1387",0.527076363563538
"2026_1335_1387",0.364113420248032
"2026_1341_1387",0.189881548285484
"2026_1345_1387",0.604008436203003
"2026_1365_1387",0.463089764118195
"2026_1373_1387",0.274724274873734
"2026_1374_1387",0.411357581615448
"2026_1378_1387",0.354629278182983
"2026_1385_1387",0.76530796289444
"2026_1103_1388",0.294119507074356
"2026_1104_1388",0.655381083488464
"2026_1112_1388",0.600197017192841
"2026_1116_1388",0.506993770599365
"2026_1140_1388",0.550125598907471
"2026_1155_1388",0.430176109075546
"2026_1163_1388",0.64188688993454
"2026_1181_1388",0.79668790102005
"2026_1196_1388",0.819278240203857
"2026_1202_1388",0.143670469522476
"2026_1208_1388",0.356448084115982
"2026_1211_1388",0.700976133346558
"2026_1218_1388",0.183674663305283
"2026_1219_1388",0.286093235015869
"2026_1220_1388",0.169704496860504
"2026_1222_1388",0.806813657283783
"2026_1224_1388",0.0888883322477341
"2026_1225_1388",0.134585082530975
"2026_1228_1388",0.599265992641449
"2026_1234_1388",0.246511936187744
"2026_1235_1388",0.586645007133484
"2026_1242_1388",0.553042232990265
"2026_1244_1388",0.191040754318237
"2026_1246_1388",0.482385009527206
"2026_1250_1388",0.119858585298061
"2026_1254_1388",0.133280158042908
"2026_1257_1388",0.526457667350769
"2026_1270_1388",0.346803545951843
"2026_1274_1388",0.318716913461685
"2026_1275_1388",0.209880843758583
"2026_1276_1388",0.564660131931305
"2026_1277_1388",0.63554710149765
"2026_1281_1388",0.302540689706802
"2026_1295_1388",0.158933222293854
"2026_1301_1388",0.227567031979561
"2026_1304_1388",0.494396775960922
"2026_1314_1388",0.464759469032288
"2026_1320_1388",0.272735744714737
"2026_1326_1388",0.29654785990715
"2026_1335_1388",0.224645256996155
"2026_1341_1388",0.0943141654133797
"2026_1345_1388",0.548683643341064
"2026_1365_1388",0.285191386938095
"2026_1373_1388",0.136328235268593
"2026_1374_1388",0.273430377244949
"2026_1378_1388",0.203614130616188
"2026_1385_1388",0.657840669155121
"2026_1387_1388",0.286128610372543
"2026_1103_1395",0.376831203699112
"2026_1104_1395",0.799068748950958
"2026_1112_1395",0.745535492897034
"2026_1116_1395",0.659331440925598
"2026_1140_1395",0.680556237697601
"2026_1155_1395",0.724090695381165
"2026_1163_1395",0.689153850078583
"2026_1181_1395",0.874320983886719
"2026_1196_1395",0.88241708278656
"2026_1202_1395",0.310746550559998
"2026_1208_1395",0.620594382286072
"2026_1211_1395",0.844845771789551
"2026_1218_1395",0.272029012441635
"2026_1219_1395",0.443270653486252
"2026_1220_1395",0.273145347833633
"2026_1222_1395",0.871181070804596
"2026_1224_1395",0.221251338720322
"2026_1225_1395",0.269001215696335
"2026_1228_1395",0.703293144702911
"2026_1234_1395",0.501186311244965
"2026_1235_1395",0.670840978622437
"2026_1242_1395",0.666640877723694
"2026_1244_1395",0.308521777391434
"2026_1246_1395",0.639350354671478
"2026_1250_1395",0.244001030921936
"2026_1254_1395",0.262141942977905
"2026_1257_1395",0.745244979858398
"2026_1270_1395",0.476518899202347
"2026_1274_1395",0.456386476755142
"2026_1275_1395",0.365217208862305
"2026_1276_1395",0.752241551876068
"2026_1277_1395",0.779575824737549
"2026_1281_1395",0.546886265277863
"2026_1295_1395",0.285664051771164
"2026_1301_1395",0.405285567045212
"2026_1304_1395",0.546087086200714
"2026_1314_1395",0.627610325813293
"2026_1320_1395",0.401288151741028
"2026_1326_1395",0.570798695087433
"2026_1335_1395",0.294866323471069
"2026_1341_1395",0.186365351080894
"2026_1345_1395",0.703777134418488
"2026_1365_1395",0.481844991445541
"2026_1373_1395",0.260158330202103
"2026_1374_1395",0.404447555541992
"2026_1378_1395",0.323541164398193
"2026_1385_1395",0.734650850296021
"2026_1387_1395",0.525079548358917
"2026_1388_1395",0.766422748565674
"2026_1103_1397",0.236689358949661
"2026_1104_1397",0.561075091362
"2026_1112_1397",0.532404899597168
"2026_1116_1397",0.442795097827911
"2026_1140_1397",0.484410375356674
"2026_1155_1397",0.385473221540451
"2026_1163_1397",0.564788818359375
"2026_1181_1397",0.748628616333008
"2026_1196_1397",0.712500274181366
"2026_1202_1397",0.107591509819031
"2026_1208_1397",0.289202392101288
"2026_1211_1397",0.667003214359283
"2026_1218_1397",0.145923659205437
"2026_1219_1397",0.228373691439629
"2026_1220_1397",0.124816209077835
"2026_1222_1397",0.757549107074738
"2026_1224_1397",0.0792225152254105
"2026_1225_1397",0.0887574627995491
"2026_1228_1397",0.510791182518005
"2026_1234_1397",0.209916085004807
"2026_1235_1397",0.509268283843994
"2026_1242_1397",0.474768042564392
"2026_1244_1397",0.151356801390648
"2026_1246_1397",0.353728920221329
"2026_1250_1397",0.102834947407246
"2026_1254_1397",0.116237014532089
"2026_1257_1397",0.454699546098709
"2026_1270_1397",0.265007615089417
"2026_1274_1397",0.221855252981186
"2026_1275_1397",0.188157200813293
"2026_1276_1397",0.511231243610382
"2026_1277_1397",0.572313249111176
"2026_1281_1397",0.255681574344635
"2026_1295_1397",0.128358542919159
"2026_1301_1397",0.179221287369728
"2026_1304_1397",0.379749327898026
"2026_1314_1397",0.310143887996674
"2026_1320_1397",0.237539917230606
"2026_1326_1397",0.217308476567268
"2026_1335_1397",0.152757346630096
"2026_1341_1397",0.083744116127491
"2026_1345_1397",0.474685817956924
"2026_1365_1397",0.252907693386078
"2026_1373_1397",0.11370113492012
"2026_1374_1397",0.2504041492939
"2026_1378_1397",0.157237753272057
"2026_1385_1397",0.548418879508972
"2026_1387_1397",0.236621603369713
"2026_1388_1397",0.452051609754562
"2026_1395_1397",0.203740745782852
"2026_1103_1398",0.752732217311859
"2026_1104_1398",0.924109756946564
"2026_1112_1398",0.924929082393646
"2026_1116_1398",0.883955895900726
"2026_1140_1398",0.856374263763428
"2026_1155_1398",0.854251623153687
"2026_1163_1398",0.881519198417664
"2026_1181_1398",0.945319473743439
"2026_1196_1398",0.947489619255066
"2026_1202_1398",0.639757394790649
"2026_1208_1398",0.817295968532562
"2026_1211_1398",0.935987889766693
"2026_1218_1398",0.544063210487366
"2026_1219_1398",0.775902032852173
"2026_1220_1398",0.607143342494965
"2026_1222_1398",0.94196891784668
"2026_1224_1398",0.352002710103989
"2026_1225_1398",0.49073314666748
"2026_1228_1398",0.886350214481354
"2026_1234_1398",0.785607039928436
"2026_1235_1398",0.904350399971008
"2026_1242_1398",0.900602340698242
"2026_1244_1398",0.64498895406723
"2026_1246_1398",0.854857861995697
"2026_1250_1398",0.409538477659225
"2026_1254_1398",0.488819152116776
"2026_1257_1398",0.900715172290802
"2026_1270_1398",0.802298247814178
"2026_1274_1398",0.734009861946106
"2026_1275_1398",0.729326605796814
"2026_1276_1398",0.891799628734589
"2026_1277_1398",0.932789146900177
"2026_1281_1398",0.790293753147125
"2026_1295_1398",0.586430549621582
"2026_1301_1398",0.697537124156952
"2026_1304_1398",0.837193012237549
"2026_1314_1398",0.838762938976288
"2026_1320_1398",0.753783404827118
"2026_1326_1398",0.821159064769745
"2026_1335_1398",0.608696162700653
"2026_1341_1398",0.314413666725159
"2026_1345_1398",0.864604949951172
"2026_1365_1398",0.787492275238037
"2026_1373_1398",0.514907002449036
"2026_1374_1398",0.739919126033783
"2026_1378_1398",0.617866158485413
"2026_1385_1398",0.909200668334961
"2026_1387_1398",0.747147083282471
"2026_1388_1398",0.891177654266357
"2026_1395_1398",0.736804127693176
"2026_1397_1398",0.912592113018036
"2026_1103_1400",0.453136950731277
"2026_1104_1400",0.720662236213684
"2026_1112_1400",0.693548619747162
"2026_1116_1400",0.587629020214081
"2026_1140_1400",0.648074090480804
"2026_1155_1400",0.708607852458954
"2026_1163_1400",0.637178897857666
"2026_1181_1400",0.887040376663208
"2026_1196_1400",0.892390012741089
"2026_1202_1400",0.299152225255966
"2026_1208_1400",0.565090179443359
"2026_1211_1400",0.875966846942902
"2026_1218_1400",0.251371920108795
"2026_1219_1400",0.465054571628571
"2026_1220_1400",0.267640858888626
"2026_1222_1400",0.890293896198273
"2026_1224_1400",0.184551194310188
"2026_1225_1400",0.20858995616436
"2026_1228_1400",0.635047495365143
"2026_1234_1400",0.51138699054718
"2026_1235_1400",0.668384194374084
"2026_1242_1400",0.603174269199371
"2026_1244_1400",0.33382248878479
"2026_1246_1400",0.574025273323059
"2026_1250_1400",0.254233449697495
"2026_1254_1400",0.266785591840744
"2026_1257_1400",0.649471044540405
"2026_1270_1400",0.519594013690948
"2026_1274_1400",0.400030374526978
"2026_1275_1400",0.40161919593811
"2026_1276_1400",0.713408172130585
"2026_1277_1400",0.720533609390259
"2026_1281_1400",0.484882682561874
"2026_1295_1400",0.256218940019608
"2026_1301_1400",0.360363900661469
"2026_1304_1400",0.583522021770477
"2026_1314_1400",0.554243862628937
"2026_1320_1400",0.440909385681152
"2026_1326_1400",0.564598262310028
"2026_1335_1400",0.29213535785675
"2026_1341_1400",0.184543743729591
"2026_1345_1400",0.644519209861755
"2026_1365_1400",0.495501011610031
"2026_1373_1400",0.247272804379463
"2026_1374_1400",0.484782129526138
"2026_1378_1400",0.310207843780518
"2026_1385_1400",0.733745634555817
"2026_1387_1400",0.508722245693207
"2026_1388_1400",0.753041625022888
"2026_1395_1400",0.50970333814621
"2026_1397_1400",0.743082046508789
"2026_1398_1400",0.228112772107124
"2026_1103_1401",0.304547429084778
"2026_1104_1401",0.64612865447998
"2026_1112_1401",0.69601845741272
"2026_1116_1401",0.580384075641632
"2026_1140_1401",0.549340724945068
"2026_1155_1401",0.558962941169739
"2026_1163_1401",0.631973505020142
"2026_1181_1401",0.868360459804535
"2026_1196_1401",0.867635488510132
"2026_1202_1401",0.250912219285965
"2026_1208_1401",0.559360146522522
"2026_1211_1401",0.772690117359161
"2026_1218_1401",0.229588776826859
"2026_1219_1401",0.342913627624512
"2026_1220_1401",0.233051225543022
"2026_1222_1401",0.866871953010559
"2026_1224_1401",0.165291607379913
"2026_1225_1401",0.186296284198761
"2026_1228_1401",0.633759438991547
"2026_1234_1401",0.430768430233002
"2026_1235_1401",0.613435328006744
"2026_1242_1401",0.569242179393768
"2026_1244_1401",0.24362887442112
"2026_1246_1401",0.558871924877167
"2026_1250_1401",0.219317555427551
"2026_1254_1401",0.252085953950882
"2026_1257_1401",0.553408265113831
"2026_1270_1401",0.391856580972672
"2026_1274_1401",0.404728084802628
"2026_1275_1401",0.34113883972168
"2026_1276_1401",0.671092748641968
"2026_1277_1401",0.68278557062149
"2026_1281_1401",0.424857616424561
"2026_1295_1401",0.219770669937134
"2026_1301_1401",0.330786645412445
"2026_1304_1401",0.513105094432831
"2026_1314_1401",0.543621003627777
"2026_1320_1401",0.382884591817856
"2026_1326_1401",0.530571401119232
"2026_1335_1401",0.240333437919617
"2026_1341_1401",0.154574349522591
"2026_1345_1401",0.614963948726654
"2026_1365_1401",0.442629784345627
"2026_1373_1401",0.225041225552559
"2026_1374_1401",0.417044401168823
"2026_1378_1401",0.278793722391129
"2026_1385_1401",0.685087561607361
"2026_1387_1401",0.492374151945114
"2026_1388_1401",0.617068648338318
"2026_1395_1401",0.435026794672012
"2026_1397_1401",0.687934219837189
"2026_1398_1401",0.2030368745327
"2026_1400_1401",0.4807970225811
"2026_1103_1403",0.26606497168541
"2026_1104_1403",0.486092656850815
"2026_1112_1403",0.513106405735016
"2026_1116_1403",0.351836830377579
"2026_1140_1403",0.456275165081024
"2026_1155_1403",0.389185696840286
"2026_1163_1403",0.561608850955963
"2026_1181_1403",0.844196200370789
"2026_1196_1403",0.832485198974609
"2026_1202_1403",0.109278507530689
"2026_1208_1403",0.341091305017471
"2026_1211_1403",0.664961457252502
"2026_1218_1403",0.134067490696907
"2026_1219_1403",0.251491725444794
"2026_1220_1403",0.124643966555595
"2026_1222_1403",0.810924291610718
"2026_1224_1403",0.0676130205392838
"2026_1225_1403",0.0925626456737518
"2026_1228_1403",0.516147792339325
"2026_1234_1403",0.254912436008453
"2026_1235_1403",0.54362428188324
"2026_1242_1403",0.433787286281586
"2026_1244_1403",0.141785964369774
"2026_1246_1403",0.383246511220932
"2026_1250_1403",0.0852382704615593
"2026_1254_1403",0.10212005674839
"2026_1257_1403",0.412595629692078
"2026_1270_1403",0.323287308216095
"2026_1274_1403",0.222135409712791
"2026_1275_1403",0.187390252947807
"2026_1276_1403",0.494475215673447
"2026_1277_1403",0.585786700248718
"2026_1281_1403",0.378615438938141
"2026_1295_1403",0.101281024515629
"2026_1301_1403",0.203794494271278
"2026_1304_1403",0.307465523481369
"2026_1314_1403",0.337467074394226
"2026_1320_1403",0.250627398490906
"2026_1326_1403",0.229569867253304
"2026_1335_1403",0.173144713044167
"2026_1341_1403",0.081600122153759
"2026_1345_1403",0.470766335725784
"2026_1365_1403",0.295119643211365
"2026_1373_1403",0.100080296397209
"2026_1374_1403",0.280935049057007
"2026_1378_1403",0.190184935927391
"2026_1385_1403",0.598379254341125
"2026_1387_1403",0.254692763090134
"2026_1388_1403",0.397414356470108
"2026_1395_1403",0.233747214078903
"2026_1397_1403",0.492468744516373
"2026_1398_1403",0.0846689715981483
"2026_1400_1403",0.263708740472794
"2026_1401_1403",0.373841881752014
"2026_1103_1407",0.587482094764709
"2026_1104_1407",0.875134706497192
"2026_1112_1407",0.887261748313904
"2026_1116_1407",0.803788125514984
"2026_1140_1407",0.756976962089539
"2026_1155_1407",0.79099828004837
"2026_1163_1407",0.819039404392242
"2026_1181_1407",0.933935821056366
"2026_1196_1407",0.93510365486145
"2026_1202_1407",0.363168299198151
"2026_1208_1407",0.708887457847595
"2026_1211_1407",0.914304077625275
"2026_1218_1407",0.313384413719177
"2026_1219_1407",0.564002752304077
"2026_1220_1407",0.35107210278511
"2026_1222_1407",0.924642443656921
"2026_1224_1407",0.229610234498978
"2026_1225_1407",0.249106988310814
"2026_1228_1407",0.814384400844574
"2026_1234_1407",0.712562084197998
"2026_1235_1407",0.85643345117569
"2026_1242_1407",0.847705781459808
"2026_1244_1407",0.441168814897537
"2026_1246_1407",0.757309198379517
"2026_1250_1407",0.272665619850159
"2026_1254_1407",0.293743342161179
"2026_1257_1407",0.790073573589325
"2026_1270_1407",0.617909908294678
"2026_1274_1407",0.519883811473846
"2026_1275_1407",0.576412737369537
"2026_1276_1407",0.843575716018677
"2026_1277_1407",0.862775385379791
"2026_1281_1407",0.640241026878357
"2026_1295_1407",0.340324491262436
"2026_1301_1407",0.510569632053375
"2026_1304_1407",0.770315110683441
"2026_1314_1407",0.746153056621552
"2026_1320_1407",0.574597120285034
"2026_1326_1407",0.714853644371033
"2026_1335_1407",0.380861967802048
"2026_1341_1407",0.222744464874268
"2026_1345_1407",0.788107335567474
"2026_1365_1407",0.687351047992706
"2026_1373_1407",0.296174645423889
"2026_1374_1407",0.632517635822296
"2026_1378_1407",0.467085808515549
"2026_1385_1407",0.866696655750275
"2026_1387_1407",0.663164615631104
"2026_1388_1407",0.820181429386139
"2026_1395_1407",0.642687320709229
"2026_1397_1407",0.831630170345306
"2026_1398_1407",0.254352599382401
"2026_1400_1407",0.659395217895508
"2026_1401_1407",0.689426302909851
"2026_1403_1407",0.86924821138382
"2026_1103_1416",0.414815098047256
"2026_1104_1416",0.819384217262268
"2026_1112_1416",0.779940366744995
"2026_1116_1416",0.696496367454529
"2026_1140_1416",0.704116106033325
"2026_1155_1416",0.762951016426086
"2026_1163_1416",0.718389987945557
"2026_1181_1416",0.883346498012543
"2026_1196_1416",0.902089238166809
"2026_1202_1416",0.294587850570679
"2026_1208_1416",0.683241128921509
"2026_1211_1416",0.86188930273056
"2026_1218_1416",0.242965683341026
"2026_1219_1416",0.475391268730164
"2026_1220_1416",0.259401828050613
"2026_1222_1416",0.886964082717896
"2026_1224_1416",0.201740249991417
"2026_1225_1416",0.221962839365005
"2026_1228_1416",0.764706075191498
"2026_1234_1416",0.553196251392365
"2026_1235_1416",0.710347235202789
"2026_1242_1416",0.693570494651794
"2026_1244_1416",0.345480293035507
"2026_1246_1416",0.704290211200714
"2026_1250_1416",0.221733793616295
"2026_1254_1416",0.257403671741486
"2026_1257_1416",0.762550592422485
"2026_1270_1416",0.497141867876053
"2026_1274_1416",0.477069139480591
"2026_1275_1416",0.416358590126038
"2026_1276_1416",0.784012973308563
"2026_1277_1416",0.792178511619568
"2026_1281_1416",0.613259077072144
"2026_1295_1416",0.281084090471268
"2026_1301_1416",0.443467497825623
"2026_1304_1416",0.602995872497559
"2026_1314_1416",0.674312174320221
"2026_1320_1416",0.44468080997467
"2026_1326_1416",0.660246133804321
"2026_1335_1416",0.30912372469902
"2026_1341_1416",0.159055337309837
"2026_1345_1416",0.738894641399384
"2026_1365_1416",0.540231943130493
"2026_1373_1416",0.249686747789383
"2026_1374_1416",0.521002471446991
"2026_1378_1416",0.378466963768005
"2026_1385_1416",0.760929942131042
"2026_1387_1416",0.590218067169189
"2026_1388_1416",0.795922577381134
"2026_1395_1416",0.615562975406647
"2026_1397_1416",0.823104739189148
"2026_1398_1416",0.267077475786209
"2026_1400_1416",0.586644768714905
"2026_1401_1416",0.654454112052917
"2026_1403_1416",0.811167597770691
"2026_1407_1416",0.3787821829319
"2026_1103_1417",0.29606881737709
"2026_1104_1417",0.704502105712891
"2026_1112_1417",0.582983016967773
"2026_1116_1417",0.545210480690002
"2026_1140_1417",0.569345355033875
"2026_1155_1417",0.450835317373276
"2026_1163_1417",0.62832248210907
"2026_1181_1417",0.864958703517914
"2026_1196_1417",0.870710253715515
"2026_1202_1417",0.221613243222237
"2026_1208_1417",0.456776529550552
"2026_1211_1417",0.776554346084595
"2026_1218_1417",0.232117488980293
"2026_1219_1417",0.297019958496094
"2026_1220_1417",0.246639966964722
"2026_1222_1417",0.848705589771271
"2026_1224_1417",0.128979235887527
"2026_1225_1417",0.179848358035088
"2026_1228_1417",0.592415153980255
"2026_1234_1417",0.369808912277222
"2026_1235_1417",0.576636016368866
"2026_1242_1417",0.583236813545227
"2026_1244_1417",0.262576967477798
"2026_1246_1417",0.477216780185699
"2026_1250_1417",0.172107577323914
"2026_1254_1417",0.18625895678997
"2026_1257_1417",0.545378983020782
"2026_1270_1417",0.358742713928223
"2026_1274_1417",0.383941262960434
"2026_1275_1417",0.289079487323761
"2026_1276_1417",0.616273164749146
"2026_1277_1417",0.718955039978027
"2026_1281_1417",0.388184458017349
"2026_1295_1417",0.20463065803051
"2026_1301_1417",0.31619194149971
"2026_1304_1417",0.519814550876617
"2026_1314_1417",0.443144470453262
"2026_1320_1417",0.342963129281998
"2026_1326_1417",0.412986576557159
"2026_1335_1417",0.272481977939606
"2026_1341_1417",0.134422227740288
"2026_1345_1417",0.576268494129181
"2026_1365_1417",0.353255599737167
"2026_1373_1417",0.20094758272171
"2026_1374_1417",0.334265351295471
"2026_1378_1417",0.28046452999115
"2026_1385_1417",0.712120592594147
"2026_1387_1417",0.442040354013443
"2026_1388_1417",0.538704812526703
"2026_1395_1417",0.374780356884003
"2026_1397_1417",0.687166035175323
"2026_1398_1417",0.164609581232071
"2026_1400_1417",0.419130176305771
"2026_1401_1417",0.433569997549057
"2026_1403_1417",0.622231781482697
"2026_1407_1417",0.267465651035309
"2026_1416_1417",0.301471024751663
"2026_1103_1420",0.68960052728653
"2026_1104_1420",0.915348291397095
"2026_1112_1420",0.912622928619385
"2026_1116_1420",0.871311485767365
"2026_1140_1420",0.827263832092285
"2026_1155_1420",0.835733413696289
"2026_1163_1420",0.854333281517029
"2026_1181_1420",0.93705141544342
"2026_1196_1420",0.936916708946228
"2026_1202_1420",0.601025223731995
"2026_1208_1420",0.806753754615784
"2026_1211_1420",0.924240052700043
"2026_1218_1420",0.562062561511993
"2026_1219_1420",0.727514505386353
"2026_1220_1420",0.562097489833832
"2026_1222_1420",0.930467903614044
"2026_1224_1420",0.444751560688019
"2026_1225_1420",0.552954912185669
"2026_1228_1420",0.868786215782166
"2026_1234_1420",0.76902574300766
"2026_1235_1420",0.89010351896286
"2026_1242_1420",0.887817740440369
"2026_1244_1420",0.663114488124847
"2026_1246_1420",0.850181043148041
"2026_1250_1420",0.517337203025818
"2026_1254_1420",0.524729907512665
"2026_1257_1420",0.875127494335175
"2026_1270_1420",0.76021271944046
"2026_1274_1420",0.742337346076965
"2026_1275_1420",0.656386137008667
"2026_1276_1420",0.895559072494507
"2026_1277_1420",0.921530544757843
"2026_1281_1420",0.753618478775024
"2026_1295_1420",0.620634257793427
"2026_1301_1420",0.684122741222382
"2026_1304_1420",0.820938646793365
"2026_1314_1420",0.829954206943512
"2026_1320_1420",0.694180607795715
"2026_1326_1420",0.817069411277771
"2026_1335_1420",0.637546241283417
"2026_1341_1420",0.36426368355751
"2026_1345_1420",0.860768377780914
"2026_1365_1420",0.747486770153046
"2026_1373_1420",0.588162183761597
"2026_1374_1420",0.705845952033997
"2026_1378_1420",0.613237798213959
"2026_1385_1420",0.920457303524017
"2026_1387_1420",0.696197330951691
"2026_1388_1420",0.886524140834808
"2026_1395_1420",0.750925421714783
"2026_1397_1420",0.894771754741669
"2026_1398_1420",0.599284589290619
"2026_1400_1420",0.738530576229095
"2026_1401_1420",0.760795593261719
"2026_1403_1420",0.907364070415497
"2026_1407_1420",0.70399397611618
"2026_1416_1420",0.752555847167969
"2026_1417_1420",0.81230902671814
"2026_1103_1429",0.338389486074448
"2026_1104_1429",0.725973665714264
"2026_1112_1429",0.698883056640625
"2026_1116_1429",0.596016824245453
"2026_1140_1429",0.62219250202179
"2026_1155_1429",0.557495296001434
"2026_1163_1429",0.677480041980743
"2026_1181_1429",0.861615300178528
"2026_1196_1429",0.86790919303894
"2026_1202_1429",0.301448702812195
"2026_1208_1429",0.544922113418579
"2026_1211_1429",0.719772934913635
"2026_1218_1429",0.263539671897888
"2026_1219_1429",0.336536526679993
"2026_1220_1429",0.282011687755585
"2026_1222_1429",0.839396595954895
"2026_1224_1429",0.202618718147278
"2026_1225_1429",0.232229083776474
"2026_1228_1429",0.636959254741669
"2026_1234_1429",0.47644829750061
"2026_1235_1429",0.642860591411591
"2026_1242_1429",0.620042502880096
"2026_1244_1429",0.308547168970108
"2026_1246_1429",0.628885567188263
"2026_1250_1429",0.250080853700638
"2026_1254_1429",0.274174004793167
"2026_1257_1429",0.615449070930481
"2026_1270_1429",0.407091528177261
"2026_1274_1429",0.495359033346176
"2026_1275_1429",0.325350821018219
"2026_1276_1429",0.680418789386749
"2026_1277_1429",0.740006148815155
"2026_1281_1429",0.463238388299942
"2026_1295_1429",0.244105771183968
"2026_1301_1429",0.373180627822876
"2026_1304_1429",0.561529517173767
"2026_1314_1429",0.585050940513611
"2026_1320_1429",0.372709542512894
"2026_1326_1429",0.512980222702026
"2026_1335_1429",0.341329455375671
"2026_1341_1429",0.201078593730927
"2026_1345_1429",0.634444177150726
"2026_1365_1429",0.451715648174286
"2026_1373_1429",0.287272334098816
"2026_1374_1429",0.403629928827286
"2026_1378_1429",0.327166885137558
"2026_1385_1429",0.738282024860382
"2026_1387_1429",0.482393115758896
"2026_1388_1429",0.653897523880005
"2026_1395_1429",0.464476853609085
"2026_1397_1429",0.732675731182098
"2026_1398_1429",0.227182880043983
"2026_1400_1429",0.463419824838638
"2026_1401_1429",0.495890527963638
"2026_1403_1429",0.657743811607361
"2026_1407_1429",0.327305197715759
"2026_1416_1429",0.385085821151733
"2026_1417_1429",0.626855671405792
"2026_1420_1429",0.236955240368843
"2026_1103_1433",0.384340792894363
"2026_1104_1433",0.70406836271286
"2026_1112_1433",0.734239220619202
"2026_1116_1433",0.535978615283966
"2026_1140_1433",0.613268136978149
"2026_1155_1433",0.589463353157043
"2026_1163_1433",0.655306339263916
"2026_1181_1433",0.822840929031372
"2026_1196_1433",0.837098777294159
"2026_1202_1433",0.174579754471779
"2026_1208_1433",0.48251411318779
"2026_1211_1433",0.740782201290131
"2026_1218_1433",0.17449539899826
"2026_1219_1433",0.371920108795166
"2026_1220_1433",0.177852109074593
"2026_1222_1433",0.828753888607025
"2026_1224_1433",0.143648147583008
"2026_1225_1433",0.161785334348679
"2026_1228_1433",0.665395617485046
"2026_1234_1433",0.453706026077271
"2026_1235_1433",0.667357921600342
"2026_1242_1433",0.561607122421265
"2026_1244_1433",0.192763552069664
"2026_1246_1433",0.592867255210876
"2026_1250_1433",0.173805519938469
"2026_1254_1433",0.183692380785942
"2026_1257_1433",0.592180788516998
"2026_1270_1433",0.441480875015259
"2026_1274_1433",0.419029861688614
"2026_1275_1433",0.284775257110596
"2026_1276_1433",0.689452409744263
"2026_1277_1433",0.675662994384766
"2026_1281_1433",0.384846538305283
"2026_1295_1433",0.188240632414818
"2026_1301_1433",0.27377638220787
"2026_1304_1433",0.495721071958542
"2026_1314_1433",0.558563947677612
"2026_1320_1433",0.305228054523468
"2026_1326_1433",0.447352439165115
"2026_1335_1433",0.232565686106682
"2026_1341_1433",0.148200809955597
"2026_1345_1433",0.600491523742676
"2026_1365_1433",0.410728067159653
"2026_1373_1433",0.200765892863274
"2026_1374_1433",0.372640609741211
"2026_1378_1433",0.255028277635574
"2026_1385_1433",0.665932416915894
"2026_1387_1433",0.424555242061615
"2026_1388_1433",0.648251533508301
"2026_1395_1433",0.423962831497192
"2026_1397_1433",0.666669607162476
"2026_1398_1433",0.152237474918365
"2026_1400_1433",0.318400681018829
"2026_1401_1433",0.434831976890564
"2026_1403_1433",0.647635400295258
"2026_1407_1433",0.195101007819176
"2026_1416_1433",0.319403916597366
"2026_1417_1433",0.561840295791626
"2026_1420_1433",0.166598990559578
"2026_1429_1433",0.531180143356323
"2026_1103_1435",0.35845097899437
"2026_1104_1435",0.67689573764801
"2026_1112_1435",0.624391615390778
"2026_1116_1435",0.570008456707001
"2026_1140_1435",0.58534163236618
"2026_1155_1435",0.514946043491364
"2026_1163_1435",0.672303438186646
"2026_1181_1435",0.892719745635986
"2026_1196_1435",0.905272603034973
"2026_1202_1435",0.193196922540665
"2026_1208_1435",0.482080399990082
"2026_1211_1435",0.87972766160965
"2026_1218_1435",0.194460868835449
"2026_1219_1435",0.355887472629547
"2026_1220_1435",0.18381579220295
"2026_1222_1435",0.889529764652252
"2026_1224_1435",0.106219805777073
"2026_1225_1435",0.128642246127129
"2026_1228_1435",0.629692435264587
"2026_1234_1435",0.421225070953369
"2026_1235_1435",0.600556492805481
"2026_1242_1435",0.570778608322144
"2026_1244_1435",0.278898119926453
"2026_1246_1435",0.477418392896652
"2026_1250_1435",0.132302150130272
"2026_1254_1435",0.154547482728958
"2026_1257_1435",0.559609413146973
"2026_1270_1435",0.42658993601799
"2026_1274_1435",0.311035186052322
"2026_1275_1435",0.294705152511597
"2026_1276_1435",0.687355220317841
"2026_1277_1435",0.758889555931091
"2026_1281_1435",0.502379298210144
"2026_1295_1435",0.154235079884529
"2026_1301_1435",0.294144570827484
"2026_1304_1435",0.540948271751404
"2026_1314_1435",0.490090012550354
"2026_1320_1435",0.353682219982147
"2026_1326_1435",0.441760152578354
"2026_1335_1435",0.221924141049385
"2026_1341_1435",0.11507423222065
"2026_1345_1435",0.605163216590881
"2026_1365_1435",0.427791774272919
"2026_1373_1435",0.162568479776382
"2026_1374_1435",0.37722373008728
"2026_1378_1435",0.243128299713135
"2026_1385_1435",0.732536673545837
"2026_1387_1435",0.469100534915924
"2026_1388_1435",0.559094905853271
"2026_1395_1435",0.411210358142853
"2026_1397_1435",0.716332256793976
"2026_1398_1435",0.142665237188339
"2026_1400_1435",0.474022626876831
"2026_1401_1435",0.503395855426788
"2026_1403_1435",0.763642728328705
"2026_1407_1435",0.232813820242882
"2026_1416_1435",0.389648079872131
"2026_1417_1435",0.499522775411606
"2026_1420_1435",0.13290648162365
"2026_1429_1435",0.423836678266525
"2026_1433_1435",0.543786764144897
"2026_1103_1437",0.344317883253098
"2026_1104_1437",0.66424435377121
"2026_1112_1437",0.638943910598755
"2026_1116_1437",0.520579278469086
"2026_1140_1437",0.575200736522675
"2026_1155_1437",0.551500499248505
"2026_1163_1437",0.60992568731308
"2026_1181_1437",0.841126620769501
"2026_1196_1437",0.843929350376129
"2026_1202_1437",0.232925847172737
"2026_1208_1437",0.429247111082077
"2026_1211_1437",0.791378796100616
"2026_1218_1437",0.253876596689224
"2026_1219_1437",0.345104217529297
"2026_1220_1437",0.259636163711548
"2026_1222_1437",0.818190932273865
"2026_1224_1437",0.192703947424889
"2026_1225_1437",0.224750027060509
"2026_1228_1437",0.599039494991302
"2026_1234_1437",0.383567243814468
"2026_1235_1437",0.57790333032608
"2026_1242_1437",0.527811408042908
"2026_1244_1437",0.310569852590561
"2026_1246_1437",0.526563405990601
"2026_1250_1437",0.238075524568558
"2026_1254_1437",0.260671585798264
"2026_1257_1437",0.587080597877502
"2026_1270_1437",0.375383675098419
"2026_1274_1437",0.413633465766907
"2026_1275_1437",0.284757971763611
"2026_1276_1437",0.641991555690765
"2026_1277_1437",0.676769077777863
"2026_1281_1437",0.417050331830978
"2026_1295_1437",0.240320473909378
"2026_1301_1437",0.32034820318222
"2026_1304_1437",0.494927763938904
"2026_1314_1437",0.532757937908173
"2026_1320_1437",0.302014827728271
"2026_1326_1437",0.428337246179581
"2026_1335_1437",0.316574573516846
"2026_1341_1437",0.190253704786301
"2026_1345_1437",0.542743325233459
"2026_1365_1437",0.328014433383942
"2026_1373_1437",0.251042991876602
"2026_1374_1437",0.323098003864288
"2026_1378_1437",0.317257136106491
"2026_1385_1437",0.680667579174042
"2026_1387_1437",0.417977273464203
"2026_1388_1437",0.635045409202576
"2026_1395_1437",0.437555879354477
"2026_1397_1437",0.691196739673615
"2026_1398_1437",0.216207161545753
"2026_1400_1437",0.397195786237717
"2026_1401_1437",0.430440157651901
"2026_1403_1437",0.712456345558167
"2026_1407_1437",0.263336986303329
"2026_1416_1437",0.379019469022751
"2026_1417_1437",0.489195793867111
"2026_1420_1437",0.239475920796394
"2026_1429_1437",0.373161196708679
"2026_1433_1437",0.484456598758698
"2026_1435_1437",0.502975940704346
"2026_1103_1438",0.417455404996872
"2026_1104_1438",0.692042887210846
"2026_1112_1438",0.714349031448364
"2026_1116_1438",0.599364817142487
"2026_1140_1438",0.588337182998657
"2026_1155_1438",0.588146090507507
"2026_1163_1438",0.694127202033997
"2026_1181_1438",0.876961648464203
"2026_1196_1438",0.884865701198578
"2026_1202_1438",0.27466145157814
"2026_1208_1438",0.577030718326569
"2026_1211_1438",0.774628877639771
"2026_1218_1438",0.264788866043091
"2026_1219_1438",0.401074320077896
"2026_1220_1438",0.279328614473343
"2026_1222_1438",0.840828955173492
"2026_1224_1438",0.211706250905991
"2026_1225_1438",0.23461802303791
"2026_1228_1438",0.619613885879517
"2026_1234_1438",0.471538841724396
"2026_1235_1438",0.655189573764801
"2026_1242_1438",0.627195417881012
"2026_1244_1438",0.330472767353058
"2026_1246_1438",0.541420757770538
"2026_1250_1438",0.21939292550087
"2026_1254_1438",0.307413667440414
"2026_1257_1438",0.57345062494278
"2026_1270_1438",0.450558751821518
"2026_1274_1438",0.365359455347061
"2026_1275_1438",0.377802491188049
"2026_1276_1438",0.759111225605011
"2026_1277_1438",0.745105445384979
"2026_1281_1438",0.546151101589203
"2026_1295_1438",0.226506248116493
"2026_1301_1438",0.434725522994995
"2026_1304_1438",0.523576438426971
"2026_1314_1438",0.502767980098724
"2026_1320_1438",0.348895281553268
"2026_1326_1438",0.5167595744133
"2026_1335_1438",0.269401907920837
"2026_1341_1438",0.243071913719177
"2026_1345_1438",0.685210108757019
"2026_1365_1438",0.450528591871262
"2026_1373_1438",0.268276959657669
"2026_1374_1438",0.427779495716095
"2026_1378_1438",0.372548907995224
"2026_1385_1438",0.625578284263611
"2026_1387_1438",0.511954188346863
"2026_1388_1438",0.579910218715668
"2026_1395_1438",0.493687301874161
"2026_1397_1438",0.663378357887268
"2026_1398_1438",0.296099960803986
"2026_1400_1438",0.51483166217804
"2026_1401_1438",0.560352206230164
"2026_1403_1438",0.654766440391541
"2026_1407_1438",0.368611812591553
"2026_1416_1438",0.432469487190247
"2026_1417_1438",0.552449941635132
"2026_1420_1438",0.260012924671173
"2026_1429_1438",0.465167492628098
"2026_1433_1438",0.551970660686493
"2026_1435_1438",0.54757171869278
"2026_1437_1438",0.539236485958099
"2026_1103_1458",0.275908529758453
"2026_1104_1458",0.538533449172974
"2026_1112_1458",0.56639689207077
"2026_1116_1458",0.455209404230118
"2026_1140_1458",0.46618926525116
"2026_1155_1458",0.367512315511703
"2026_1163_1458",0.617014467716217
"2026_1181_1458",0.86891633272171
"2026_1196_1458",0.869563460350037
"2026_1202_1458",0.168805673718452
"2026_1208_1458",0.417209953069687
"2026_1211_1458",0.678352177143097
"2026_1218_1458",0.181077837944031
"2026_1219_1458",0.260475933551788
"2026_1220_1458",0.153886914253235
"2026_1222_1458",0.847457766532898
"2026_1224_1458",0.0870063528418541
"2026_1225_1458",0.118622049689293
"2026_1228_1458",0.564979612827301
"2026_1234_1458",0.318588316440582
"2026_1235_1458",0.55672413110733
"2026_1242_1458",0.52037388086319
"2026_1244_1458",0.195174977183342
"2026_1246_1458",0.403754860162735
"2026_1250_1458",0.10686082392931
"2026_1254_1458",0.127717047929764
"2026_1257_1458",0.428098797798157
"2026_1270_1458",0.317079901695251
"2026_1274_1458",0.270994305610657
"2026_1275_1458",0.251655459403992
"2026_1276_1458",0.551515102386475
"2026_1277_1458",0.611754477024078
"2026_1281_1458",0.365107804536819
"2026_1295_1458",0.140284314751625
"2026_1301_1458",0.250514596700668
"2026_1304_1458",0.400357514619827
"2026_1314_1458",0.388379454612732
"2026_1320_1458",0.316569149494171
"2026_1326_1458",0.35672327876091
"2026_1335_1458",0.228228360414505
"2026_1341_1458",0.101564638316631
"2026_1345_1458",0.557303667068481
"2026_1365_1458",0.336663842201233
"2026_1373_1458",0.129364565014839
"2026_1374_1458",0.305495798587799
"2026_1378_1458",0.229573488235474
"2026_1385_1458",0.630103170871735
"2026_1387_1458",0.309014439582825
"2026_1388_1458",0.371138513088226
"2026_1395_1458",0.293203413486481
"2026_1397_1458",0.503978908061981
"2026_1398_1458",0.107260756194592
"2026_1400_1458",0.371482014656067
"2026_1401_1458",0.422565549612045
"2026_1403_1458",0.544054746627808
"2026_1407_1458",0.192521408200264
"2026_1416_1458",0.251129776239395
"2026_1417_1458",0.399296253919601
"2026_1420_1458",0.106339029967785
"2026_1429_1458",0.339659869670868
"2026_1433_1458",0.379321843385696
"2026_1435_1458",0.384160548448563
"2026_1437_1458",0.442565321922302
"2026_1438_1458",0.42283621430397
"2026_1103_1460",0.690779209136963
"2026_1104_1460",0.892506897449493
"2026_1112_1460",0.904990434646606
"2026_1116_1460",0.833651781082153
"2026_1140_1460",0.797648906707764
"2026_1155_1460",0.830095708370209
"2026_1163_1460",0.853858470916748
"2026_1181_1460",0.931598961353302
"2026_1196_1460",0.931064188480377
"2026_1202_1460",0.542210698127747
"2026_1208_1460",0.776144742965698
"2026_1211_1460",0.922002971172333
"2026_1218_1460",0.514157772064209
"2026_1219_1460",0.751486659049988
"2026_1220_1460",0.565758168697357
"2026_1222_1460",0.929668605327606
"2026_1224_1460",0.291118055582047
"2026_1225_1460",0.42944461107254
"2026_1228_1460",0.864523947238922
"2026_1234_1460",0.765286445617676
"2026_1235_1460",0.889164924621582
"2026_1242_1460",0.864277124404907
"2026_1244_1460",0.622334539890289
"2026_1246_1460",0.802448332309723
"2026_1250_1460",0.376661509275436
"2026_1254_1460",0.363400608301163
"2026_1257_1460",0.849969565868378
"2026_1270_1460",0.765345394611359
"2026_1274_1460",0.70882922410965
"2026_1275_1460",0.676120460033417
"2026_1276_1460",0.887053370475769
"2026_1277_1460",0.909620821475983
"2026_1281_1460",0.775028347969055
"2026_1295_1460",0.558081805706024
"2026_1301_1460",0.658901512622833
"2026_1304_1460",0.812177181243896
"2026_1314_1460",0.800330996513367
"2026_1320_1460",0.70044606924057
"2026_1326_1460",0.769140779972076
"2026_1335_1460",0.595445334911346
"2026_1341_1460",0.256764262914658
"2026_1345_1460",0.861105561256409
"2026_1365_1460",0.749179244041443
"2026_1373_1460",0.40703758597374
"2026_1374_1460",0.695811986923218
"2026_1378_1460",0.615791201591492
"2026_1385_1460",0.882518529891968
"2026_1387_1460",0.73380047082901
"2026_1388_1460",0.853232979774475
"2026_1395_1460",0.757559537887573
"2026_1397_1460",0.870015442371368
"2026_1398_1460",0.457882761955261
"2026_1400_1460",0.751302421092987
"2026_1401_1460",0.757944405078888
"2026_1403_1460",0.899293959140778
"2026_1407_1460",0.635047316551208
"2026_1416_1460",0.760216891765594
"2026_1417_1460",0.771035552024841
"2026_1420_1460",0.349428474903107
"2026_1429_1460",0.708500385284424
"2026_1433_1460",0.833917260169983
"2026_1435_1460",0.819107353687286
"2026_1437_1460",0.740112006664276
"2026_1438_1460",0.76084178686142
"2026_1458_1460",0.85957670211792
"2026_1103_1465",0.655647277832031
"2026_1104_1465",0.895996689796448
"2026_1112_1465",0.908743739128113
"2026_1116_1465",0.818349301815033
"2026_1140_1465",0.796101093292236
"2026_1155_1465",0.842380166053772
"2026_1163_1465",0.863632023334503
"2026_1181_1465",0.935506284236908
"2026_1196_1465",0.937178432941437
"2026_1202_1465",0.39383852481842
"2026_1208_1465",0.743407011032104
"2026_1211_1465",0.924100399017334
"2026_1218_1465",0.424825221300125
"2026_1219_1465",0.700639128684998
"2026_1220_1465",0.426400423049927
"2026_1222_1465",0.934843182563782
"2026_1224_1465",0.213706269860268
"2026_1225_1465",0.302255809307098
"2026_1228_1465",0.83951610326767
"2026_1234_1465",0.669914960861206
"2026_1235_1465",0.892856180667877
"2026_1242_1465",0.859213769435883
"2026_1244_1465",0.475111782550812
"2026_1246_1465",0.763114929199219
"2026_1250_1465",0.262376129627228
"2026_1254_1465",0.349103301763535
"2026_1257_1465",0.850984156131744
"2026_1270_1465",0.731543183326721
"2026_1274_1465",0.562995254993439
"2026_1275_1465",0.619101107120514
"2026_1276_1465",0.863238453865051
"2026_1277_1465",0.895370483398438
"2026_1281_1465",0.767243087291718
"2026_1295_1465",0.40913787484169
"2026_1301_1465",0.621705532073975
"2026_1304_1465",0.762121975421906
"2026_1314_1465",0.758465349674225
"2026_1320_1465",0.60760086774826
"2026_1326_1465",0.718101978302002
"2026_1335_1465",0.434703528881073
"2026_1341_1465",0.206985414028168
"2026_1345_1465",0.830506086349487
"2026_1365_1465",0.712981581687927
"2026_1373_1465",0.329000324010849
"2026_1374_1465",0.712868869304657
"2026_1378_1465",0.533367335796356
"2026_1385_1465",0.878452181816101
"2026_1387_1465",0.655920326709747
"2026_1388_1465",0.866204023361206
"2026_1395_1465",0.678565680980682
"2026_1397_1465",0.881132423877716
"2026_1398_1465",0.340238243341446
"2026_1400_1465",0.723800182342529
"2026_1401_1465",0.743599236011505
"2026_1403_1465",0.891581416130066
"2026_1407_1465",0.638759613037109
"2026_1416_1465",0.638709366321564
"2026_1417_1465",0.775017440319061
"2026_1420_1465",0.273166835308075
"2026_1429_1465",0.722982585430145
"2026_1433_1465",0.865805089473724
"2026_1435_1465",0.790232002735138
"2026_1437_1465",0.726103901863098
"2026_1438_1465",0.677836239337921
"2026_1458_1465",0.845814406871796
"2026_1460_1465",0.401829302310944
"2026_1103_1474",0.661755740642548
"2026_1104_1474",0.905527770519257
"2026_1112_1474",0.909408926963806
"2026_1116_1474",0.860497832298279
"2026_1140_1474",0.805749356746674
"2026_1155_1474",0.801421105861664
"2026_1163_1474",0.852093636989594
"2026_1181_1474",0.929276823997498
"2026_1196_1474",0.930135846138
"2026_1202_1474",0.550985217094421
"2026_1208_1474",0.801460266113281
"2026_1211_1474",0.916198074817657
"2026_1218_1474",0.519692480564117
"2026_1219_1474",0.730427324771881
"2026_1220_1474",0.558804273605347
"2026_1222_1474",0.925139784812927
"2026_1224_1474",0.325384914875031
"2026_1225_1474",0.445148587226868
"2026_1228_1474",0.86405473947525
"2026_1234_1474",0.750329256057739
"2026_1235_1474",0.878940224647522
"2026_1242_1474",0.897221744060516
"2026_1244_1474",0.595120489597321
"2026_1246_1474",0.826981842517853
"2026_1250_1474",0.351422369480133
"2026_1254_1474",0.416066914796829
"2026_1257_1474",0.858715534210205
"2026_1270_1474",0.733003497123718
"2026_1274_1474",0.712400555610657
"2026_1275_1474",0.681154668331146
"2026_1276_1474",0.898639440536499
"2026_1277_1474",0.9138423204422
"2026_1281_1474",0.760812938213348
"2026_1295_1474",0.525981068611145
"2026_1301_1474",0.662038207054138
"2026_1304_1474",0.828503906726837
"2026_1314_1474",0.820243239402771
"2026_1320_1474",0.705283761024475
"2026_1326_1474",0.790969371795654
"2026_1335_1474",0.615812361240387
"2026_1341_1474",0.343901336193085
"2026_1345_1474",0.873592019081116
"2026_1365_1474",0.728688180446625
"2026_1373_1474",0.447873800992966
"2026_1374_1474",0.671117603778839
"2026_1378_1474",0.601590692996979
"2026_1385_1474",0.871099233627319
"2026_1387_1474",0.693210065364838
"2026_1388_1474",0.847742199897766
"2026_1395_1474",0.716497600078583
"2026_1397_1474",0.890690982341766
"2026_1398_1474",0.471687316894531
"2026_1400_1474",0.740844011306763
"2026_1401_1474",0.755915880203247
"2026_1403_1474",0.883622288703918
"2026_1407_1474",0.688046514987946
"2026_1416_1474",0.720577001571655
"2026_1417_1474",0.785642981529236
"2026_1420_1474",0.333901166915894
"2026_1429_1474",0.669970631599426
"2026_1433_1474",0.815746128559113
"2026_1435_1474",0.813758134841919
"2026_1437_1474",0.740297973155975
"2026_1438_1474",0.71855765581131
"2026_1458_1474",0.861453115940094
"2026_1460_1474",0.537607491016388
"2026_1465_1474",0.572945356369019
"2026_3104_3113",0.825772404670715
"2026_3104_3124",0.408774793148041
"2026_3113_3124",0.11682303249836
"2026_3104_3155",0.774140894412994
"2026_3113_3155",0.338437288999557
"2026_3124_3155",0.851758301258087
"2026_3104_3158",0.885000824928284
"2026_3113_3158",0.649798512458801
"2026_3124_3158",0.905439555644989
"2026_3155_3158",0.724377572536469
"2026_3104_3160",0.687299370765686
"2026_3113_3160",0.3762246966362
"2026_3124_3160",0.845140874385834
"2026_3155_3160",0.583564043045044
"2026_3158_3160",0.26459276676178
"2026_3104_3161",0.804431974887848
"2026_3113_3161",0.542719125747681
"2026_3124_3161",0.878461956977844
"2026_3155_3161",0.635985374450684
"2026_3158_3161",0.316127002239227
"2026_3160_3161",0.62239021062851
"2026_3104_3163",0.0868109464645386
"2026_3113_3163",0.0717504918575287
"2026_3124_3163",0.140100732445717
"2026_3155_3163",0.0995959267020226
"2026_3158_3163",0.0493533834815025
"2026_3160_3163",0.0858578681945801
"2026_3161_3163",0.0640396773815155
"2026_3104_3181",0.164169400930405
"2026_3113_3181",0.0771737322211266
"2026_3124_3181",0.259835660457611
"2026_3155_3181",0.0986545160412788
"2026_3158_3181",0.0481292679905891
"2026_3160_3181",0.0977620109915733
"2026_3161_3181",0.0726112872362137
"2026_3163_3181",0.818447828292847
"2026_3104_3192",0.913581728935242
"2026_3113_3192",0.640715181827545
"2026_3124_3192",0.929936945438385
"2026_3155_3192",0.732616126537323
"2026_3158_3192",0.593433856964111
"2026_3160_3192",0.719395399093628
"2026_3161_3192",0.648383021354675
"2026_3163_3192",0.955463230609894
"2026_3181_3192",0.954144358634949
"2026_3104_3193",0.73865669965744
"2026_3113_3193",0.38487982749939
"2026_3124_3193",0.768073797225952
"2026_3155_3193",0.523987293243408
"2026_3158_3193",0.178322181105614
"2026_3160_3193",0.417285025119781
"2026_3161_3193",0.284595817327499
"2026_3163_3193",0.912920296192169
"2026_3181_3193",0.886499583721161
"2026_3192_3193",0.155730307102203
"2026_3104_3208",0.783349454402924
"2026_3113_3208",0.399537593126297
"2026_3124_3208",0.863622665405273
"2026_3155_3208",0.564832627773285
"2026_3158_3208",0.263170450925827
"2026_3160_3208",0.508980333805084
"2026_3161_3208",0.366309523582458
"2026_3163_3208",0.924483418464661
"2026_3181_3208",0.925240516662598
"2026_3192_3208",0.238114774227142
"2026_3193_3208",0.522932112216949
"2026_3104_3211",0.715704023838043
"2026_3113_3211",0.468386739492416
"2026_3124_3211",0.856835126876831
"2026_3155_3211",0.597059190273285
"2026_3158_3211",0.301331162452698
"2026_3160_3211",0.590027153491974
"2026_3161_3211",0.446208626031876
"2026_3163_3211",0.93001925945282
"2026_3181_3211",0.923350512981415
"2026_3192_3211",0.289847850799561
"2026_3193_3211",0.713533043861389
"2026_3208_3211",0.487189620733261
"2026_3104_3219",0.936033189296722
"2026_3113_3219",0.706021666526794
"2026_3124_3219",0.951698243618011
"2026_3155_3219",0.802200019359589
"2026_3158_3219",0.662665009498596
"2026_3160_3219",0.745690107345581
"2026_3161_3219",0.687908411026001
"2026_3163_3219",0.961696147918701
"2026_3181_3219",0.966129541397095
"2026_3192_3219",0.601701855659485
"2026_3193_3219",0.865272760391235
"2026_3208_3219",0.779743075370789
"2026_3211_3219",0.754964351654053
"2026_3104_3221",0.87962794303894
"2026_3113_3221",0.652741491794586
"2026_3124_3221",0.909639775753021
"2026_3155_3221",0.7422776222229
"2026_3158_3221",0.592270135879517
"2026_3160_3221",0.689644753932953
"2026_3161_3221",0.62950611114502
"2026_3163_3221",0.939145803451538
"2026_3181_3221",0.941220700740814
"2026_3192_3221",0.486352831125259
"2026_3193_3221",0.819595217704773
"2026_3208_3221",0.725866317749023
"2026_3211_3221",0.669183969497681
"2026_3219_3221",0.381050407886505
"2026_3104_3224",0.925939202308655
"2026_3113_3224",0.655324339866638
"2026_3124_3224",0.941469073295593
"2026_3155_3224",0.775901198387146
"2026_3158_3224",0.577057242393494
"2026_3160_3224",0.759478092193604
"2026_3161_3224",0.678757607936859
"2026_3163_3224",0.960218071937561
"2026_3181_3224",0.966105818748474
"2026_3192_3224",0.496535629034042
"2026_3193_3224",0.849039614200592
"2026_3208_3224",0.76482355594635
"2026_3211_3224",0.743622362613678
"2026_3219_3224",0.417215764522552
"2026_3221_3224",0.512686550617218
"2026_3104_3225",0.908917844295502
"2026_3113_3225",0.746433615684509
"2026_3124_3225",0.930315971374512
"2026_3155_3225",0.758854031562805
"2026_3158_3225",0.599953353404999
"2026_3160_3225",0.779070258140564
"2026_3161_3225",0.702609360218048
"2026_3163_3225",0.955785810947418
"2026_3181_3225",0.950566947460175
"2026_3192_3225",0.443970710039139
"2026_3193_3225",0.847809195518494
"2026_3208_3225",0.755200207233429
"2026_3211_3225",0.706317961215973
"2026_3219_3225",0.398324877023697
"2026_3221_3225",0.45613232254982
"2026_3224_3225",0.563100039958954
"2026_3104_3228",0.55470597743988
"2026_3113_3228",0.233926728367805
"2026_3124_3228",0.776955664157867
"2026_3155_3228",0.3486487865448
"2026_3158_3228",0.171771258115768
"2026_3160_3228",0.370294272899628
"2026_3161_3228",0.303878664970398
"2026_3163_3228",0.911722779273987
"2026_3181_3228",0.85170704126358
"2026_3192_3228",0.133818238973618
"2026_3193_3228",0.333620309829712
"2026_3208_3228",0.292639344930649
"2026_3211_3228",0.302071332931519
"2026_3219_3228",0.102924004197121
"2026_3221_3228",0.189660310745239
"2026_3224_3228",0.140752837061882
"2026_3225_3228",0.144298806786537
"2026_3104_3234",0.433434009552002
"2026_3113_3234",0.181570529937744
"2026_3124_3234",0.505973637104034
"2026_3155_3234",0.276737302541733
"2026_3158_3234",0.0694768875837326
"2026_3160_3234",0.314760893583298
"2026_3161_3234",0.188628941774368
"2026_3163_3234",0.868025302886963
"2026_3181_3234",0.702910244464874
"2026_3192_3234",0.0652956888079643
"2026_3193_3234",0.175093099474907
"2026_3208_3234",0.194143444299698
"2026_3211_3234",0.229938194155693
"2026_3219_3234",0.0583976916968822
"2026_3221_3234",0.119551219046116
"2026_3224_3234",0.0603238791227341
"2026_3225_3234",0.0643657445907593
"2026_3228_3234",0.385311871767044
"2026_3104_3235",0.630598366260529
"2026_3113_3235",0.249841257929802
"2026_3124_3235",0.777955889701843
"2026_3155_3235",0.422412037849426
"2026_3158_3235",0.166633605957031
"2026_3160_3235",0.386424034833908
"2026_3161_3235",0.27993106842041
"2026_3163_3235",0.899121940135956
"2026_3181_3235",0.833687007427216
"2026_3192_3235",0.148065656423569
"2026_3193_3235",0.300198286771774
"2026_3208_3235",0.338475227355957
"2026_3211_3235",0.333866000175476
"2026_3219_3235",0.118716172873974
"2026_3221_3235",0.228061571717262
"2026_3224_3235",0.144294902682304
"2026_3225_3235",0.141945451498032
"2026_3228_3235",0.550486028194427
"2026_3234_3235",0.624547600746155
"2026_3104_3239",0.925878047943115
"2026_3113_3239",0.706121981143951
"2026_3124_3239",0.943789124488831
"2026_3155_3239",0.802389025688171
"2026_3158_3239",0.757963597774506
"2026_3160_3239",0.785994112491608
"2026_3161_3239",0.708090424537659
"2026_3163_3239",0.956502497196198
"2026_3181_3239",0.95992237329483
"2026_3192_3239",0.632973790168762
"2026_3193_3239",0.863640546798706
"2026_3208_3239",0.79043710231781
"2026_3211_3239",0.739877760410309
"2026_3219_3239",0.58360481262207
"2026_3221_3239",0.632843196392059
"2026_3224_3239",0.658355534076691
"2026_3225_3239",0.509771466255188
"2026_3228_3239",0.877424955368042
"2026_3234_3239",0.933687388896942
"2026_3235_3239",0.840928494930267
"2026_3104_3241",0.705319285392761
"2026_3113_3241",0.437123954296112
"2026_3124_3241",0.773069262504578
"2026_3155_3241",0.529817461967468
"2026_3158_3241",0.194166630506516
"2026_3160_3241",0.510813057422638
"2026_3161_3241",0.372399151325226
"2026_3163_3241",0.940559029579163
"2026_3181_3241",0.905191004276276
"2026_3192_3241",0.176637068390846
"2026_3193_3241",0.575465381145477
"2026_3208_3241",0.423764139413834
"2026_3211_3241",0.486404061317444
"2026_3219_3241",0.128286197781563
"2026_3221_3241",0.243461892008781
"2026_3224_3241",0.145923525094986
"2026_3225_3241",0.209838792681694
"2026_3228_3241",0.668175637722015
"2026_3234_3241",0.788350045681
"2026_3235_3241",0.646858751773834
"2026_3239_3241",0.150633707642555
"2026_3104_3246",0.46972194314003
"2026_3113_3246",0.169573172926903
"2026_3124_3246",0.56467342376709
"2026_3155_3246",0.252646028995514
"2026_3158_3246",0.0817879438400269
"2026_3160_3246",0.276061564683914
"2026_3161_3246",0.19081312417984
"2026_3163_3246",0.913385450839996
"2026_3181_3246",0.814962685108185
"2026_3192_3246",0.0784439966082573
"2026_3193_3246",0.263442665338516
"2026_3208_3246",0.172093659639359
"2026_3211_3246",0.283673286437988
"2026_3219_3246",0.0652082562446594
"2026_3221_3246",0.1270712018013
"2026_3224_3246",0.0645504221320152
"2026_3225_3246",0.0907413363456726
"2026_3228_3246",0.40391480922699
"2026_3234_3246",0.5765021443367
"2026_3235_3246",0.387042164802551
"2026_3239_3246",0.068450391292572
"2026_3241_3246",0.288045078516006
"2026_3104_3257",0.464709162712097
"2026_3113_3257",0.169821247458458
"2026_3124_3257",0.541849255561829
"2026_3155_3257",0.304845690727234
"2026_3158_3257",0.0817602872848511
"2026_3160_3257",0.291950076818466
"2026_3161_3257",0.149567857384682
"2026_3163_3257",0.911498010158539
"2026_3181_3257",0.835224390029907
"2026_3192_3257",0.0691036358475685
"2026_3193_3257",0.226343601942062
"2026_3208_3257",0.186655029654503
"2026_3211_3257",0.204965472221375
"2026_3219_3257",0.0562347769737244
"2026_3221_3257",0.0965871661901474
"2026_3224_3257",0.0610687732696533
"2026_3225_3257",0.0808810591697693
"2026_3228_3257",0.418454557657242
"2026_3234_3257",0.564890921115875
"2026_3235_3257",0.390042573213577
"2026_3239_3257",0.0719607621431351
"2026_3241_3257",0.20939239859581
"2026_3246_3257",0.48270857334137
"2026_3104_3261",0.231956839561462
"2026_3113_3261",0.0825842693448067
"2026_3124_3261",0.314221531152725
"2026_3155_3261",0.119918964803219
"2026_3158_3261",0.0451826453208923
"2026_3160_3261",0.118217580020428
"2026_3161_3261",0.081643782556057
"2026_3163_3261",0.853151142597198
"2026_3181_3261",0.450607001781464
"2026_3192_3261",0.0415288507938385
"2026_3193_3261",0.118219874799252
"2026_3208_3261",0.0862638503313065
"2026_3211_3261",0.102135881781578
"2026_3219_3261",0.0334176979959011
"2026_3221_3261",0.0661379843950272
"2026_3224_3261",0.031948983669281
"2026_3225_3261",0.0392481237649918
"2026_3228_3261",0.143802240490913
"2026_3234_3261",0.315046668052673
"2026_3235_3261",0.208749607205391
"2026_3239_3261",0.0407811067998409
"2026_3241_3261",0.115877993404865
"2026_3246_3261",0.310164004564285
"2026_3257_3261",0.259131461381912
"2026_3104_3268",0.490096867084503
"2026_3113_3268",0.153335869312286
"2026_3124_3268",0.621626019477844
"2026_3155_3268",0.230968147516251
"2026_3158_3268",0.079314723610878
"2026_3160_3268",0.257838815450668
"2026_3161_3268",0.204340770840645
"2026_3163_3268",0.920307159423828
"2026_3181_3268",0.812124848365784
"2026_3192_3268",0.0738592892885208
"2026_3193_3268",0.322163492441177
"2026_3208_3268",0.155418917536736
"2026_3211_3268",0.217643588781357
"2026_3219_3268",0.0659735128283501
"2026_3221_3268",0.120467588305473
"2026_3224_3268",0.0682439208030701
"2026_3225_3268",0.0833282768726349
"2026_3228_3268",0.412517607212067
"2026_3234_3268",0.622832298278809
"2026_3235_3268",0.392055362462997
"2026_3239_3268",0.0702692270278931
"2026_3241_3268",0.28215703368187
"2026_3246_3268",0.510386645793915
"2026_3257_3268",0.596670627593994
"2026_3261_3268",0.802746653556824
"2026_3104_3275",0.910247206687927
"2026_3113_3275",0.715894103050232
"2026_3124_3275",0.933235049247742
"2026_3155_3275",0.735224843025208
"2026_3158_3275",0.553947806358337
"2026_3160_3275",0.72167044878006
"2026_3161_3275",0.612321615219116
"2026_3163_3275",0.95650053024292
"2026_3181_3275",0.952967524528503
"2026_3192_3275",0.462901681661606
"2026_3193_3275",0.856350123882294
"2026_3208_3275",0.692061126232147
"2026_3211_3275",0.697418093681335
"2026_3219_3275",0.361105442047119
"2026_3221_3275",0.400308698415756
"2026_3224_3275",0.457576543092728
"2026_3225_3275",0.446226298809052
"2026_3228_3275",0.833648324012756
"2026_3234_3275",0.927762031555176
"2026_3235_3275",0.822881519794464
"2026_3239_3275",0.356691718101501
"2026_3241_3275",0.766230344772339
"2026_3246_3275",0.916526198387146
"2026_3257_3275",0.918951153755188
"2026_3261_3275",0.961977243423462
"2026_3268_3275",0.906246960163116
"2026_3104_3276",0.398534327745438
"2026_3113_3276",0.126095816493034
"2026_3124_3276",0.454399049282074
"2026_3155_3276",0.191646188497543
"2026_3158_3276",0.0594420991837978
"2026_3160_3276",0.186381980776787
"2026_3161_3276",0.124111019074917
"2026_3163_3276",0.8853639960289
"2026_3181_3276",0.619442820549011
"2026_3192_3276",0.0502472035586834
"2026_3193_3276",0.160203978419304
"2026_3208_3276",0.145839914679527
"2026_3211_3276",0.139981955289841
"2026_3219_3276",0.0448486879467964
"2026_3221_3276",0.0818164721131325
"2026_3224_3276",0.04510498046875
"2026_3225_3276",0.0515626557171345
"2026_3228_3276",0.357181936502457
"2026_3234_3276",0.469951719045639
"2026_3235_3276",0.344160825014114
"2026_3239_3276",0.0518140867352486
"2026_3241_3276",0.193913236260414
"2026_3246_3276",0.382862448692322
"2026_3257_3276",0.351149916648865
"2026_3261_3276",0.663479804992676
"2026_3268_3276",0.369778871536255
"2026_3275_3276",0.0519884377717972
"2026_3104_3277",0.455924719572067
"2026_3113_3277",0.185947433114052
"2026_3124_3277",0.556069135665894
"2026_3155_3277",0.250195890665054
"2026_3158_3277",0.0958771407604218
"2026_3160_3277",0.323571860790253
"2026_3161_3277",0.195508748292923
"2026_3163_3277",0.911202549934387
"2026_3181_3277",0.820372402667999
"2026_3192_3277",0.0924689844250679
"2026_3193_3277",0.247632190585136
"2026_3208_3277",0.185283035039902
"2026_3211_3277",0.248717129230499
"2026_3219_3277",0.0734784230589867
"2026_3221_3277",0.14106148481369
"2026_3224_3277",0.070491723716259
"2026_3225_3277",0.0976074114441872
"2026_3228_3277",0.340580224990845
"2026_3234_3277",0.584096670150757
"2026_3235_3277",0.335005909204483
"2026_3239_3277",0.0800438597798347
"2026_3241_3277",0.259420394897461
"2026_3246_3277",0.499240130186081
"2026_3257_3277",0.56796932220459
"2026_3261_3277",0.761855781078339
"2026_3268_3277",0.473943680524826
"2026_3275_3277",0.0994927883148193
"2026_3276_3277",0.605739057064056
"2026_3104_3278",0.485720455646515
"2026_3113_3278",0.280175149440765
"2026_3124_3278",0.535712659358978
"2026_3155_3278",0.427173525094986
"2026_3158_3278",0.108631670475006
"2026_3160_3278",0.415978789329529
"2026_3161_3278",0.283156335353851
"2026_3163_3278",0.909764647483826
"2026_3181_3278",0.776749014854431
"2026_3192_3278",0.0821680128574371
"2026_3193_3278",0.359491109848022
"2026_3208_3278",0.407269388437271
"2026_3211_3278",0.32982861995697
"2026_3219_3278",0.0764702931046486
"2026_3221_3278",0.141230791807175
"2026_3224_3278",0.105805277824402
"2026_3225_3278",0.0915279313921928
"2026_3228_3278",0.419660091400146
"2026_3234_3278",0.667204558849335
"2026_3235_3278",0.421550214290619
"2026_3239_3278",0.0833302140235901
"2026_3241_3278",0.34500440955162
"2026_3246_3278",0.567434847354889
"2026_3257_3278",0.658641576766968
"2026_3261_3278",0.866923451423645
"2026_3268_3278",0.561471998691559
"2026_3275_3278",0.121625982224941
"2026_3276_3278",0.735140562057495
"2026_3277_3278",0.571183919906616
"2026_3104_3279",0.418173670768738
"2026_3113_3279",0.11789359152317
"2026_3124_3279",0.429052501916885
"2026_3155_3279",0.167220309376717
"2026_3158_3279",0.0715450644493103
"2026_3160_3279",0.189771220088005
"2026_3161_3279",0.127310112118721
"2026_3163_3279",0.885788440704346
"2026_3181_3279",0.755246937274933
"2026_3192_3279",0.0701357051730156
"2026_3193_3279",0.219017937779427
"2026_3208_3279",0.119691602885723
"2026_3211_3279",0.185521915555
"2026_3219_3279",0.0513627007603645
"2026_3221_3279",0.0950848683714867
"2026_3224_3279",0.0526489838957787
"2026_3225_3279",0.074326291680336
"2026_3228_3279",0.247225806117058
"2026_3234_3279",0.451200813055038
"2026_3235_3279",0.260658174753189
"2026_3239_3279",0.0564147382974625
"2026_3241_3279",0.187484130263329
"2026_3246_3279",0.41423824429512
"2026_3257_3279",0.430274486541748
"2026_3261_3279",0.658561825752258
"2026_3268_3279",0.338747531175613
"2026_3275_3279",0.0753423497080803
"2026_3276_3279",0.523563742637634
"2026_3277_3279",0.458560854196548
"2026_3278_3279",0.348595559597015
"2026_3104_3283",0.902840793132782
"2026_3113_3283",0.627021372318268
"2026_3124_3283",0.929410457611084
"2026_3155_3283",0.737099170684814
"2026_3158_3283",0.65945690870285
"2026_3160_3283",0.728149473667145
"2026_3161_3283",0.645184814929962
"2026_3163_3283",0.952728986740112
"2026_3181_3283",0.953213512897491
"2026_3192_3283",0.530177891254425
"2026_3193_3283",0.807694792747498
"2026_3208_3283",0.78532737493515
"2026_3211_3283",0.686907052993774
"2026_3219_3283",0.40635558962822
"2026_3221_3283",0.521780431270599
"2026_3224_3283",0.494641304016113
"2026_3225_3283",0.433576881885529
"2026_3228_3283",0.881274521350861
"2026_3234_3283",0.914598703384399
"2026_3235_3283",0.840888202190399
"2026_3239_3283",0.341690331697464
"2026_3241_3283",0.790851235389709
"2026_3246_3283",0.930679321289062
"2026_3257_3283",0.917791843414307
"2026_3261_3283",0.954837918281555
"2026_3268_3283",0.928380846977234
"2026_3275_3283",0.416280478239059
"2026_3276_3283",0.937095999717712
"2026_3277_3283",0.924299240112305
"2026_3278_3283",0.89920848608017
"2026_3279_3283",0.946738839149475
"2026_3104_3293",0.754162549972534
"2026_3113_3293",0.564165234565735
"2026_3124_3293",0.829243242740631
"2026_3155_3293",0.585855722427368
"2026_3158_3293",0.227154061198235
"2026_3160_3293",0.63529634475708
"2026_3161_3293",0.409868001937866
"2026_3163_3293",0.934618830680847
"2026_3181_3293",0.917925596237183
"2026_3192_3293",0.236284837126732
"2026_3193_3293",0.614219129085541
"2026_3208_3293",0.527872383594513
"2026_3211_3293",0.562986433506012
"2026_3219_3293",0.167735114693642
"2026_3221_3293",0.291998594999313
"2026_3224_3293",0.183506160974503
"2026_3225_3293",0.259516656398773
"2026_3228_3293",0.730348646640778
"2026_3234_3293",0.855520188808441
"2026_3235_3293",0.729494690895081
"2026_3239_3293",0.199722081422806
"2026_3241_3293",0.563689112663269
"2026_3246_3293",0.781939089298248
"2026_3257_3293",0.848709404468536
"2026_3261_3293",0.909744739532471
"2026_3268_3293",0.788938343524933
"2026_3275_3293",0.265070348978043
"2026_3276_3293",0.853240489959717
"2026_3277_3293",0.795162737369537
"2026_3278_3293",0.671614289283752
"2026_3279_3293",0.804979145526886
"2026_3283_3293",0.256324261426926
"2026_3104_3301",0.433779925107956
"2026_3113_3301",0.121685177087784
"2026_3124_3301",0.566044867038727
"2026_3155_3301",0.201528772711754
"2026_3158_3301",0.104360155761242
"2026_3160_3301",0.176772058010101
"2026_3161_3301",0.167324647307396
"2026_3163_3301",0.819957792758942
"2026_3181_3301",0.696016609668732
"2026_3192_3301",0.0753034204244614
"2026_3193_3301",0.215140521526337
"2026_3208_3301",0.17242394387722
"2026_3211_3301",0.160147160291672
"2026_3219_3301",0.0685145556926727
"2026_3221_3301",0.112850941717625
"2026_3224_3301",0.0820657536387444
"2026_3225_3301",0.084005743265152
"2026_3228_3301",0.385260999202728
"2026_3234_3301",0.587020635604858
"2026_3235_3301",0.324506163597107
"2026_3239_3301",0.0731673091650009
"2026_3241_3301",0.225032076239586
"2026_3246_3301",0.52349579334259
"2026_3257_3301",0.440034210681915
"2026_3261_3301",0.732239663600922
"2026_3268_3301",0.553483188152313
"2026_3275_3301",0.0972148701548576
"2026_3276_3301",0.57086169719696
"2026_3277_3301",0.536092936992645
"2026_3278_3301",0.466452926397324
"2026_3279_3301",0.630803525447845
"2026_3283_3301",0.0765124335885048
"2026_3293_3301",0.174128130078316
"2026_3104_3304",0.692404389381409
"2026_3113_3304",0.347696214914322
"2026_3124_3304",0.8695307970047
"2026_3155_3304",0.562375903129578
"2026_3158_3304",0.214986935257912
"2026_3160_3304",0.526978194713593
"2026_3161_3304",0.350979298353195
"2026_3163_3304",0.918592095375061
"2026_3181_3304",0.91489040851593
"2026_3192_3304",0.202581256628036
"2026_3193_3304",0.501586556434631
"2026_3208_3304",0.424971133470535
"2026_3211_3304",0.430539697408676
"2026_3219_3304",0.136319264769554
"2026_3221_3304",0.231146886944771
"2026_3224_3304",0.155302494764328
"2026_3225_3304",0.157160148024559
"2026_3228_3304",0.659476637840271
"2026_3234_3304",0.753376126289368
"2026_3235_3304",0.611108422279358
"2026_3239_3304",0.144168198108673
"2026_3241_3304",0.438048869371414
"2026_3246_3304",0.6775963306427
"2026_3257_3304",0.738013207912445
"2026_3261_3304",0.900312900543213
"2026_3268_3304",0.660145044326782
"2026_3275_3304",0.168977871537209
"2026_3276_3304",0.782478809356689
"2026_3277_3304",0.699816763401031
"2026_3278_3304",0.631145536899567
"2026_3279_3304",0.772319793701172
"2026_3283_3304",0.210951283574104
"2026_3293_3304",0.360356867313385
"2026_3301_3304",0.7936652302742
"2026_3104_3314",0.372948855161667
"2026_3113_3314",0.119008183479309
"2026_3124_3314",0.409793198108673
"2026_3155_3314",0.161675274372101
"2026_3158_3314",0.0650234594941139
"2026_3160_3314",0.179687559604645
"2026_3161_3314",0.118703566491604
"2026_3163_3314",0.91043621301651
"2026_3181_3314",0.674555480480194
"2026_3192_3314",0.0444960966706276
"2026_3193_3314",0.206183761358261
"2026_3208_3314",0.114675775170326
"2026_3211_3314",0.144266054034233
"2026_3219_3314",0.0398984178900719
"2026_3221_3314",0.0673500001430511
"2026_3224_3314",0.0483353994786739
"2026_3225_3314",0.0540387257933617
"2026_3228_3314",0.30587762594223
"2026_3234_3314",0.543768227100372
"2026_3235_3314",0.348453193902969
"2026_3239_3314",0.0407654903829098
"2026_3241_3314",0.204728558659554
"2026_3246_3314",0.412951439619064
"2026_3257_3314",0.351677238941193
"2026_3261_3314",0.705873668193817
"2026_3268_3314",0.413326114416122
"2026_3275_3314",0.0510920286178589
"2026_3276_3314",0.577305436134338
"2026_3277_3314",0.408958286046982
"2026_3278_3314",0.333932936191559
"2026_3279_3314",0.502310931682587
"2026_3283_3314",0.0564917363226414
"2026_3293_3314",0.196591719985008
"2026_3301_3314",0.401603102684021
"2026_3304_3314",0.263362437486649
"2026_3104_3323",0.237448200583458
"2026_3113_3323",0.0965237766504288
"2026_3124_3323",0.399629831314087
"2026_3155_3323",0.124240480363369
"2026_3158_3323",0.0701649114489555
"2026_3160_3323",0.119468122720718
"2026_3161_3323",0.104709610342979
"2026_3163_3323",0.77655166387558
"2026_3181_3323",0.568581104278564
"2026_3192_3323",0.0540277361869812
"2026_3193_3323",0.201400265097618
"2026_3208_3323",0.13480319082737
"2026_3211_3323",0.117865763604641
"2026_3219_3323",0.0462974160909653
"2026_3221_3323",0.0732226669788361
"2026_3224_3323",0.0533916652202606
"2026_3225_3323",0.0651371106505394
"2026_3228_3323",0.177714765071869
"2026_3234_3323",0.419098734855652
"2026_3235_3323",0.148465678095818
"2026_3239_3323",0.0529014058411121
"2026_3241_3323",0.159065783023834
"2026_3246_3323",0.296257734298706
"2026_3257_3323",0.380727857351303
"2026_3261_3323",0.576933085918427
"2026_3268_3323",0.305152088403702
"2026_3275_3323",0.0628490447998047
"2026_3276_3323",0.41684889793396
"2026_3277_3323",0.282027572393417
"2026_3278_3323",0.354254215955734
"2026_3279_3323",0.46259281039238
"2026_3283_3323",0.0585222877562046
"2026_3293_3323",0.129094004631042
"2026_3301_3323",0.301381766796112
"2026_3304_3323",0.115794226527214
"2026_3314_3323",0.477250337600708
"2026_3104_3326",0.364041119813919
"2026_3113_3326",0.12751130759716
"2026_3124_3326",0.403271019458771
"2026_3155_3326",0.186640977859497
"2026_3158_3326",0.0533842667937279
"2026_3160_3326",0.183752343058586
"2026_3161_3326",0.105944581329823
"2026_3163_3326",0.895486831665039
"2026_3181_3326",0.570462346076965
"2026_3192_3326",0.045745100826025
"2026_3193_3326",0.183583304286003
"2026_3208_3326",0.13940441608429
"2026_3211_3326",0.137658461928368
"2026_3219_3326",0.0406138449907303
"2026_3221_3326",0.079901859164238
"2026_3224_3326",0.0402912497520447
"2026_3225_3326",0.0618677660822868
"2026_3228_3326",0.282082408666611
"2026_3234_3326",0.477338314056396
"2026_3235_3326",0.34734520316124
"2026_3239_3326",0.0473568364977837
"2026_3241_3326",0.177494496107101
"2026_3246_3326",0.375371962785721
"2026_3257_3326",0.375895857810974
"2026_3261_3326",0.612784504890442
"2026_3268_3326",0.351310223340988
"2026_3275_3326",0.0586875379085541
"2026_3276_3326",0.523727655410767
"2026_3277_3326",0.385907799005508
"2026_3278_3326",0.307940185070038
"2026_3279_3326",0.422827661037445
"2026_3283_3326",0.0595892108976841
"2026_3293_3326",0.142183840274811
"2026_3301_3326",0.385053873062134
"2026_3304_3326",0.173906430602074
"2026_3314_3326",0.472527027130127
"2026_3323_3326",0.529212176799774
"2026_3104_3328",0.275763303041458
"2026_3113_3328",0.103387795388699
"2026_3124_3328",0.332725614309311
"2026_3155_3328",0.144264370203018
"2026_3158_3328",0.0646608099341393
"2026_3160_3328",0.145113289356232
"2026_3161_3328",0.111352607607841
"2026_3163_3328",0.900481104850769
"2026_3181_3328",0.598894596099854
"2026_3192_3328",0.0446378700435162
"2026_3193_3328",0.183665245771408
"2026_3208_3328",0.101994946599007
"2026_3211_3328",0.128479659557343
"2026_3219_3328",0.0377241633832455
"2026_3221_3328",0.0709868893027306
"2026_3224_3328",0.0467138923704624
"2026_3225_3328",0.0578089728951454
"2026_3228_3328",0.175198540091515
"2026_3234_3328",0.489841878414154
"2026_3235_3328",0.23751974105835
"2026_3239_3328",0.0458624437451363
"2026_3241_3328",0.214046210050583
"2026_3246_3328",0.408636420965195
"2026_3257_3328",0.360271215438843
"2026_3261_3328",0.655269086360931
"2026_3268_3328",0.372763603925705
"2026_3275_3328",0.0550178699195385
"2026_3276_3328",0.548289716243744
"2026_3277_3328",0.384228885173798
"2026_3278_3328",0.305680751800537
"2026_3279_3328",0.457136273384094
"2026_3283_3328",0.0549260042607784
"2026_3293_3328",0.15109995007515
"2026_3301_3328",0.353053480386734
"2026_3304_3328",0.146739065647125
"2026_3314_3328",0.46253690123558
"2026_3323_3328",0.467919856309891
"2026_3326_3328",0.517616391181946
"2026_3104_3329",0.639606297016144
"2026_3113_3329",0.169116616249084
"2026_3124_3329",0.664321899414062
"2026_3155_3329",0.287616103887558
"2026_3158_3329",0.137684017419815
"2026_3160_3329",0.224092528223991
"2026_3161_3329",0.182364031672478
"2026_3163_3329",0.917600870132446
"2026_3181_3329",0.83004093170166
"2026_3192_3329",0.115202307701111
"2026_3193_3329",0.293395102024078
"2026_3208_3329",0.264975994825363
"2026_3211_3329",0.234467938542366
"2026_3219_3329",0.0847083181142807
"2026_3221_3329",0.152321517467499
"2026_3224_3329",0.0957783758640289
"2026_3225_3329",0.101729318499565
"2026_3228_3329",0.431774348020554
"2026_3234_3329",0.537149429321289
"2026_3235_3329",0.447102069854736
"2026_3239_3329",0.101546309888363
"2026_3241_3329",0.310160428285599
"2026_3246_3329",0.591107845306396
"2026_3257_3329",0.524548590183258
"2026_3261_3329",0.725448071956635
"2026_3268_3329",0.56713479757309
"2026_3275_3329",0.109691619873047
"2026_3276_3329",0.597700119018555
"2026_3277_3329",0.648992538452148
"2026_3278_3329",0.51952064037323
"2026_3279_3329",0.679352998733521
"2026_3283_3329",0.120598971843719
"2026_3293_3329",0.298842132091522
"2026_3301_3329",0.599943280220032
"2026_3304_3329",0.318545252084732
"2026_3314_3329",0.633919656276703
"2026_3323_3329",0.773738026618958
"2026_3326_3329",0.664604544639587
"2026_3328_3329",0.703964591026306
"2026_3104_3332",0.668072402477264
"2026_3113_3332",0.217940986156464
"2026_3124_3332",0.874968647956848
"2026_3155_3332",0.414756208658218
"2026_3158_3332",0.21864478290081
"2026_3160_3332",0.372582942247391
"2026_3161_3332",0.310037314891815
"2026_3163_3332",0.917458951473236
"2026_3181_3332",0.914684057235718
"2026_3192_3332",0.184492543339729
"2026_3193_3332",0.377311289310455
"2026_3208_3332",0.379709243774414
"2026_3211_3332",0.333518654108047
"2026_3219_3332",0.151013791561127
"2026_3221_3332",0.211972624063492
"2026_3224_3332",0.218133106827736
"2026_3225_3332",0.159737035632133
"2026_3228_3332",0.543210327625275
"2026_3234_3332",0.639198243618011
"2026_3235_3332",0.479647547006607
"2026_3239_3332",0.144712552428246
"2026_3241_3332",0.353198647499084
"2026_3246_3332",0.64087325334549
"2026_3257_3332",0.65361475944519
"2026_3261_3332",0.899162769317627
"2026_3268_3332",0.676314830780029
"2026_3275_3332",0.176277190446854
"2026_3276_3332",0.809429824352264
"2026_3277_3332",0.661670863628387
"2026_3278_3332",0.575438261032104
"2026_3279_3332",0.827273845672607
"2026_3283_3332",0.182148590683937
"2026_3293_3332",0.316317766904831
"2026_3301_3332",0.698445081710815
"2026_3304_3332",0.347229957580566
"2026_3314_3332",0.85222589969635
"2026_3323_3332",0.882331311702728
"2026_3326_3332",0.848608016967773
"2026_3328_3332",0.874937176704407
"2026_3329_3332",0.705869913101196
"2026_3104_3343",0.709918439388275
"2026_3113_3343",0.331307411193848
"2026_3124_3343",0.843734562397003
"2026_3155_3343",0.525663793087006
"2026_3158_3343",0.265638202428818
"2026_3160_3343",0.504173398017883
"2026_3161_3343",0.345910280942917
"2026_3163_3343",0.919815540313721
"2026_3181_3343",0.866661548614502
"2026_3192_3343",0.256733775138855
"2026_3193_3343",0.408648490905762
"2026_3208_3343",0.477533847093582
"2026_3211_3343",0.378862977027893
"2026_3219_3343",0.174180582165718
"2026_3221_3343",0.300531089305878
"2026_3224_3343",0.209379315376282
"2026_3225_3343",0.202294543385506
"2026_3228_3343",0.674619197845459
"2026_3234_3343",0.724745810031891
"2026_3235_3343",0.61263245344162
"2026_3239_3343",0.209558233618736
"2026_3241_3343",0.376277327537537
"2026_3246_3343",0.68692022562027
"2026_3257_3343",0.689341247081757
"2026_3261_3343",0.867152273654938
"2026_3268_3343",0.685952186584473
"2026_3275_3343",0.21063894033432
"2026_3276_3343",0.740286946296692
"2026_3277_3343",0.716778516769409
"2026_3278_3343",0.60196715593338
"2026_3279_3343",0.78572005033493
"2026_3283_3343",0.276823222637177
"2026_3293_3343",0.332491725683212
"2026_3301_3343",0.805041551589966
"2026_3304_3343",0.434747695922852
"2026_3314_3343",0.733095645904541
"2026_3323_3343",0.890341103076935
"2026_3326_3343",0.77446436882019
"2026_3328_3343",0.800590813159943
"2026_3329_3343",0.594887137413025
"2026_3332_3343",0.577506840229034
"2026_3104_3348",0.800870597362518
"2026_3113_3348",0.470017552375793
"2026_3124_3348",0.861535549163818
"2026_3155_3348",0.627725064754486
"2026_3158_3348",0.314324885606766
"2026_3160_3348",0.586397111415863
"2026_3161_3348",0.430814057588577
"2026_3163_3348",0.905826687812805
"2026_3181_3348",0.905505776405334
"2026_3192_3348",0.321524918079376
"2026_3193_3348",0.683649301528931
"2026_3208_3348",0.558572173118591
"2026_3211_3348",0.457361340522766
"2026_3219_3348",0.238089144229889
"2026_3221_3348",0.278405547142029
"2026_3224_3348",0.268073081970215
"2026_3225_3348",0.238208100199699
"2026_3228_3348",0.703713119029999
"2026_3234_3348",0.7731693983078
"2026_3235_3348",0.652688086032867
"2026_3239_3348",0.229106873273849
"2026_3241_3348",0.499483346939087
"2026_3246_3348",0.783789753913879
"2026_3257_3348",0.791630387306213
"2026_3261_3348",0.903101861476898
"2026_3268_3348",0.746418952941895
"2026_3275_3348",0.287136256694794
"2026_3276_3348",0.868677198886871
"2026_3277_3348",0.772406578063965
"2026_3278_3348",0.642084181308746
"2026_3279_3348",0.858875691890717
"2026_3283_3348",0.352339863777161
"2026_3293_3348",0.489515751600266
"2026_3301_3348",0.811583817005157
"2026_3304_3348",0.555440783500671
"2026_3314_3348",0.861769676208496
"2026_3323_3348",0.877618014812469
"2026_3326_3348",0.860256910324097
"2026_3328_3348",0.867400884628296
"2026_3329_3348",0.80774199962616
"2026_3332_3348",0.673176348209381
"2026_3343_3348",0.636382281780243
"2026_3104_3350",0.671092987060547
"2026_3113_3350",0.307650923728943
"2026_3124_3350",0.683887958526611
"2026_3155_3350",0.479176074266434
"2026_3158_3350",0.165869817137718
"2026_3160_3350",0.409631311893463
"2026_3161_3350",0.277316838502884
"2026_3163_3350",0.917830586433411
"2026_3181_3350",0.861729621887207
"2026_3192_3350",0.142236396670341
"2026_3193_3350",0.422272473573685
"2026_3208_3350",0.391368269920349
"2026_3211_3350",0.331763863563538
"2026_3219_3350",0.113210737705231
"2026_3221_3350",0.209041848778725
"2026_3224_3350",0.116060093045235
"2026_3225_3350",0.134452924132347
"2026_3228_3350",0.623308479785919
"2026_3234_3350",0.745577991008759
"2026_3235_3350",0.605735659599304
"2026_3239_3350",0.123822338879108
"2026_3241_3350",0.379770427942276
"2026_3246_3350",0.645279824733734
"2026_3257_3350",0.700386464595795
"2026_3261_3350",0.833404362201691
"2026_3268_3350",0.629957854747772
"2026_3275_3350",0.139572262763977
"2026_3276_3350",0.778386533260345
"2026_3277_3350",0.672408699989319
"2026_3278_3350",0.567568361759186
"2026_3279_3350",0.702582895755768
"2026_3283_3350",0.17879156768322
"2026_3293_3350",0.351457566022873
"2026_3301_3350",0.696743428707123
"2026_3304_3350",0.417331844568253
"2026_3314_3350",0.733217000961304
"2026_3323_3350",0.787926375865936
"2026_3326_3350",0.758732199668884
"2026_3328_3350",0.764129817485809
"2026_3329_3350",0.611529290676117
"2026_3332_3350",0.504773855209351
"2026_3343_3350",0.532595813274384
"2026_3348_3350",0.328648120164871
"2026_3104_3355",0.686734139919281
"2026_3113_3355",0.388996988534927
"2026_3124_3355",0.733759462833405
"2026_3155_3355",0.52717661857605
"2026_3158_3355",0.161656782031059
"2026_3160_3355",0.459684908390045
"2026_3161_3355",0.314227074384689
"2026_3163_3355",0.910774350166321
"2026_3181_3355",0.855154991149902
"2026_3192_3355",0.150231540203094
"2026_3193_3355",0.495782613754272
"2026_3208_3355",0.447835147380829
"2026_3211_3355",0.359026908874512
"2026_3219_3355",0.128797024488449
"2026_3221_3355",0.232570558786392
"2026_3224_3355",0.146488919854164
"2026_3225_3355",0.148338064551353
"2026_3228_3355",0.651480078697205
"2026_3234_3355",0.796045243740082
"2026_3235_3355",0.668992698192596
"2026_3239_3355",0.150620028376579
"2026_3241_3355",0.446938335895538
"2026_3246_3355",0.682765126228333
"2026_3257_3355",0.735714137554169
"2026_3261_3355",0.855604350566864
"2026_3268_3355",0.698107779026031
"2026_3275_3355",0.151911079883575
"2026_3276_3355",0.802687168121338
"2026_3277_3355",0.695627272129059
"2026_3278_3355",0.588324666023254
"2026_3279_3355",0.71671450138092
"2026_3283_3355",0.17711478471756
"2026_3293_3355",0.358830153942108
"2026_3301_3355",0.771565616130829
"2026_3304_3355",0.481853842735291
"2026_3314_3355",0.785309910774231
"2026_3323_3355",0.836004495620728
"2026_3326_3355",0.792122781276703
"2026_3328_3355",0.784167766571045
"2026_3329_3355",0.622439086437225
"2026_3332_3355",0.561897993087769
"2026_3343_3355",0.520563125610352
"2026_3348_3355",0.35847732424736
"2026_3350_3355",0.562142252922058
"2026_3104_3359",0.913509488105774
"2026_3113_3359",0.670624732971191
"2026_3124_3359",0.937601923942566
"2026_3155_3359",0.83540004491806
"2026_3158_3359",0.800640642642975
"2026_3160_3359",0.777834415435791
"2026_3161_3359",0.696404159069061
"2026_3163_3359",0.947734773159027
"2026_3181_3359",0.955452680587769
"2026_3192_3359",0.678559958934784
"2026_3193_3359",0.855563163757324
"2026_3208_3359",0.839978158473969
"2026_3211_3359",0.744644939899445
"2026_3219_3359",0.627374291419983
"2026_3221_3359",0.675925612449646
"2026_3224_3359",0.708652973175049
"2026_3225_3359",0.50473564863205
"2026_3228_3359",0.886728882789612
"2026_3234_3359",0.92284893989563
"2026_3235_3359",0.833416402339935
"2026_3239_3359",0.461997658014297
"2026_3241_3359",0.833710372447968
"2026_3246_3359",0.929740190505981
"2026_3257_3359",0.939137399196625
"2026_3261_3359",0.954021692276001
"2026_3268_3359",0.938671290874481
"2026_3275_3359",0.677653312683105
"2026_3276_3359",0.948853492736816
"2026_3277_3359",0.922702610492706
"2026_3278_3359",0.905294060707092
"2026_3279_3359",0.950501263141632
"2026_3283_3359",0.653821289539337
"2026_3293_3359",0.78491336107254
"2026_3301_3359",0.928245842456818
"2026_3304_3359",0.823641955852509
"2026_3314_3359",0.9547278881073
"2026_3323_3359",0.939404487609863
"2026_3326_3359",0.94467294216156
"2026_3328_3359",0.948888957500458
"2026_3329_3359",0.895832896232605
"2026_3332_3359",0.876301467418671
"2026_3343_3359",0.792726635932922
"2026_3348_3359",0.774198055267334
"2026_3350_3359",0.874972462654114
"2026_3355_3359",0.826450645923615
"2026_3104_3372",0.919276535511017
"2026_3113_3372",0.657992541790009
"2026_3124_3372",0.937684178352356
"2026_3155_3372",0.726157307624817
"2026_3158_3372",0.654275357723236
"2026_3160_3372",0.716833651065826
"2026_3161_3372",0.62858110666275
"2026_3163_3372",0.958261549472809
"2026_3181_3372",0.958804547786713
"2026_3192_3372",0.535998344421387
"2026_3193_3372",0.772703409194946
"2026_3208_3372",0.742586135864258
"2026_3211_3372",0.686469554901123
"2026_3219_3372",0.373667985200882
"2026_3221_3372",0.544067740440369
"2026_3224_3372",0.491043567657471
"2026_3225_3372",0.478960812091827
"2026_3228_3372",0.895099759101868
"2026_3234_3372",0.931112468242645
"2026_3235_3372",0.870703816413879
"2026_3239_3372",0.414706140756607
"2026_3241_3372",0.7572380900383
"2026_3246_3372",0.932822704315186
"2026_3257_3372",0.922416627407074
"2026_3261_3372",0.952050149440765
"2026_3268_3372",0.938039720058441
"2026_3275_3372",0.459355056285858
"2026_3276_3372",0.934501945972443
"2026_3277_3372",0.934173882007599
"2026_3278_3372",0.87894195318222
"2026_3279_3372",0.93992954492569
"2026_3283_3372",0.481157749891281
"2026_3293_3372",0.724369883537292
"2026_3301_3372",0.93159544467926
"2026_3304_3372",0.80879819393158
"2026_3314_3372",0.947177052497864
"2026_3323_3372",0.951155424118042
"2026_3326_3372",0.938825130462646
"2026_3328_3372",0.946107685565948
"2026_3329_3372",0.864465832710266
"2026_3332_3372",0.83986496925354
"2026_3343_3372",0.769121468067169
"2026_3348_3372",0.613331139087677
"2026_3350_3372",0.82367217540741
"2026_3355_3372",0.794557869434357
"2026_3359_3372",0.384040385484695
"2026_3104_3376",0.0860548764467239
"2026_3113_3376",0.0555470027029514
"2026_3124_3376",0.162747159600258
"2026_3155_3376",0.0750884935259819
"2026_3158_3376",0.0409193448722363
"2026_3160_3376",0.0648828074336052
"2026_3161_3376",0.0498725473880768
"2026_3163_3376",0.633323013782501
"2026_3181_3376",0.196836650371552
"2026_3192_3376",0.0372363962233067
"2026_3193_3376",0.0860069543123245
"2026_3208_3376",0.0642459094524384
"2026_3211_3376",0.0552111156284809
"2026_3219_3376",0.0323854573071003
"2026_3221_3376",0.0509296730160713
"2026_3224_3376",0.0320695787668228
"2026_3225_3376",0.0362670905888081
"2026_3228_3376",0.0831432566046715
"2026_3234_3376",0.112664334475994
"2026_3235_3376",0.0818477123975754
"2026_3239_3376",0.0368991866707802
"2026_3241_3376",0.0485096238553524
"2026_3246_3376",0.0941382721066475
"2026_3257_3376",0.07175462692976
"2026_3261_3376",0.240007728338242
"2026_3268_3376",0.0774424523115158
"2026_3275_3376",0.0334035791456699
"2026_3276_3376",0.115650855004787
"2026_3277_3376",0.103443957865238
"2026_3278_3376",0.0856284573674202
"2026_3279_3376",0.175122991204262
"2026_3283_3376",0.0393599979579449
"2026_3293_3376",0.0594791099429131
"2026_3301_3376",0.118529796600342
"2026_3304_3376",0.0599199421703815
"2026_3314_3376",0.0984033420681953
"2026_3323_3376",0.204790562391281
"2026_3326_3376",0.110150426626205
"2026_3328_3376",0.113824836909771
"2026_3329_3376",0.103040620684624
"2026_3332_3376",0.0671969875693321
"2026_3343_3376",0.0732894390821457
"2026_3348_3376",0.072235107421875
"2026_3350_3376",0.0736638084053993
"2026_3355_3376",0.0775535851716995
"2026_3359_3376",0.0400474406778812
"2026_3372_3376",0.03456000238657
"2026_3104_3380",0.934664070606232
"2026_3113_3380",0.678382396697998
"2026_3124_3380",0.948713481426239
"2026_3155_3380",0.771096527576447
"2026_3158_3380",0.734931826591492
"2026_3160_3380",0.72423380613327
"2026_3161_3380",0.612737119197845
"2026_3163_3380",0.958213925361633
"2026_3181_3380",0.963477373123169
"2026_3192_3380",0.60575544834137
"2026_3193_3380",0.87039041519165
"2026_3208_3380",0.802281558513641
"2026_3211_3380",0.70722097158432
"2026_3219_3380",0.509989857673645
"2026_3221_3380",0.599582195281982
"2026_3224_3380",0.611356019973755
"2026_3225_3380",0.531577408313751
"2026_3228_3380",0.906818807125092
"2026_3234_3380",0.939817190170288
"2026_3235_3380",0.871940195560455
"2026_3239_3380",0.435205698013306
"2026_3241_3380",0.852995455265045
"2026_3246_3380",0.947331786155701
"2026_3257_3380",0.93550032377243
"2026_3261_3380",0.962963163852692
"2026_3268_3380",0.954544305801392
"2026_3275_3380",0.583106279373169
"2026_3276_3380",0.957092225551605
"2026_3277_3380",0.942920982837677
"2026_3278_3380",0.892985284328461
"2026_3279_3380",0.957204163074493
"2026_3283_3380",0.599991798400879
"2026_3293_3380",0.840939104557037
"2026_3301_3380",0.942806661128998
"2026_3304_3380",0.847800850868225
"2026_3314_3380",0.962248921394348
"2026_3323_3380",0.949769675731659
"2026_3326_3380",0.957122683525085
"2026_3328_3380",0.9601731300354
"2026_3329_3380",0.918930947780609
"2026_3332_3380",0.848526120185852
"2026_3343_3380",0.818795144557953
"2026_3348_3380",0.693698883056641
"2026_3350_3380",0.896726012229919
"2026_3355_3380",0.855662524700165
"2026_3359_3380",0.368724256753922
"2026_3372_3380",0.644780158996582
"2026_3376_3380",0.965888798236847
"2026_3104_3393",0.835066080093384
"2026_3113_3393",0.39606186747551
"2026_3124_3393",0.889814019203186
"2026_3155_3393",0.580358862876892
"2026_3158_3393",0.260140776634216
"2026_3160_3393",0.494980812072754
"2026_3161_3393",0.327742099761963
"2026_3163_3393",0.925553917884827
"2026_3181_3393",0.925647675991058
"2026_3192_3393",0.237602949142456
"2026_3193_3393",0.470114469528198
"2026_3208_3393",0.520055532455444
"2026_3211_3393",0.411002516746521
"2026_3219_3393",0.188284114003181
"2026_3221_3393",0.239784151315689
"2026_3224_3393",0.205924928188324
"2026_3225_3393",0.186599776148796
"2026_3228_3393",0.776309847831726
"2026_3234_3393",0.828114986419678
"2026_3235_3393",0.711507380008698
"2026_3239_3393",0.180945560336113
"2026_3241_3393",0.480497717857361
"2026_3246_3393",0.828837811946869
"2026_3257_3393",0.787289679050446
"2026_3261_3393",0.920112311840057
"2026_3268_3393",0.852845251560211
"2026_3275_3393",0.217898786067963
"2026_3276_3393",0.867841243743896
"2026_3277_3393",0.829964399337769
"2026_3278_3393",0.593362033367157
"2026_3279_3393",0.888720333576202
"2026_3283_3393",0.280508607625961
"2026_3293_3393",0.408843636512756
"2026_3301_3393",0.872368633747101
"2026_3304_3393",0.534813404083252
"2026_3314_3393",0.88652890920639
"2026_3323_3393",0.906634449958801
"2026_3326_3393",0.876596987247467
"2026_3328_3393",0.892963230609894
"2026_3329_3393",0.782613456249237
"2026_3332_3393",0.674479246139526
"2026_3343_3393",0.569577038288116
"2026_3348_3393",0.323898077011108
"2026_3350_3393",0.565342485904694
"2026_3355_3393",0.480551987886429
"2026_3359_3393",0.188245043158531
"2026_3372_3393",0.271826058626175
"2026_3376_3393",0.942988753318787
"2026_3380_3393",0.191720068454742
"2026_3104_3395",0.18807153403759
"2026_3113_3395",0.0817102938890457
"2026_3124_3395",0.313131660223007
"2026_3155_3395",0.103328563272953
"2026_3158_3395",0.0524754077196121
"2026_3160_3395",0.100944966077805
"2026_3161_3395",0.0718204900622368
"2026_3163_3395",0.798809885978699
"2026_3181_3395",0.467138290405273
"2026_3192_3395",0.040948037058115
"2026_3193_3395",0.130822524428368
"2026_3208_3395",0.0809071883559227
"2026_3211_3395",0.0792242363095284
"2026_3219_3395",0.0333987437188625
"2026_3221_3395",0.0585164949297905
"2026_3224_3395",0.0337759181857109
"2026_3225_3395",0.0461306609213352
"2026_3228_3395",0.120259992778301
"2026_3234_3395",0.234467834234238
"2026_3235_3395",0.130565404891968
"2026_3239_3395",0.0393204502761364
"2026_3241_3395",0.0779462084174156
"2026_3246_3395",0.15653894841671
"2026_3257_3395",0.16807647049427
"2026_3261_3395",0.482487678527832
"2026_3268_3395",0.114132709801197
"2026_3275_3395",0.044085405766964
"2026_3276_3395",0.235860258340836
"2026_3277_3395",0.203864023089409
"2026_3278_3395",0.163385137915611
"2026_3279_3395",0.250481128692627
"2026_3283_3395",0.045930840075016
"2026_3293_3395",0.10155476629734
"2026_3301_3395",0.248669624328613
"2026_3304_3395",0.0868991017341614
"2026_3314_3395",0.201132476329803
"2026_3323_3395",0.36470964550972
"2026_3326_3395",0.370515674352646
"2026_3328_3395",0.392537713050842
"2026_3329_3395",0.192171782255173
"2026_3332_3395",0.0959078520536423
"2026_3343_3395",0.107787095010281
"2026_3348_3395",0.102432303130627
"2026_3350_3395",0.15411551296711
"2026_3355_3395",0.188496962189674
"2026_3359_3395",0.0452603958547115
"2026_3372_3395",0.0403372161090374
"2026_3376_3395",0.721744120121002
"2026_3380_3395",0.0363993607461452
"2026_3393_3395",0.07863899320364
"2026_3104_3397",0.57697457075119
"2026_3113_3397",0.213513523340225
"2026_3124_3397",0.685494303703308
"2026_3155_3397",0.38461971282959
"2026_3158_3397",0.156534731388092
"2026_3160_3397",0.3498874604702
"2026_3161_3397",0.176231309771538
"2026_3163_3397",0.896897971630096
"2026_3181_3397",0.820093750953674
"2026_3192_3397",0.1600092202425
"2026_3193_3397",0.325930625200272
"2026_3208_3397",0.332212030887604
"2026_3211_3397",0.224077731370926
"2026_3219_3397",0.102260179817677
"2026_3221_3397",0.158010184764862
"2026_3224_3397",0.101641982793808
"2026_3225_3397",0.107097312808037
"2026_3228_3397",0.485107660293579
"2026_3234_3397",0.594168126583099
"2026_3235_3397",0.496610403060913
"2026_3239_3397",0.100876674056053
"2026_3241_3397",0.247164815664291
"2026_3246_3397",0.519390285015106
"2026_3257_3397",0.585161328315735
"2026_3261_3397",0.755623638629913
"2026_3268_3397",0.497179299592972
"2026_3275_3397",0.115768581628799
"2026_3276_3397",0.645444869995117
"2026_3277_3397",0.571289777755737
"2026_3278_3397",0.455002993345261
"2026_3279_3397",0.605132102966309
"2026_3283_3397",0.160650655627251
"2026_3293_3397",0.211440593004227
"2026_3301_3397",0.699137806892395
"2026_3304_3397",0.332403033971786
"2026_3314_3397",0.570113956928253
"2026_3323_3397",0.780130445957184
"2026_3326_3397",0.662545680999756
"2026_3328_3397",0.685816705226898
"2026_3329_3397",0.513222336769104
"2026_3332_3397",0.491985976696014
"2026_3343_3397",0.38596898317337
"2026_3348_3397",0.221430838108063
"2026_3350_3397",0.378887534141541
"2026_3355_3397",0.380967229604721
"2026_3359_3397",0.106386825442314
"2026_3372_3397",0.135114327073097
"2026_3376_3397",0.881059110164642
"2026_3380_3397",0.0981002300977707
"2026_3393_3397",0.2701675593853
"2026_3395_3397",0.808143556118011
"2026_3104_3400",0.0929104313254356
"2026_3113_3400",0.0623783022165298
"2026_3124_3400",0.202314302325249
"2026_3155_3400",0.0877096131443977
"2026_3158_3400",0.0448789522051811
"2026_3160_3400",0.0797558650374413
"2026_3161_3400",0.0535942949354649
"2026_3163_3400",0.634494245052338
"2026_3181_3400",0.221478283405304
"2026_3192_3400",0.0402672961354256
"2026_3193_3400",0.0920632854104042
"2026_3208_3400",0.0755176469683647
"2026_3211_3400",0.0620379745960236
"2026_3219_3400",0.0350700356066227
"2026_3221_3400",0.0562859587371349
"2026_3224_3400",0.035132672637701
"2026_3225_3400",0.0397516898810863
"2026_3228_3400",0.0958754867315292
"2026_3234_3400",0.14393524825573
"2026_3235_3400",0.0963578224182129
"2026_3239_3400",0.0382299870252609
"2026_3241_3400",0.0520160458981991
"2026_3246_3400",0.105712361633778
"2026_3257_3400",0.0874055847525597
"2026_3261_3400",0.276787936687469
"2026_3268_3400",0.0884740278124809
"2026_3275_3400",0.0386449471116066
"2026_3276_3400",0.141122341156006
"2026_3277_3400",0.111227370798588
"2026_3278_3400",0.100957818329334
"2026_3279_3400",0.194978386163712
"2026_3283_3400",0.0463077239692211
"2026_3293_3400",0.0632070973515511
"2026_3301_3400",0.138018235564232
"2026_3304_3400",0.0698137953877449
"2026_3314_3400",0.110572449862957
"2026_3323_3400",0.253726541996002
"2026_3326_3400",0.127260640263557
"2026_3328_3400",0.126728504896164
"2026_3329_3400",0.116154946386814
"2026_3332_3400",0.0770320370793343
"2026_3343_3400",0.081195667386055
"2026_3348_3400",0.081463061273098
"2026_3350_3400",0.0808941200375557
"2026_3355_3400",0.0876329690217972
"2026_3359_3400",0.0422781519591808
"2026_3372_3400",0.0385809242725372
"2026_3376_3400",0.543909728527069
"2026_3380_3400",0.0373980179429054
"2026_3393_3400",0.0660593211650848
"2026_3395_3400",0.299681454896927
"2026_3397_3400",0.121885068714619
"2026_3104_3403",0.772549688816071
"2026_3113_3403",0.330879390239716
"2026_3124_3403",0.859213352203369
"2026_3155_3403",0.525519609451294
"2026_3158_3403",0.29201328754425
"2026_3160_3403",0.513619184494019
"2026_3161_3403",0.422297686338425
"2026_3163_3403",0.924355566501617
"2026_3181_3403",0.922455251216888
"2026_3192_3403",0.248639047145844
"2026_3193_3403",0.523398458957672
"2026_3208_3403",0.519105195999146
"2026_3211_3403",0.449060589075089
"2026_3219_3403",0.219880223274231
"2026_3221_3403",0.238435581326485
"2026_3224_3403",0.263813763856888
"2026_3225_3403",0.238727957010269
"2026_3228_3403",0.668866276741028
"2026_3234_3403",0.805914759635925
"2026_3235_3403",0.622180461883545
"2026_3239_3403",0.200861498713493
"2026_3241_3403",0.533126056194305
"2026_3246_3403",0.81609320640564
"2026_3257_3403",0.748571753501892
"2026_3261_3403",0.906878709793091
"2026_3268_3403",0.83403491973877
"2026_3275_3403",0.325557023286819
"2026_3276_3403",0.847159743309021
"2026_3277_3403",0.808895766735077
"2026_3278_3403",0.631824135780334
"2026_3279_3403",0.89060515165329
"2026_3283_3403",0.28358456492424
"2026_3293_3403",0.468882083892822
"2026_3301_3403",0.811493754386902
"2026_3304_3403",0.529271900653839
"2026_3314_3403",0.881514668464661
"2026_3323_3403",0.867718517780304
"2026_3326_3403",0.867409706115723
"2026_3328_3403",0.887603759765625
"2026_3329_3403",0.705582916736603
"2026_3332_3403",0.618242502212524
"2026_3343_3403",0.49375307559967
"2026_3348_3403",0.402638494968414
"2026_3350_3403",0.621093690395355
"2026_3355_3403",0.537950336933136
"2026_3359_3403",0.1495081782341
"2026_3372_3403",0.277717888355255
"2026_3376_3403",0.931490421295166
"2026_3380_3403",0.219129249453545
"2026_3393_3403",0.456718653440475
"2026_3395_3403",0.918901324272156
"2026_3397_3403",0.649955630302429
"2026_3400_3403",0.927746832370758
"2026_3104_3417",0.143124312162399
"2026_3113_3417",0.066976472735405
"2026_3124_3417",0.189353570342064
"2026_3155_3417",0.0873108208179474
"2026_3158_3417",0.0471309125423431
"2026_3160_3417",0.077558808028698
"2026_3161_3417",0.0575674064457417
"2026_3163_3417",0.740083754062653
"2026_3181_3417",0.277570962905884
"2026_3192_3417",0.0398248620331287
"2026_3193_3417",0.0920289978384972
"2026_3208_3417",0.0733451321721077
"2026_3211_3417",0.0632627010345459
"2026_3219_3417",0.0347384810447693
"2026_3221_3417",0.0605450533330441
"2026_3224_3417",0.0345740541815758
"2026_3225_3417",0.0408004000782967
"2026_3228_3417",0.0970239117741585
"2026_3234_3417",0.137658596038818
"2026_3235_3417",0.0978135466575623
"2026_3239_3417",0.0411765091121197
"2026_3241_3417",0.0569431148469448
"2026_3246_3417",0.105952188372612
"2026_3257_3417",0.0851157158613205
"2026_3261_3417",0.278389453887939
"2026_3268_3417",0.0862759277224541
"2026_3275_3417",0.0377774871885777
"2026_3276_3417",0.133818924427032
"2026_3277_3417",0.159581437706947
"2026_3278_3417",0.100087575614452
"2026_3279_3417",0.193364202976227
"2026_3283_3417",0.0458123497664928
"2026_3293_3417",0.072637252509594
"2026_3301_3417",0.148559123277664
"2026_3304_3417",0.0709356367588043
"2026_3314_3417",0.110909231007099
"2026_3323_3417",0.257223099470139
"2026_3326_3417",0.177187561988831
"2026_3328_3417",0.18007518351078
"2026_3329_3417",0.134430229663849
"2026_3332_3417",0.0802564099431038
"2026_3343_3417",0.0861455276608467
"2026_3348_3417",0.0845834091305733
"2026_3350_3417",0.105997733771801
"2026_3355_3417",0.0990903899073601
"2026_3359_3417",0.0455829761922359
"2026_3372_3417",0.0377435721457005
"2026_3376_3417",0.540166914463043
"2026_3380_3417",0.0365219116210938
"2026_3393_3417",0.0669365450739861
"2026_3395_3417",0.29511970281601
"2026_3397_3417",0.137284904718399
"2026_3400_3417",0.498992681503296
"2026_3403_3417",0.0787689834833145
"2026_3104_3425",0.464316427707672
"2026_3113_3425",0.156689837574959
"2026_3124_3425",0.526981770992279
"2026_3155_3425",0.280939638614655
"2026_3158_3425",0.0999995395541191
"2026_3160_3425",0.194033399224281
"2026_3161_3425",0.120234288275242
"2026_3163_3425",0.832716763019562
"2026_3181_3425",0.629707217216492
"2026_3192_3425",0.0848375111818314
"2026_3193_3425",0.161522194743156
"2026_3208_3425",0.33027857542038
"2026_3211_3425",0.136110723018646
"2026_3219_3425",0.0731798261404037
"2026_3221_3425",0.112553611397743
"2026_3224_3425",0.0750717446208
"2026_3225_3425",0.0815694332122803
"2026_3228_3425",0.406813353300095
"2026_3234_3425",0.475371241569519
"2026_3235_3425",0.292689591646194
"2026_3239_3425",0.0831480026245117
"2026_3241_3425",0.12125201523304
"2026_3246_3425",0.40891706943512
"2026_3257_3425",0.39646452665329
"2026_3261_3425",0.668400704860687
"2026_3268_3425",0.38196650147438
"2026_3275_3425",0.0857609733939171
"2026_3276_3425",0.492631494998932
"2026_3277_3425",0.480007708072662
"2026_3278_3425",0.392943561077118
"2026_3279_3425",0.540820300579071
"2026_3283_3425",0.0847728401422501
"2026_3293_3425",0.137371242046356
"2026_3301_3425",0.508881628513336
"2026_3304_3425",0.129255920648575
"2026_3314_3425",0.469125986099243
"2026_3323_3425",0.646804511547089
"2026_3326_3425",0.502274394035339
"2026_3328_3425",0.547517538070679
"2026_3329_3425",0.362883627414703
"2026_3332_3425",0.271329671144485
"2026_3343_3425",0.227692693471909
"2026_3348_3425",0.130142286419868
"2026_3350_3425",0.172393426299095
"2026_3355_3425",0.162752583622932
"2026_3359_3425",0.0820743069052696
"2026_3372_3425",0.0695139914751053
"2026_3376_3425",0.800760388374329
"2026_3380_3425",0.0713257640600204
"2026_3393_3425",0.200917407870293
"2026_3395_3425",0.673270463943481
"2026_3397_3425",0.361674010753632
"2026_3400_3425",0.792620182037354
"2026_3403_3425",0.319963425397873
"2026_3417_3425",0.796759247779846
"2026_3104_3427",0.912525534629822
"2026_3113_3427",0.570108294487
"2026_3124_3427",0.939390420913696
"2026_3155_3427",0.70523738861084
"2026_3158_3427",0.592501699924469
"2026_3160_3427",0.643490135669708
"2026_3161_3427",0.554149389266968
"2026_3163_3427",0.958314538002014
"2026_3181_3427",0.956011593341827
"2026_3192_3427",0.482903093099594
"2026_3193_3427",0.747741997241974
"2026_3208_3427",0.700426876544952
"2026_3211_3427",0.623298108577728
"2026_3219_3427",0.317504435777664
"2026_3221_3427",0.457419753074646
"2026_3224_3427",0.428187072277069
"2026_3225_3427",0.41887304186821
"2026_3228_3427",0.883205950260162
"2026_3234_3427",0.921651542186737
"2026_3235_3427",0.84674209356308
"2026_3239_3427",0.319952607154846
"2026_3241_3427",0.709933161735535
"2026_3246_3427",0.927410185337067
"2026_3257_3427",0.915454208850861
"2026_3261_3427",0.949563026428223
"2026_3268_3427",0.930840313434601
"2026_3275_3427",0.409391701221466
"2026_3276_3427",0.92840451002121
"2026_3277_3427",0.929402470588684
"2026_3278_3427",0.865712404251099
"2026_3279_3427",0.939273774623871
"2026_3283_3427",0.471550077199936
"2026_3293_3427",0.695909917354584
"2026_3301_3427",0.923079013824463
"2026_3304_3427",0.769134402275085
"2026_3314_3427",0.939882695674896
"2026_3323_3427",0.947077572345734
"2026_3326_3427",0.934125006198883
"2026_3328_3427",0.942686915397644
"2026_3329_3427",0.847163021564484
"2026_3332_3427",0.822516679763794
"2026_3343_3427",0.74212658405304
"2026_3348_3427",0.579520404338837
"2026_3350_3427",0.792129516601562
"2026_3355_3427",0.731403231620789
"2026_3359_3427",0.296156734228134
"2026_3372_3427",0.42121410369873
"2026_3376_3427",0.96531069278717
"2026_3380_3427",0.269095540046692
"2026_3393_3427",0.688415586948395
"2026_3395_3427",0.956365406513214
"2026_3397_3427",0.851399004459381
"2026_3400_3427",0.963492393493652
"2026_3403_3427",0.69091671705246
"2026_3417_3427",0.963913679122925
"2026_3425_3427",0.932193398475647
"2026_3104_3435",0.376825511455536
"2026_3113_3435",0.130239769816399
"2026_3124_3435",0.499213635921478
"2026_3155_3435",0.225533783435822
"2026_3158_3435",0.0765250697731972
"2026_3160_3435",0.260621458292007
"2026_3161_3435",0.144652456045151
"2026_3163_3435",0.868482828140259
"2026_3181_3435",0.632124066352844
"2026_3192_3435",0.0703139007091522
"2026_3193_3435",0.157858163118362
"2026_3208_3435",0.159934431314468
"2026_3211_3435",0.180147618055344
"2026_3219_3435",0.0580589883029461
"2026_3221_3435",0.106286525726318
"2026_3224_3435",0.0574985146522522
"2026_3225_3435",0.0627913996577263
"2026_3228_3435",0.355193167924881
"2026_3234_3435",0.469721615314484
"2026_3235_3435",0.356323510408401
"2026_3239_3435",0.0573344193398952
"2026_3241_3435",0.186066836118698
"2026_3246_3435",0.388208568096161
"2026_3257_3435",0.416168391704559
"2026_3261_3435",0.653084814548492
"2026_3268_3435",0.356730699539185
"2026_3275_3435",0.0627152025699615
"2026_3276_3435",0.492088079452515
"2026_3277_3435",0.371636867523193
"2026_3278_3435",0.299303770065308
"2026_3279_3435",0.434021383523941
"2026_3283_3435",0.0821105092763901
"2026_3293_3435",0.144889160990715
"2026_3301_3435",0.465457856655121
"2026_3304_3435",0.188333913683891
"2026_3314_3435",0.412159413099289
"2026_3323_3435",0.597281575202942
"2026_3326_3435",0.519837617874146
"2026_3328_3435",0.487647742033005
"2026_3329_3435",0.353609979152679
"2026_3332_3435",0.374539941549301
"2026_3343_3435",0.247244775295258
"2026_3348_3435",0.16008272767067
"2026_3350_3435",0.20399796962738
"2026_3355_3435",0.252694636583328
"2026_3359_3435",0.0663707554340363
"2026_3372_3435",0.0648121684789658
"2026_3376_3435",0.859081983566284
"2026_3380_3435",0.0572335831820965
"2026_3393_3435",0.149916127324104
"2026_3395_3435",0.638042092323303
"2026_3397_3435",0.347839176654816
"2026_3400_3435",0.853590726852417
"2026_3403_3435",0.17375722527504
"2026_3417_3435",0.788331210613251
"2026_3425_3435",0.523981809616089
"2026_3427_3435",0.0829106867313385
"2026_3104_3436",0.834459364414215
"2026_3113_3436",0.577105402946472
"2026_3124_3436",0.890287816524506
"2026_3155_3436",0.662007629871368
"2026_3158_3436",0.49327477812767
"2026_3160_3436",0.679200768470764
"2026_3161_3436",0.608650088310242
"2026_3163_3436",0.936906576156616
"2026_3181_3436",0.932313919067383
"2026_3192_3436",0.382185578346252
"2026_3193_3436",0.799772679805756
"2026_3208_3436",0.702330708503723
"2026_3211_3436",0.63493812084198
"2026_3219_3436",0.29841148853302
"2026_3221_3436",0.394042700529099
"2026_3224_3436",0.368122786283493
"2026_3225_3436",0.339960366487503
"2026_3228_3436",0.787970662117004
"2026_3234_3436",0.894440829753876
"2026_3235_3436",0.757213234901428
"2026_3239_3436",0.266337215900421
"2026_3241_3436",0.769310772418976
"2026_3246_3436",0.877637803554535
"2026_3257_3436",0.906666398048401
"2026_3261_3436",0.9314244389534
"2026_3268_3436",0.889059782028198
"2026_3275_3436",0.398001968860626
"2026_3276_3436",0.915908098220825
"2026_3277_3436",0.854437172412872
"2026_3278_3436",0.834441602230072
"2026_3279_3436",0.909446179866791
"2026_3283_3436",0.326858788728714
"2026_3293_3436",0.646847009658813
"2026_3301_3436",0.874444127082825
"2026_3304_3436",0.747366428375244
"2026_3314_3436",0.914108276367188
"2026_3323_3436",0.90955001115799
"2026_3326_3436",0.916930258274078
"2026_3328_3436",0.902042150497437
"2026_3329_3436",0.81647652387619
"2026_3332_3436",0.741540849208832
"2026_3343_3436",0.680296838283539
"2026_3348_3436",0.630380094051361
"2026_3350_3436",0.83350682258606
"2026_3355_3436",0.785124838352203
"2026_3359_3436",0.228716403245926
"2026_3372_3436",0.323028028011322
"2026_3376_3436",0.943331122398376
"2026_3380_3436",0.27390530705452
"2026_3393_3436",0.720200538635254
"2026_3395_3436",0.939193725585938
"2026_3397_3436",0.776955604553223
"2026_3400_3436",0.941388428211212
"2026_3403_3436",0.691703975200653
"2026_3417_3436",0.938965082168579
"2026_3425_3436",0.897173941135406
"2026_3427_3436",0.427933990955353
"2026_3435_3436",0.890814542770386
"2026_3104_3437",0.713574290275574
"2026_3113_3437",0.379544407129288
"2026_3124_3437",0.866871953010559
"2026_3155_3437",0.622432470321655
"2026_3158_3437",0.255169898271561
"2026_3160_3437",0.524061143398285
"2026_3161_3437",0.374538779258728
"2026_3163_3437",0.913860738277435
"2026_3181_3437",0.913933575153351
"2026_3192_3437",0.227319359779358
"2026_3193_3437",0.509993374347687
"2026_3208_3437",0.560832977294922
"2026_3211_3437",0.407298177480698
"2026_3219_3437",0.199567288160324
"2026_3221_3437",0.257025271654129
"2026_3224_3437",0.26454484462738
"2026_3225_3437",0.19261209666729
"2026_3228_3437",0.679152607917786
"2026_3234_3437",0.77852863073349
"2026_3235_3437",0.635905742645264
"2026_3239_3437",0.210548356175423
"2026_3241_3437",0.426196664571762
"2026_3246_3437",0.693689942359924
"2026_3257_3437",0.740147769451141
"2026_3261_3437",0.891107678413391
"2026_3268_3437",0.789461195468903
"2026_3275_3437",0.222106620669365
"2026_3276_3437",0.814551174640656
"2026_3277_3437",0.677682101726532
"2026_3278_3437",0.594425559043884
"2026_3279_3437",0.828064262866974
"2026_3283_3437",0.257014036178589
"2026_3293_3437",0.325113713741302
"2026_3301_3437",0.849845051765442
"2026_3304_3437",0.502036511898041
"2026_3314_3437",0.864992141723633
"2026_3323_3437",0.885727763175964
"2026_3326_3437",0.849971890449524
"2026_3328_3437",0.858533203601837
"2026_3329_3437",0.75201541185379
"2026_3332_3437",0.659683406352997
"2026_3343_3437",0.520099759101868
"2026_3348_3437",0.41596457362175
"2026_3350_3437",0.641351163387299
"2026_3355_3437",0.533096253871918
"2026_3359_3437",0.184435799717903
"2026_3372_3437",0.230345591902733
"2026_3376_3437",0.930624663829803
"2026_3380_3437",0.226925164461136
"2026_3393_3437",0.528737962245941
"2026_3395_3437",0.90899395942688
"2026_3397_3437",0.614961445331573
"2026_3400_3437",0.925544023513794
"2026_3403_3437",0.545203030109406
"2026_3417_3437",0.92028021812439
"2026_3425_3437",0.832506358623505
"2026_3427_3437",0.343515634536743
"2026_3435_3437",0.762593388557434
"2026_3436_3437",0.284648299217224
"2026_3104_3438",0.724796652793884
"2026_3113_3438",0.400260269641876
"2026_3124_3438",0.886631429195404
"2026_3155_3438",0.606827199459076
"2026_3158_3438",0.215464189648628
"2026_3160_3438",0.502959430217743
"2026_3161_3438",0.350946396589279
"2026_3163_3438",0.925372898578644
"2026_3181_3438",0.929090559482574
"2026_3192_3438",0.208607584238052
"2026_3193_3438",0.574454247951508
"2026_3208_3438",0.494247853755951
"2026_3211_3438",0.352724820375443
"2026_3219_3438",0.182915866374969
"2026_3221_3438",0.244340673089027
"2026_3224_3438",0.200952857732773
"2026_3225_3438",0.150894895195961
"2026_3228_3438",0.68058055639267
"2026_3234_3438",0.79139506816864
"2026_3235_3438",0.625273942947388
"2026_3239_3438",0.178176730871201
"2026_3241_3438",0.463085114955902
"2026_3246_3438",0.76897269487381
"2026_3257_3438",0.746862888336182
"2026_3261_3438",0.911838233470917
"2026_3268_3438",0.818170785903931
"2026_3275_3438",0.190926283597946
"2026_3276_3438",0.871350705623627
"2026_3277_3438",0.7076535820961
"2026_3278_3438",0.611181080341339
"2026_3279_3438",0.867719233036041
"2026_3283_3438",0.226542800664902
"2026_3293_3438",0.344616115093231
"2026_3301_3438",0.848996102809906
"2026_3304_3438",0.500124037265778
"2026_3314_3438",0.877439796924591
"2026_3323_3438",0.901713192462921
"2026_3326_3438",0.88134241104126
"2026_3328_3438",0.880244731903076
"2026_3329_3438",0.817356824874878
"2026_3332_3438",0.612628877162933
"2026_3343_3438",0.513896048069
"2026_3348_3438",0.38639372587204
"2026_3350_3438",0.674258053302765
"2026_3355_3438",0.562292218208313
"2026_3359_3438",0.185823440551758
"2026_3372_3438",0.220006436109543
"2026_3376_3438",0.943900585174561
"2026_3380_3438",0.200483396649361
"2026_3393_3438",0.535588085651398
"2026_3395_3438",0.924638271331787
"2026_3397_3438",0.632084786891937
"2026_3400_3438",0.939385056495667
"2026_3403_3438",0.530045509338379
"2026_3417_3438",0.936484932899475
"2026_3425_3438",0.85163289308548
"2026_3427_3438",0.306006073951721
"2026_3435_3438",0.781289160251617
"2026_3436_3438",0.258040696382523
"2026_3437_3438",0.489681482315063
"2026_3104_3439",0.752276837825775
"2026_3113_3439",0.3070028424263
"2026_3124_3439",0.877299785614014
"2026_3155_3439",0.514357089996338
"2026_3158_3439",0.209471255540848
"2026_3160_3439",0.436793744564056
"2026_3161_3439",0.300430476665497
"2026_3163_3439",0.922248661518097
"2026_3181_3439",0.917369842529297
"2026_3192_3439",0.204928085207939
"2026_3193_3439",0.456230312585831
"2026_3208_3439",0.456491380929947
"2026_3211_3439",0.343253195285797
"2026_3219_3439",0.163638159632683
"2026_3221_3439",0.230448871850967
"2026_3224_3439",0.177307799458504
"2026_3225_3439",0.157897770404816
"2026_3228_3439",0.624772965908051
"2026_3234_3439",0.719305455684662
"2026_3235_3439",0.580889821052551
"2026_3239_3439",0.153846755623817
"2026_3241_3439",0.399253755807877
"2026_3246_3439",0.787980139255524
"2026_3257_3439",0.764817118644714
"2026_3261_3439",0.910107553005219
"2026_3268_3439",0.731926500797272
"2026_3275_3439",0.201390594244003
"2026_3276_3439",0.8388392329216
"2026_3277_3439",0.76214474439621
"2026_3278_3439",0.583904206752777
"2026_3279_3439",0.875517308712006
"2026_3283_3439",0.197904482483864
"2026_3293_3439",0.339549422264099
"2026_3301_3439",0.801920771598816
"2026_3304_3439",0.350672215223312
"2026_3314_3439",0.853149771690369
"2026_3323_3439",0.903290927410126
"2026_3326_3439",0.863077342510223
"2026_3328_3439",0.883400142192841
"2026_3329_3439",0.759488701820374
"2026_3332_3439",0.566396355628967
"2026_3343_3439",0.488605052232742
"2026_3348_3439",0.31344747543335
"2026_3350_3439",0.534329056739807
"2026_3355_3439",0.437747150659561
"2026_3359_3439",0.156897336244583
"2026_3372_3439",0.212503716349602
"2026_3376_3439",0.939988732337952
"2026_3380_3439",0.19156651198864
"2026_3393_3439",0.421256095170975
"2026_3395_3439",0.917455852031708
"2026_3397_3439",0.627057313919067
"2026_3400_3439",0.932461857795715
"2026_3403_3439",0.483451783657074
"2026_3417_3439",0.930417835712433
"2026_3425_3439",0.806804418563843
"2026_3427_3439",0.284198641777039
"2026_3435_3439",0.784225702285767
"2026_3436_3439",0.234050303697586
"2026_3437_3439",0.421571105718613
"2026_3438_3439",0.432371437549591
"2026_3104_3442",0.918116867542267
"2026_3113_3442",0.730924189090729
"2026_3124_3442",0.938712477684021
"2026_3155_3442",0.773776113986969
"2026_3158_3442",0.646520972251892
"2026_3160_3442",0.790979385375977
"2026_3161_3442",0.709288060665131
"2026_3163_3442",0.959587454795837
"2026_3181_3442",0.955926179885864
"2026_3192_3442",0.474749118089676
"2026_3193_3442",0.858999788761139
"2026_3208_3442",0.783282101154327
"2026_3211_3442",0.705078601837158
"2026_3219_3442",0.451734632253647
"2026_3221_3442",0.475423395633698
"2026_3224_3442",0.577979385852814
"2026_3225_3442",0.495020300149918
"2026_3228_3442",0.870243906974792
"2026_3234_3442",0.945966958999634
"2026_3235_3442",0.850400507450104
"2026_3239_3442",0.411066919565201
"2026_3241_3442",0.807706892490387
"2026_3246_3442",0.923137605190277
"2026_3257_3442",0.919252455234528
"2026_3261_3442",0.964528203010559
"2026_3268_3442",0.93118953704834
"2026_3275_3442",0.591652631759644
"2026_3276_3442",0.958518862724304
"2026_3277_3442",0.91576761007309
"2026_3278_3442",0.913415610790253
"2026_3279_3442",0.941437900066376
"2026_3283_3442",0.552229583263397
"2026_3293_3442",0.777984142303467
"2026_3301_3442",0.924258828163147
"2026_3304_3442",0.849136650562286
"2026_3314_3442",0.954723477363586
"2026_3323_3442",0.944554150104523
"2026_3326_3442",0.95007461309433
"2026_3328_3442",0.952639400959015
"2026_3329_3442",0.909553587436676
"2026_3332_3442",0.855619192123413
"2026_3343_3442",0.808947682380676
"2026_3348_3442",0.754397869110107
"2026_3350_3442",0.891012072563171
"2026_3355_3442",0.844646573066711
"2026_3359_3442",0.473966509103775
"2026_3372_3442",0.487598419189453
"2026_3376_3442",0.966574132442474
"2026_3380_3442",0.446514934301376
"2026_3393_3442",0.808804988861084
"2026_3395_3442",0.955675601959229
"2026_3397_3442",0.911307275295258
"2026_3400_3442",0.963592112064362
"2026_3403_3442",0.761688828468323
"2026_3417_3442",0.965126037597656
"2026_3425_3442",0.932447135448456
"2026_3427_3442",0.555505216121674
"2026_3435_3442",0.951419115066528
"2026_3436_3442",0.614936590194702
"2026_3437_3442",0.783606946468353
"2026_3438_3442",0.823361575603485
"2026_3439_3442",0.827041327953339
"2026_3104_3449",0.601951897144318
"2026_3113_3449",0.252369910478592
"2026_3124_3449",0.798859119415283
"2026_3155_3449",0.384592086076736
"2026_3158_3449",0.173982203006744
"2026_3160_3449",0.402269423007965
"2026_3161_3449",0.316136240959167
"2026_3163_3449",0.924433052539825
"2026_3181_3449",0.912902295589447
"2026_3192_3449",0.113939166069031
"2026_3193_3449",0.389789253473282
"2026_3208_3449",0.298152983188629
"2026_3211_3449",0.347740560770035
"2026_3219_3449",0.0930057838559151
"2026_3221_3449",0.16151787340641
"2026_3224_3449",0.130723714828491
"2026_3225_3449",0.140582546591759
"2026_3228_3449",0.507309317588806
"2026_3234_3449",0.627944886684418
"2026_3235_3449",0.425197511911392
"2026_3239_3449",0.100483939051628
"2026_3241_3449",0.367454707622528
"2026_3246_3449",0.604432761669159
"2026_3257_3449",0.630879521369934
"2026_3261_3449",0.900415241718292
"2026_3268_3449",0.606834590435028
"2026_3275_3449",0.150061815977097
"2026_3276_3449",0.698582172393799
"2026_3277_3449",0.625681579113007
"2026_3278_3449",0.589360773563385
"2026_3279_3449",0.737064301967621
"2026_3283_3449",0.132801353931427
"2026_3293_3449",0.314490854740143
"2026_3301_3449",0.655989289283752
"2026_3304_3449",0.360950589179993
"2026_3314_3449",0.770612835884094
"2026_3323_3449",0.846675634384155
"2026_3326_3449",0.833160996437073
"2026_3328_3449",0.878908455371857
"2026_3329_3449",0.513671636581421
"2026_3332_3449",0.447524547576904
"2026_3343_3449",0.358449399471283
"2026_3348_3449",0.315697401762009
"2026_3350_3449",0.457059949636459
"2026_3355_3449",0.454799175262451
"2026_3359_3449",0.118743300437927
"2026_3372_3449",0.108798839151859
"2026_3376_3449",0.936307787895203
"2026_3380_3449",0.097984790802002
"2026_3393_3449",0.277502000331879
"2026_3395_3449",0.916188776493073
"2026_3397_3449",0.53576123714447
"2026_3400_3449",0.931427538394928
"2026_3403_3449",0.328815490007401
"2026_3417_3449",0.928857505321503
"2026_3425_3449",0.653651595115662
"2026_3427_3449",0.143118143081665
"2026_3435_3449",0.683579862117767
"2026_3436_3449",0.207717224955559
"2026_3437_3449",0.363614052534103
"2026_3438_3449",0.364182323217392
"2026_3439_3449",0.3796306848526
"2026_3442_3449",0.120950654149055
"2026_3104_3452",0.3217394053936
"2026_3113_3452",0.109332822263241
"2026_3124_3452",0.352267503738403
"2026_3155_3452",0.139770090579987
"2026_3158_3452",0.0725824758410454
"2026_3160_3452",0.144970893859863
"2026_3161_3452",0.109147034585476
"2026_3163_3452",0.859725654125214
"2026_3181_3452",0.588420271873474
"2026_3192_3452",0.0461761280894279
"2026_3193_3452",0.192213520407677
"2026_3208_3452",0.107633247971535
"2026_3211_3452",0.132031098008156
"2026_3219_3452",0.0397882536053658
"2026_3221_3452",0.0658026561141014
"2026_3224_3452",0.0505596213042736
"2026_3225_3452",0.057716142386198
"2026_3228_3452",0.188428550958633
"2026_3234_3452",0.437044143676758
"2026_3235_3452",0.241814479231834
"2026_3239_3452",0.0474936589598656
"2026_3241_3452",0.17663548886776
"2026_3246_3452",0.291769742965698
"2026_3257_3452",0.339903384447098
"2026_3261_3452",0.636352598667145
"2026_3268_3452",0.2705999314785
"2026_3275_3452",0.0550181940197945
"2026_3276_3452",0.440734922885895
"2026_3277_3452",0.395207643508911
"2026_3278_3452",0.229958087205887
"2026_3279_3452",0.440883725881577
"2026_3283_3452",0.0532344616949558
"2026_3293_3452",0.192682892084122
"2026_3301_3452",0.284918695688248
"2026_3304_3452",0.186628922820091
"2026_3314_3452",0.342473059892654
"2026_3323_3452",0.409237563610077
"2026_3326_3452",0.455397605895996
"2026_3328_3452",0.448847711086273
"2026_3329_3452",0.305288463830948
"2026_3332_3452",0.134025976061821
"2026_3343_3452",0.194659933447838
"2026_3348_3452",0.121339231729507
"2026_3350_3452",0.239586845040321
"2026_3355_3452",0.205863192677498
"2026_3359_3452",0.0529220849275589
"2026_3372_3452",0.0588502362370491
"2026_3376_3452",0.797861278057098
"2026_3380_3452",0.0428014732897282
"2026_3393_3452",0.111832529306412
"2026_3395_3452",0.601541459560394
"2026_3397_3452",0.3915034532547
"2026_3400_3452",0.787252306938171
"2026_3403_3452",0.109564229846001
"2026_3417_3452",0.792545676231384
"2026_3425_3452",0.442859441041946
"2026_3427_3452",0.0603039935231209
"2026_3435_3452",0.530408084392548
"2026_3436_3452",0.0841433927416801
"2026_3437_3452",0.128225430846214
"2026_3438_3452",0.123873174190521
"2026_3439_3452",0.130544066429138
"2026_3442_3452",0.0538350567221642
"2026_3449_3452",0.16906501352787
"2026_3104_3453",0.832477390766144
"2026_3113_3453",0.597510576248169
"2026_3124_3453",0.856830477714539
"2026_3155_3453",0.610770285129547
"2026_3158_3453",0.322495520114899
"2026_3160_3453",0.606208860874176
"2026_3161_3453",0.4523905813694
"2026_3163_3453",0.935811817646027
"2026_3181_3453",0.919171273708344
"2026_3192_3453",0.199618622660637
"2026_3193_3453",0.684593975543976
"2026_3208_3453",0.572220027446747
"2026_3211_3453",0.555499494075775
"2026_3219_3453",0.164830908179283
"2026_3221_3453",0.282371342182159
"2026_3224_3453",0.244036287069321
"2026_3225_3453",0.282559633255005
"2026_3228_3453",0.743850827217102
"2026_3234_3453",0.906851470470428
"2026_3235_3453",0.759515464305878
"2026_3239_3453",0.217618852853775
"2026_3241_3453",0.58588844537735
"2026_3246_3453",0.835154473781586
"2026_3257_3453",0.884277403354645
"2026_3261_3453",0.92801308631897
"2026_3268_3453",0.858388900756836
"2026_3275_3453",0.285281032323837
"2026_3276_3453",0.908629536628723
"2026_3277_3453",0.84250819683075
"2026_3278_3453",0.794077277183533
"2026_3279_3453",0.864952504634857
"2026_3283_3453",0.251334965229034
"2026_3293_3453",0.544428288936615
"2026_3301_3453",0.838499069213867
"2026_3304_3453",0.726392030715942
"2026_3314_3453",0.902138590812683
"2026_3323_3453",0.889223217964172
"2026_3326_3453",0.902240574359894
"2026_3328_3453",0.89860337972641
"2026_3329_3453",0.753307700157166
"2026_3332_3453",0.724765062332153
"2026_3343_3453",0.632310152053833
"2026_3348_3453",0.556636095046997
"2026_3350_3453",0.759498357772827
"2026_3355_3453",0.670935213565826
"2026_3359_3453",0.215108200907707
"2026_3372_3453",0.231475725769997
"2026_3376_3453",0.950838565826416
"2026_3380_3453",0.173679322004318
"2026_3393_3453",0.639152824878693
"2026_3395_3453",0.924433052539825
"2026_3397_3453",0.785535156726837
"2026_3400_3453",0.942712962627411
"2026_3403_3453",0.541309118270874
"2026_3417_3453",0.948842465877533
"2026_3425_3453",0.894868731498718
"2026_3427_3453",0.321796834468842
"2026_3435_3453",0.897990524768829
"2026_3436_3453",0.323969274759293
"2026_3437_3453",0.634792745113373
"2026_3438_3453",0.64013671875
"2026_3439_3453",0.660788655281067
"2026_3442_3453",0.291689366102219
"2026_3449_3453",0.776551783084869
"2026_3452_3453",0.892016708850861
"2026_3104_3465",0.909277021884918
"2026_3113_3465",0.670301496982574
"2026_3124_3465",0.934670090675354
"2026_3155_3465",0.799917817115784
"2026_3158_3465",0.762362480163574
"2026_3160_3465",0.749565362930298
"2026_3161_3465",0.654752194881439
"2026_3163_3465",0.949061572551727
"2026_3181_3465",0.956605017185211
"2026_3192_3465",0.625536680221558
"2026_3193_3465",0.83511084318161
"2026_3208_3465",0.798723518848419
"2026_3211_3465",0.708090484142303
"2026_3219_3465",0.543337762355804
"2026_3221_3465",0.595513999462128
"2026_3224_3465",0.646015465259552
"2026_3225_3465",0.478882282972336
"2026_3228_3465",0.876034080982208
"2026_3234_3465",0.920948207378387
"2026_3235_3465",0.82205456495285
"2026_3239_3465",0.478277295827866
"2026_3241_3465",0.812267959117889
"2026_3246_3465",0.927218496799469
"2026_3257_3465",0.939313292503357
"2026_3261_3465",0.955412328243256
"2026_3268_3465",0.93680465221405
"2026_3275_3465",0.600311934947968
"2026_3276_3465",0.947554588317871
"2026_3277_3465",0.92098867893219
"2026_3278_3465",0.908940374851227
"2026_3279_3465",0.948357403278351
"2026_3283_3465",0.614627659320831
"2026_3293_3465",0.765144288539886
"2026_3301_3465",0.922401309013367
"2026_3304_3465",0.798253953456879
"2026_3314_3465",0.953445494174957
"2026_3323_3465",0.936185598373413
"2026_3326_3465",0.945192575454712
"2026_3328_3465",0.948026180267334
"2026_3329_3465",0.890125334262848
"2026_3332_3465",0.862399280071259
"2026_3343_3465",0.76372355222702
"2026_3348_3465",0.734341144561768
"2026_3350_3465",0.859509587287903
"2026_3355_3465",0.810757517814636
"2026_3359_3465",0.482288718223572
"2026_3372_3465",0.53150200843811
"2026_3376_3465",0.95782482624054
"2026_3380_3465",0.564205467700958
"2026_3393_3465",0.771491885185242
"2026_3395_3465",0.953062057495117
"2026_3397_3465",0.888591825962067
"2026_3400_3465",0.957858562469482
"2026_3403_3465",0.827606320381165
"2026_3417_3465",0.955699026584625
"2026_3425_3465",0.922902703285217
"2026_3427_3465",0.63452136516571
"2026_3435_3465",0.936770379543304
"2026_3436_3465",0.707718551158905
"2026_3437_3465",0.754903256893158
"2026_3438_3465",0.768330156803131
"2026_3439_3465",0.822211027145386
"2026_3442_3465",0.491714835166931
"2026_3449_3465",0.859364748001099
"2026_3452_3465",0.950468719005585
"2026_3453_3465",0.738196611404419
"2026_3104_3471",0.919076085090637
"2026_3113_3471",0.661686778068542
"2026_3124_3471",0.939907610416412
"2026_3155_3471",0.750709354877472
"2026_3158_3471",0.563801169395447
"2026_3160_3471",0.747578680515289
"2026_3161_3471",0.662083327770233
"2026_3163_3471",0.95936530828476
"2026_3181_3471",0.964397788047791
"2026_3192_3471",0.477318555116653
"2026_3193_3471",0.859364926815033
"2026_3208_3471",0.771482050418854
"2026_3211_3471",0.714959859848022
"2026_3219_3471",0.421124458312988
"2026_3221_3471",0.484721064567566
"2026_3224_3471",0.490865111351013
"2026_3225_3471",0.444425702095032
"2026_3228_3471",0.836396753787994
"2026_3234_3471",0.928378999233246
"2026_3235_3471",0.836355566978455
"2026_3239_3471",0.391767829656601
"2026_3241_3471",0.839722752571106
"2026_3246_3471",0.936843276023865
"2026_3257_3471",0.935925245285034
"2026_3261_3471",0.964210152626038
"2026_3268_3471",0.934747040271759
"2026_3275_3471",0.511168420314789
"2026_3276_3471",0.960312068462372
"2026_3277_3471",0.922355353832245
"2026_3278_3471",0.874773144721985
"2026_3279_3471",0.951187372207642
"2026_3283_3471",0.46955806016922
"2026_3293_3471",0.809068918228149
"2026_3301_3471",0.918424248695374
"2026_3304_3471",0.813157796859741
"2026_3314_3471",0.954211711883545
"2026_3323_3471",0.945544958114624
"2026_3326_3471",0.958206474781036
"2026_3328_3471",0.952234208583832
"2026_3329_3471",0.903768181800842
"2026_3332_3471",0.791822493076324
"2026_3343_3471",0.77332079410553
"2026_3348_3471",0.714374661445618
"2026_3350_3471",0.889375388622284
"2026_3355_3471",0.840930581092834
"2026_3359_3471",0.313882976770401
"2026_3372_3471",0.467686384916306
"2026_3376_3471",0.966738998889923
"2026_3380_3471",0.384573996067047
"2026_3393_3471",0.801364064216614
"2026_3395_3471",0.9618039727211
"2026_3397_3471",0.897178292274475
"2026_3400_3471",0.964157700538635
"2026_3403_3471",0.774149656295776
"2026_3417_3471",0.96397864818573
"2026_3425_3471",0.928128242492676
"2026_3427_3471",0.565622329711914
"2026_3435_3471",0.944638788700104
"2026_3436_3471",0.609641849994659
"2026_3437_3471",0.751131772994995
"2026_3438_3471",0.797879457473755
"2026_3439_3471",0.801547348499298
"2026_3442_3471",0.46761691570282
"2026_3449_3471",0.842160224914551
"2026_3452_3471",0.950952112674713
"2026_3453_3471",0.749348878860474
"2026_3465_3471",0.382351368665695
