"ID","Pred"
"2026_1163_1181",0.374741381439192
"2026_1155_1181",0.29389616933167
"2026_1104_1181",0.349465814021869
"2026_1103_1181",0.28229652767078
"2026_1112_1181",0.263111608527895
"2026_1116_1181",0.076320918577487
"2026_1140_1181",0.239407623320275
"2026_1155_1163",0.502003932824347
"2026_1104_1163",0.565413771718485
"2026_1103_1163",0.487865651320415
"2026_1112_1163",0.463737130889853
"2026_1116_1163",0.166746099713446
"2026_1140_1163",0.432568729667326
"2026_1181_1277",0.838833849958295
"2026_1163_1277",0.6824437855956
"2026_1242_1277",0.29040122272738
"2026_1257_1277",0.492809069249457
"2026_1202_1277",0.371608813206167
"2026_1196_1277",0.812782396901304
"2026_1222_1277",0.771854816640093
"2026_1228_1277",0.588084059906698
"2026_1155_1277",0.59878826788736
"2026_1234_1277",0.413120019873721
"2026_1270_1277",0.633482753297012
"2026_1225_1277",0.166699599665984
"2026_1250_1277",0.0924236118269176
"2026_1276_1277",0.303876235723107
"2026_1235_1277",0.476324512748857
"2026_1104_1277",0.658263741997587
"2026_1246_1277",0.515702912898693
"2026_1208_1277",0.383028899813415
"2026_1275_1277",0.297132722683723
"2026_1103_1277",0.585126900889419
"2026_1220_1277",0.0791899734895441
"2026_1224_1277",0.0998720297514755
"2026_1112_1277",0.561461693073286
"2026_1211_1277",0.750559409120569
"2026_1116_1277",0.228559475271991
"2026_1140_1277",0.530219269245907
"2026_1274_1277",0.202878200319438
"2026_1219_1277",0.763562323882702
"2026_1218_1277",0.0995087828406388
"2026_1244_1277",0.163578916114441
"2026_1254_1277",0.104708397948284
"2026_1181_1242",0.948613958673353
"2026_1163_1242",0.884022246129837
"2026_1202_1242",0.677157078074812
"2026_1196_1242",0.9390176819496
"2026_1222_1242",0.923074519871037
"2026_1228_1242",0.835085798790851
"2026_1155_1242",0.841105587266931
"2026_1234_1242",0.714017397462684
"2026_1225_1242",0.415046381212403
"2026_1235_1242",0.763377334794129
"2026_1104_1242",0.872319526063136
"2026_1208_1242",0.68769105625677
"2026_1103_1242",0.833399527985591
"2026_1220_1242",0.233734022936852
"2026_1224_1242",0.282399808755955
"2026_1112_1242",0.819528294061613
"2026_1211_1242",0.914327470834789
"2026_1116_1242",0.512396312485255
"2026_1140_1242",0.800126170050464
"2026_1219_1242",0.919706699873814
"2026_1218_1242",0.281580361196849
"2026_1181_1385",0.81521435845919
"2026_1163_1385",0.645588378589463
"2026_1277_1385",0.551640232541486
"2026_1242_1385",0.257546795471309
"2026_1257_1385",0.451629771705379
"2026_1326_1385",0.339968626188204
"2026_1378_1385",0.125560482869743
"2026_1320_1385",0.241184008010547
"2026_1295_1385",0.437359555968994
"2026_1202_1385",0.333889971155366
"2026_1373_1385",0.165061267801508
"2026_1196_1385",0.786317540842442
"2026_1222_1385",0.741444910189152
"2026_1228_1385",0.547538078444218
"2026_1304_1385",0.191904095253202
"2026_1314_1385",0.38017845149289
"2026_1155_1385",0.558504923287812
"2026_1234_1385",0.373693394376957
"2026_1270_1385",0.594322839479823
"2026_1335_1385",0.0904486613850841
"2026_1225_1385",0.144980749785108
"2026_1250_1385",0.0794592141128511
"2026_1341_1385",0.0472880971803321
"2026_1276_1385",0.270077548341362
"2026_1235_1385",0.435340350715319
"2026_1104_1385",0.620163961262821
"2026_1246_1385",0.474399934611569
"2026_1208_1385",0.34478690992527
"2026_1365_1385",0.417602491595524
"2026_1275_1385",0.263799848831621
"2026_1374_1385",0.522439176203881
"2026_1103_1385",0.54451528739104
"2026_1220_1385",0.0679429115938029
"2026_1224_1385",0.0859617904530878
"2026_1112_1385",0.520432161887579
"2026_1345_1385",0.526261764165096
"2026_1211_1385",0.718346780339555
"2026_1116_1385",0.200722423748789
"2026_1140_1385",0.488927406702289
"2026_1274_1385",0.177449490046918
"2026_1281_1385",0.677752989438786
"2026_1301_1385",0.224542537126841
"2026_1219_1385",0.732430264162176
"2026_1218_1385",0.0856443230129089
"2026_1244_1385",0.142197270660655
"2026_1254_1385",0.0901920416162084
"2026_1181_1257",0.886045075575188
"2026_1163_1257",0.762496095386756
"2026_1242_1257",0.379411184580993
"2026_1202_1257",0.469056312205029
"2026_1196_1257",0.866409654833893
"2026_1222_1257",0.834823027159209
"2026_1228_1257",0.680797372026442
"2026_1155_1257",0.690360836800075
"2026_1234_1257",0.512573808801591
"2026_1225_1257",0.230088280972552
"2026_1250_1257",0.132043838589044
"2026_1235_1257",0.576058855471831
"2026_1104_1257",0.742108103271684
"2026_1246_1257",0.614014878429467
"2026_1208_1257",0.481177968491606
"2026_1103_1257",0.678141526488901
"2026_1220_1257",0.113848830983068
"2026_1224_1257",0.142185021352386
"2026_1112_1257",0.656668845321196
"2026_1211_1257",0.818019413397007
"2026_1116_1257",0.306810079464235
"2026_1140_1257",0.627711740197726
"2026_1219_1257",0.828310166301741
"2026_1218_1257",0.141692102387154
"2026_1244_1257",0.226102917719401
"2026_1254_1257",0.14873185340478
"2026_1181_1417",0.860517874975287
"2026_1163_1417",0.718097968339664
"2026_1277_1417",0.632427128557174
"2026_1242_1417",0.326641394878174
"2026_1385_1417",0.669951478261134
"2026_1257_1417",0.535255246584187
"2026_1326_1417",0.418705248492694
"2026_1395_1417",0.220740639453029
"2026_1416_1417",0.272584297674981
"2026_1378_1417",0.167220965650168
"2026_1320_1417",0.307708147662382
"2026_1295_1417",0.520852436109405
"2026_1202_1417",0.412097763242499
"2026_1373_1417",0.216581803427175
"2026_1196_1417",0.837291623043808
"2026_1222_1417",0.800406252155763
"2026_1228_1417",0.628566432223262
"2026_1304_1417",0.249301386188192
"2026_1314_1417",0.461713204845936
"2026_1388_1417",0.799275443754211
"2026_1155_1417",0.638864664322914
"2026_1234_1417",0.454857986931328
"2026_1401_1417",0.541578185369536
"2026_1270_1417",0.671991968684478
"2026_1407_1417",0.429355598183405
"2026_1335_1417",0.122085698631543
"2026_1225_1417",0.191672406512174
"2026_1250_1417",0.107707559663857
"2026_1341_1417",0.0649057785145183
"2026_1276_1417",0.340989929980856
"2026_1235_1417",0.518803197517255
"2026_1104_1417",0.695421124265757
"2026_1403_1417",0.743693380538837
"2026_1397_1417",0.699452738248591
"2026_1246_1417",0.557951740896864
"2026_1208_1417",0.42392272037506
"2026_1387_1417",0.14906324181622
"2026_1365_1417",0.500680019382172
"2026_1275_1417",0.333817757173838
"2026_1374_1417",0.604717410034021
"2026_1103_1417",0.625714930206325
"2026_1220_1417",0.0925085598692107
"2026_1398_1417",0.1786784864916
"2026_1224_1417",0.116229967250319
"2026_1112_1417",0.602793283002128
"2026_1345_1417",0.608375093254948
"2026_1211_1417",0.781019790555425
"2026_1116_1417",0.259908916137482
"2026_1140_1417",0.572252113280157
"2026_1274_1417",0.231763425657311
"2026_1281_1417",0.746268309772809
"2026_1301_1417",0.288220025993479
"2026_1400_1417",0.536469768310776
"2026_1219_1417",0.792873045309868
"2026_1218_1417",0.115814879526402
"2026_1244_1417",0.188189800846377
"2026_1254_1417",0.121751333850971
"2026_1181_1326",0.925553485778253
"2026_1163_1326",0.836957099342916
"2026_1277_1326",0.776147715384933
"2026_1242_1326",0.494324727929465
"2026_1257_1326",0.698879631194248
"2026_1320_1326",0.472492102404024
"2026_1295_1326",0.686578407248599
"2026_1202_1326",0.585504801571181
"2026_1196_1326",0.912049970737389
"2026_1222_1326",0.889883183266396
"2026_1228_1326",0.773255334625963
"2026_1304_1326",0.40092110111892
"2026_1314_1326",0.633500930864787
"2026_1155_1326",0.780940043658706
"2026_1234_1326",0.627066381934952
"2026_1270_1326",0.805012342518493
"2026_1225_1326",0.323339533435002
"2026_1250_1326",0.195657246839045
"2026_1276_1326",0.510455271640805
"2026_1235_1326",0.684809035889711
"2026_1104_1326",0.82146439731829
"2026_1246_1326",0.717798283604416
"2026_1208_1326",0.597250636531445
"2026_1275_1326",0.502436227873943
"2026_1103_1326",0.771110126171637
"2026_1220_1326",0.17041769112687
"2026_1224_1326",0.209504767956509
"2026_1112_1326",0.753586080994045
"2026_1211_1326",0.87786139222095
"2026_1116_1326",0.414418517647158
"2026_1140_1326",0.729435164893005
"2026_1274_1326",0.378088962370841
"2026_1281_1326",0.855637694441386
"2026_1301_1326",0.449341509659039
"2026_1219_1326",0.885242890294325
"2026_1218_1326",0.20883528520403
"2026_1244_1326",0.31840695315776
"2026_1254_1326",0.218362252541959
"2026_1181_1395",0.969337598174221
"2026_1163_1395",0.928841227962226
"2026_1277_1395",0.898130355990975
"2026_1242_1395",0.713115293700648
"2026_1385_1395",0.912291713688549
"2026_1257_1395",0.855107264458562
"2026_1326_1395",0.78682410053333
"2026_1378_1395",0.507130904989492
"2026_1320_1395",0.694898641991008
"2026_1295_1395",0.847798277412491
"2026_1202_1395",0.78222461638591
"2026_1373_1395",0.586200295967351
"2026_1196_1395",0.963462369718555
"2026_1222_1395",0.953594174426376
"2026_1228_1395",0.896604138117407
"2026_1304_1395",0.629864626232848
"2026_1314_1395",0.814652657830861
"2026_1388_1395",0.953280601266913
"2026_1155_1395",0.900645518302812
"2026_1234_1395",0.810446915611626
"2026_1270_1395",0.913028459417399
"2026_1335_1395",0.416089356837679
"2026_1225_1395",0.548546108808467
"2026_1250_1395",0.382158539101364
"2026_1341_1395",0.262361057845094
"2026_1276_1395",0.726133265492326
"2026_1235_1395",0.846735877253379
"2026_1104_1395",0.921258136212146
"2026_1246_1395",0.866091197722083
"2026_1208_1395",0.790391546573895
"2026_1387_1395",0.473028869985929
"2026_1365_1395",0.837085117806689
"2026_1275_1395",0.719707211107823
"2026_1374_1395",0.886867725650078
"2026_1103_1395",0.89546816168265
"2026_1220_1395",0.343123599368935
"2026_1224_1395",0.402598803054062
"2026_1112_1395",0.886058245060225
"2026_1345_1395",0.888396418713576
"2026_1211_1395",0.948122421264035
"2026_1116_1395",0.642799542631971
"2026_1140_1395",0.872697571626879
"2026_1274_1395",0.607209437806437
"2026_1281_1395",0.937776892942395
"2026_1301_1395",0.674790600435284
"2026_1219_1395",0.951492298450911
"2026_1218_1395",0.401625778214943
"2026_1244_1395",0.542934573321746
"2026_1254_1395",0.415330717919197
"2026_1181_1416",0.959835193720303
"2026_1163_1416",0.907980209917102
"2026_1277_1416",0.869530727410527
"2026_1242_1416",0.652661181144446
"2026_1385_1416",0.88716837525596
"2026_1257_1416",0.816891574953967
"2026_1326_1416",0.736155562557322
"2026_1395_1416",0.523187611418148
"2026_1378_1416",0.437508537121891
"2026_1320_1416",0.632583619850991
"2026_1295_1416",0.808087479239271
"2026_1202_1416",0.730836832944501
"2026_1373_1416",0.517111862264424
"2026_1196_1416",0.952228938679671
"2026_1222_1416",0.939517245098006
"2026_1228_1416",0.867639174902036
"2026_1304_1416",0.562627074606975
"2026_1314_1416",0.768653723643643
"2026_1388_1416",0.939114624683804
"2026_1155_1416",0.872651891571666
"2026_1234_1416",0.763706962087035
"2026_1401_1416",0.820666587488806
"2026_1270_1416",0.888090268515018
"2026_1407_1416",0.744538289419205
"2026_1335_1416",0.350087818021649
"2026_1225_1416",0.47876098920241
"2026_1250_1416",0.31860249080832
"2026_1341_1416",0.211895390882793
"2026_1276_1416",0.66714193459852
"2026_1235_1416",0.806811052931279
"2026_1104_1416",0.898417173438109
"2026_1403_1416",0.918296755329604
"2026_1397_1416",0.90014760653448
"2026_1246_1416",0.830197261013201
"2026_1208_1416",0.740291057249017
"2026_1387_1416",0.404248310049971
"2026_1365_1416",0.795254199310149
"2026_1275_1416",0.659979856958872
"2026_1374_1416",0.855614466867802
"2026_1103_1416",0.866232447560053
"2026_1220_1416",0.283084927469963
"2026_1398_1416",0.457315622846245
"2026_1224_1416",0.337500309994853
"2026_1112_1416",0.854618021763318
"2026_1345_1416",0.857497611069438
"2026_1211_1416",0.932503153213854
"2026_1116_1416",0.576331205728638
"2026_1140_1416",0.838243728506639
"2026_1274_1416",0.538869396788571
"2026_1281_1416",0.919307894114087
"2026_1301_1416",0.610669630536924
"2026_1400_1416",0.817620874322252
"2026_1219_1416",0.936820020985409
"2026_1218_1416",0.336595971844824
"2026_1244_1416",0.473115200393212
"2026_1254_1416",0.349377513953616
"2026_1181_1378",0.978068859379495
"2026_1163_1378",0.948491255103682
"2026_1277_1378",0.925581525040579
"2026_1242_1378",0.778105393017256
"2026_1257_1378",0.892767801515114
"2026_1326_1378",0.838888865551526
"2026_1320_1378",0.762641917388973
"2026_1295_1378",0.887107759713594
"2026_1202_1378",0.835177413623115
"2026_1373_1378",0.666495325453289
"2026_1196_1378",0.973821447418136
"2026_1222_1378",0.966654230380802
"2026_1228_1378",0.924431978036445
"2026_1304_1378",0.705937186057993
"2026_1314_1378",0.861120405432262
"2026_1155_1378",0.927473649420276
"2026_1234_1378",0.857785000234204
"2026_1270_1378",0.936747722235539
"2026_1335_1378",0.501312205857383
"2026_1225_1378",0.631555295795121
"2026_1250_1378",0.46597775924096
"2026_1341_1378",0.334114036817486
"2026_1276_1378",0.789046696114767
"2026_1235_1378",0.886282943706687
"2026_1104_1378",0.942873395537834
"2026_1246_1378",0.901226564248408
"2026_1208_1378",0.841760247660293
"2026_1365_1378",0.878765846874245
"2026_1275_1378",0.783657032924146
"2026_1374_1378",0.917073648652326
"2026_1103_1378",0.92357567682842
"2026_1220_1378",0.424260320587412
"2026_1224_1378",0.487364788577486
"2026_1112_1378",0.916459937955962
"2026_1345_1378",0.918231817482338
"2026_1211_1378",0.962662104759849
"2026_1116_1378",0.7174063778866
"2026_1140_1378",0.906287096701584
"2026_1274_1378",0.685614156081984
"2026_1281_1378",0.955078731113844
"2026_1301_1378",0.745362535855593
"2026_1219_1378",0.965122252904456
"2026_1218_1378",0.486353682082972
"2026_1244_1378",0.626272588629166
"2026_1254_1378",0.50053137903754
"2026_1181_1320",0.952712901606944
"2026_1163_1320",0.892690674306128
"2026_1277_1320",0.848915656031525
"2026_1242_1320",0.613029134797753
"2026_1257_1320",0.789968170288595
"2026_1295_1320",0.780217846315858
"2026_1202_1320",0.695969563667752
"2026_1196_1320",0.943836776954513
"2026_1222_1320",0.929058330780983
"2026_1228_1320",0.846777890938984
"2026_1304_1320",0.520272995911057
"2026_1314_1320",0.736921829695012
"2026_1155_1320",0.852446299215389
"2026_1234_1320",0.731533542067143
"2026_1270_1320",0.869969200517502
"2026_1225_1320",0.43642065626761
"2026_1250_1320",0.282742974816085
"2026_1276_1320",0.628220971907257
"2026_1235_1320",0.778806795174014
"2026_1104_1320",0.881745635299116
"2026_1246_1320",0.804762680542553
"2026_1208_1320",0.706156076400116
"2026_1275_1320",0.620697571212167
"2026_1103_1320",0.845189010227901
"2026_1220_1320",0.249757735847429
"2026_1224_1320",0.300451663151784
"2026_1112_1320",0.83210161943929
"2026_1211_1320",0.920933408630497
"2026_1116_1320",0.534205526886435
"2026_1140_1320",0.813744015653007
"2026_1274_1320",0.496274464378917
"2026_1281_1320",0.905705044550651
"2026_1301_1320",0.569407333878807
"2026_1219_1320",0.925931462766588
"2026_1218_1320",0.299601703587159
"2026_1244_1320",0.430861440742043
"2026_1254_1320",0.31163836946346
"2026_1181_1465",0.964107615302299
"2026_1163_1465",0.91729326893613
"2026_1277_1465",0.88223041915072
"2026_1242_1465",0.678669642268936
"2026_1385_1465",0.898351940153665
"2026_1257_1465",0.833735350816079
"2026_1417_1465",0.863385967179434
"2026_1326_1465",0.758228019697271
"2026_1395_1465",0.552239749837701
"2026_1416_1465",0.619995621297722
"2026_1378_1465",0.466457351941859
"2026_1320_1465",0.659310702077237
"2026_1295_1465",0.825568193456125
"2026_1202_1465",0.753205070955846
"2026_1373_1465",0.546213106951236
"2026_1196_1465",0.957274439290132
"2026_1222_1465",0.945828955733716
"2026_1228_1465",0.880497683325102
"2026_1304_1465",0.591154032578333
"2026_1435_1465",0.834314713440082
"2026_1314_1465",0.788787509678978
"2026_1388_1465",0.94546591219972
"2026_1155_1465",0.885087923370592
"2026_1234_1465",0.784150364855062
"2026_1401_1465",0.837232299132008
"2026_1433_1465",0.893206580456198
"2026_1270_1465",0.899192840672417
"2026_1407_1465",0.766132258499005
"2026_1335_1465",0.377130465373161
"2026_1225_1465",0.507974355925797
"2026_1250_1465",0.344502236363887
"2026_1341_1465",0.232075121487178
"2026_1276_1465",0.692576829832809
"2026_1235_1465",0.824382765458877
"2026_1438_1465",0.458272451655093
"2026_1104_1465",0.908600654227888
"2026_1403_1465",0.926650053220675
"2026_1397_1465",0.910174958807232
"2026_1246_1465",0.846047742996915
"2026_1208_1465",0.762129340570001
"2026_1387_1465",0.43268927476754
"2026_1365_1465",0.813634268648199
"2026_1275_1465",0.685704204505084
"2026_1374_1465",0.869465395546104
"2026_1103_1465",0.879208590287801
"2026_1220_1465",0.307399934050559
"2026_1460_1465",0.56515726405311
"2026_1398_1465",0.486441630910944
"2026_1224_1465",0.364115380033454
"2026_1420_1465",0.39009567944802
"2026_1112_1465",0.868549853994582
"2026_1345_1465",0.871195084658354
"2026_1211_1465",0.939499688606453
"2026_1116_1465",0.604592506509147
"2026_1458_1465",0.8406836291755
"2026_1140_1465",0.853475667158121
"2026_1274_1465",0.567755447235319
"2026_1437_1465",0.822588218327762
"2026_1429_1465",0.904806799208573
"2026_1281_1465",0.927565968037989
"2026_1301_1465",0.63807877571532
"2026_1400_1465",0.834411162296309
"2026_1219_1465",0.94339624396576
"2026_1218_1465",0.363178821136239
"2026_1244_1465",0.502316060511992
"2026_1254_1465",0.376397070283054
"2026_1181_1295",0.891751895476435
"2026_1163_1295",0.772803681331503
"2026_1277_1295",0.69673699647538
"2026_1242_1295",0.393111701198221
"2026_1257_1295",0.605973849628865
"2026_1202_1295",0.483472049597659
"2026_1196_1295",0.872958818701156
"2026_1222_1295",0.842639454972468
"2026_1228_1295",0.693224110132469
"2026_1155_1295",0.702577916540844
"2026_1234_1295",0.526999481630152
"2026_1270_1295",0.732309633489172
"2026_1225_1295",0.240486242230273
"2026_1250_1295",0.13880988894582
"2026_1276_1295",0.408608268659666
"2026_1235_1295",0.590108139796394
"2026_1104_1295",0.753013908131467
"2026_1246_1295",0.627619421731702
"2026_1208_1295",0.49561849208468
"2026_1275_1295",0.400879010293157
"2026_1103_1295",0.690624672933283
"2026_1220_1295",0.119811249264282
"2026_1224_1295",0.149381281148409
"2026_1112_1295",0.669579018835338
"2026_1211_1295",0.826465721796859
"2026_1116_1295",0.319237564727862
"2026_1140_1295",0.641115689436249
"2026_1274_1295",0.287160206919617
"2026_1281_1295",0.79705230061985
"2026_1219_1295",0.836374385653778
"2026_1218_1295",0.148867744075582
"2026_1244_1295",0.236376070489728
"2026_1254_1295",0.156199126094797
"2026_1181_1202",0.927406749844956
"2026_1163_1202",0.840636123389876
"2026_1196_1202",0.914208230928768
"2026_1155_1202",0.78555922074726
"2026_1104_1202",0.825420090092288
"2026_1103_1202",0.775877093716098
"2026_1112_1202",0.758603760428831
"2026_1116_1202",0.421036564431767
"2026_1140_1202",0.734771540161982
"2026_1181_1373",0.970052913353999
"2026_1163_1373",0.930433471947098
"2026_1277_1373",0.900336050056707
"2026_1242_1373",0.718069449876864
"2026_1257_1373",0.858097318260418
"2026_1326_1373",0.790878661250782
"2026_1320_1373",0.70003505307107
"2026_1295_1373",0.850912864678925
"2026_1202_1373",0.786342903352582
"2026_1196_1373",0.964309700061191
"2026_1222_1373",0.954659584715992
"2026_1228_1373",0.898839155922716
"2026_1304_1373",0.635521634038351
"2026_1314_1373",0.818300153979279
"2026_1155_1373",0.902802647377019
"2026_1234_1373",0.814158296738047
"2026_1270_1373",0.914942127590912
"2026_1335_1373",0.422015479255526
"2026_1225_1373",0.554567034915418
"2026_1250_1373",0.387922457414902
"2026_1341_1373",0.267099246466792
"2026_1276_1373",0.730947433866654
"2026_1235_1373",0.849868355102503
"2026_1104_1373",0.923005993854374
"2026_1246_1373",0.868889337722245
"2026_1208_1373",0.794395985558458
"2026_1365_1373",0.840377658134316
"2026_1275_1373",0.72459149618303
"2026_1103_1373",0.897724933875986
"2026_1220_1373",0.34863098501949
"2026_1224_1373",0.408467195073851
"2026_1112_1373",0.888492873547256
"2026_1345_1373",0.890787244696897
"2026_1211_1373",0.949306776885539
"2026_1116_1373",0.648369222630027
"2026_1140_1373",0.87537752926165
"2026_1274_1373",0.612999954699516
"2026_1281_1373",0.939182284796379
"2026_1301_1373",0.680109697348487
"2026_1219_1373",0.952603566291297
"2026_1218_1373",0.407489661488191
"2026_1244_1373",0.548968803651424
"2026_1254_1373",0.421253830486046
"2026_1181_1196",0.635064819594068
"2026_1163_1196",0.418108214739661
"2026_1155_1196",0.332888244587308
"2026_1104_1196",0.391740230527348
"2026_1103_1196",0.320448063168251
"2026_1112_1196",0.299753251726055
"2026_1116_1196",0.0901313147771739
"2026_1140_1196",0.273975528772532
"2026_1181_1222",0.690698072145472
"2026_1163_1222",0.479719468306626
"2026_1202_1222",0.202375489403085
"2026_1196_1222",0.650673250011793
"2026_1155_1222",0.390366194548815
"2026_1104_1222",0.452487401939509
"2026_1208_1222",0.210335598915676
"2026_1103_1222",0.376991880779919
"2026_1220_1222",0.0355850509939219
"2026_1112_1222",0.354550638501352
"2026_1211_1222",0.563506669293668
"2026_1116_1222",0.112779888283628
"2026_1140_1222",0.326256107290217
"2026_1219_1222",0.580814562509224
"2026_1218_1222",0.0452655724625814
"2026_1181_1228",0.841061647206157
"2026_1163_1228",0.686024206286612
"2026_1202_1228",0.375486731754124
"2026_1196_1228",0.815291007976792
"2026_1222_1228",0.774759858653911
"2026_1155_1228",0.602762874230493
"2026_1225_1228",0.169014323070859
"2026_1104_1228",0.6619817565279
"2026_1208_1228",0.386952607097615
"2026_1103_1228",0.589143983142241
"2026_1220_1228",0.0804068232071443
"2026_1224_1228",0.101371697241925
"2026_1112_1228",0.565537777383391
"2026_1211_1228",0.753649066302239
"2026_1116_1228",0.231494536715948
"2026_1140_1228",0.534344904921925
"2026_1219_1228",0.766541019209731
"2026_1218_1228",0.1010036079034
"2026_1181_1304",0.964241781862182
"2026_1163_1304",0.91758747007851
"2026_1277_1304",0.882633386171562
"2026_1242_1304",0.679516104404419
"2026_1257_1304",0.834273080703015
"2026_1295_1304",0.826126828825742
"2026_1202_1304",0.753926379697735
"2026_1196_1304",0.957433020671617
"2026_1222_1304",0.946027623335691
"2026_1228_1304",0.880905778827005
"2026_1155_1304",0.88548238214599
"2026_1234_1304",0.784807069744554
"2026_1270_1304",0.899544376824149
"2026_1225_1304",0.508945122288013
"2026_1250_1304",0.3453798922875
"2026_1276_1304",0.693403207300745
"2026_1235_1304",0.824944392271146
"2026_1104_1304",0.908922706275178
"2026_1246_1304",0.846552981253682
"2026_1208_1304",0.762832779253636
"2026_1275_1304",0.686540694750253
"2026_1103_1304",0.879620486131361
"2026_1220_1304",0.30822751399299
"2026_1224_1304",0.36501517854301
"2026_1112_1304",0.868992680099928
"2026_1211_1304",0.939720088888207
"2026_1116_1304",0.605520681582228
"2026_1140_1304",0.853960736336297
"2026_1274_1304",0.568708408400189
"2026_1281_1304",0.92782650266854
"2026_1301_1304",0.638975283646693
"2026_1219_1304",0.943603301351517
"2026_1218_1304",0.364077630355748
"2026_1244_1304",0.503287074368031
"2026_1254_1304",0.377309210444319
"2026_1181_1435",0.885621803407354
"2026_1163_1435",0.761737318136278
"2026_1277_1435",0.683483039067026
"2026_1242_1435",0.378426213518535
"2026_1385_1435",0.718118374689992
"2026_1257_1435",0.591081246270677
"2026_1417_1435",0.645611443419941
"2026_1326_1435",0.474794100115407
"2026_1395_1435",0.262275707671725
"2026_1416_1435",0.319870149608052
"2026_1378_1435",0.201286883204569
"2026_1320_1435",0.358087585618146
"2026_1295_1435",0.57704140948905
"2026_1202_1435",0.468014124998632
"2026_1373_1435",0.257593011663465
"2026_1196_1435",0.865924485427865
"2026_1222_1435",0.83424508885897
"2026_1228_1435",0.679887162002715
"2026_1304_1435",0.294181726233688
"2026_1314_1435",0.518425161383662
"2026_1388_1435",0.833266059488702
"2026_1155_1435",0.689465458193974
"2026_1234_1435",0.511528085800371
"2026_1401_1435",0.597216209072401
"2026_1433_1435",0.706827056009604
"2026_1270_1435",0.719985541971932
"2026_1407_1435",0.485679123544003
"2026_1335_1435",0.148597442214229
"2026_1225_1435",0.229347698156295
"2026_1250_1435",0.131564904049056
"2026_1341_1435",0.0801339066215655
"2026_1276_1435",0.393719440938572
"2026_1235_1435",0.575036412182804
"2026_1104_1435",0.741306289159047
"2026_1403_1435",0.784559216161372
"2026_1397_1435",0.744953288636985
"2026_1246_1435",0.613022481798137
"2026_1208_1435",0.480133203851005
"2026_1387_1435",0.180230656721029
"2026_1365_1435",0.557223596066609
"2026_1275_1435",0.386087954205322
"2026_1374_1435",0.657538016926757
"2026_1103_1435",0.677227333806436
"2026_1220_1435",0.113427266904707
"2026_1398_1435",0.214477372474147
"2026_1224_1435",0.141675307888475
"2026_1420_1435",0.155669570670375
"2026_1112_1435",0.655724625695595
"2026_1345_1435",0.660980947667543
"2026_1211_1435",0.81739554118803
"2026_1116_1435",0.305920674840723
"2026_1140_1435",0.626733151212151
"2026_1274_1435",0.274641582081647
"2026_1429_1435",0.732611849508051
"2026_1281_1435",0.786841268106465
"2026_1301_1435",0.336961791531989
"2026_1400_1435",0.592261011825916
"2026_1219_1435",0.827714142956153
"2026_1218_1435",0.141183865138944
"2026_1244_1435",0.225371407594749
"2026_1254_1435",0.148202725229485
"2026_1181_1314",0.912589265575181
"2026_1163_1314",0.811703347672432
"2026_1277_1314",0.744352142867664
"2026_1242_1314",0.450823187369802
"2026_1257_1314",0.660903984428401
"2026_1295_1314",0.647833132557788
"2026_1202_1314",0.542589005889144
"2026_1196_1314",0.896995928324297
"2026_1222_1314",0.871569225398319
"2026_1228_1314",0.741185928391763
"2026_1304_1314",0.359790896616114
"2026_1155_1314",0.74960556494437
"2026_1234_1314",0.585406704598663
"2026_1270_1314",0.776134112644714
"2026_1225_1314",0.286363890580288
"2026_1250_1314",0.169622607605474
"2026_1276_1314",0.466844726919616
"2026_1235_1314",0.645957821764328
"2026_1104_1314",0.794400458959299
"2026_1246_1314",0.681119923485777
"2026_1208_1314",0.554625902106828
"2026_1275_1314",0.458868613497775
"2026_1103_1314",0.738839787036425
"2026_1220_1314",0.147127177747512
"2026_1224_1314",0.182044570231018
"2026_1112_1314",0.719743039623888
"2026_1211_1314",0.857867387123133
"2026_1116_1314",0.372765219567686
"2026_1140_1314",0.693623710662596
"2026_1274_1314",0.337979627269106
"2026_1281_1314",0.832699008662871
"2026_1301_1314",0.406615445650999
"2026_1219_1314",0.866273160886842
"2026_1218_1314",0.181442696498813
"2026_1244_1314",0.281760500868757
"2026_1254_1314",0.190020161846026
"2026_1181_1388",0.692205010244578
"2026_1163_1388",0.481482646728703
"2026_1277_1388",0.38544349007823
"2026_1242_1388",0.150259804884668
"2026_1385_1388",0.425268046746613
"2026_1257_1388",0.295692640383442
"2026_1326_1388",0.207964232967588
"2026_1378_1388",0.06820455482905
"2026_1320_1388",0.139433205451956
"2026_1295_1388",0.283799622012874
"2026_1202_1388",0.203518050605951
"2026_1373_1388",0.0915505444432337
"2026_1196_1388",0.652277019582888
"2026_1222_1388",0.593797287754123
"2026_1228_1388",0.381525561886442
"2026_1304_1388",0.107984923637939
"2026_1314_1388",0.238195667933702
"2026_1155_1388",0.392048430105926
"2026_1234_1388",0.233221238786102
"2026_1270_1388",0.427528644268084
"2026_1335_1388",0.0482468372543721
"2026_1225_1388",0.079560801282708
"2026_1250_1388",0.042147280788613
"2026_1341_1388",0.0246778837461945
"2026_1276_1388",0.158686263507607
"2026_1235_1388",0.282133869913025
"2026_1104_1388",0.454237875308814
"2026_1246_1388",0.315118668269968
"2026_1208_1388",0.211511183664828
"2026_1387_1388",0.0600236051521817
"2026_1365_1388",0.267679159696591
"2026_1275_1388",0.154449884314179
"2026_1374_1388",0.358015156230936
"2026_1103_1388",0.378652279269349
"2026_1220_1388",0.0358282532597143
"2026_1224_1388",0.0457481670725773
"2026_1112_1388",0.356168703556536
"2026_1345_1388",0.361545481252859
"2026_1211_1388",0.565243234250077
"2026_1116_1388",0.113488586947949
"2026_1140_1388",0.327810625866288
"2026_1274_1388",0.0990763012157191
"2026_1281_1388",0.517407492661616
"2026_1301_1388",0.128622405729105
"2026_1219_1388",0.582533281902948
"2026_1218_1388",0.0455718089247502
"2026_1244_1388",0.0779188567100833
"2026_1254_1388",0.048103619533294
"2026_1104_1155",0.651983636565355
"2026_1103_1155",0.578363650825673
"2026_1112_1155",0.554606313220649
"2026_1116_1155",0.22369541759489
"2026_1140_1155",0.523290167273049
"2026_1181_1234",0.914767048544217
"2026_1163_1234",0.815887545584217
"2026_1202_1234",0.54943381433506
"2026_1196_1234",0.899519433842456
"2026_1222_1234",0.874628596007607
"2026_1228_1234",0.746447634011074
"2026_1155_1234",0.754752736990505
"2026_1225_1234",0.292040102813295
"2026_1104_1234",0.79887387898688
"2026_1208_1234",0.561436177361342
"2026_1103_1234",0.744132724142132
"2026_1220_1234",0.150626013644931
"2026_1224_1234",0.186192497501304
"2026_1112_1234",0.725279100874769
"2026_1211_1234",0.861201172737515
"2026_1116_1234",0.379243922667344
"2026_1140_1234",0.699460278317769
"2026_1219_1234",0.869439791512876
"2026_1218_1234",0.185580021370543
"2026_1181_1401",0.88345084688968
"2026_1163_1401",0.757857875959504
"2026_1277_1401",0.678866602000894
"2026_1242_1401",0.373439227896706
"2026_1385_1401",0.713795565150708
"2026_1257_1401",0.585933573862712
"2026_1326_1401",0.469496400232008
"2026_1395_1401",0.258183589118924
"2026_1378_1401",0.197891079920009
"2026_1320_1401",0.353216317631794
"2026_1295_1401",0.571845020157346
"2026_1202_1401",0.462725424749598
"2026_1373_1401",0.253548843792154
"2026_1196_1401",0.863437313689424
"2026_1222_1401",0.831284748089593
"2026_1228_1401",0.675243198488916
"2026_1304_1401",0.289787344286321
"2026_1314_1401",0.513116255212887
"2026_1388_1401",0.830291790472614
"2026_1155_1401",0.684896048855557
"2026_1234_1401",0.506215565749866
"2026_1270_1401",0.715680029579548
"2026_1335_1401",0.145928129499249
"2026_1225_1401",0.225612216728718
"2026_1250_1401",0.129155139843587
"2026_1341_1401",0.0785809217728756
"2026_1276_1401",0.388656934918616
"2026_1235_1401",0.56983375297432
"2026_1104_1401",0.737208949585007
"2026_1397_1401",0.740893522518722
"2026_1246_1401",0.607967823304975
"2026_1208_1401",0.474829789899276
"2026_1387_1401",0.17711131136065
"2026_1365_1401",0.551972770255105
"2026_1275_1401",0.381061899951269
"2026_1374_1401",0.652735432104676
"2026_1103_1401",0.672563367040049
"2026_1220_1401",0.111307135086493
"2026_1398_1401",0.210917803372548
"2026_1224_1401",0.139110023493666
"2026_1112_1401",0.650910111559789
"2026_1345_1401",0.656201400548803
"2026_1211_1401",0.814201293019148
"2026_1116_1401",0.301425826352608
"2026_1140_1401",0.621747077874324
"2026_1274_1401",0.270427251510257
"2026_1281_1401",0.78325426802229
"2026_1301_1401",0.332229169669864
"2026_1400_1401",0.587117816837807
"2026_1219_1401",0.824661676296957
"2026_1218_1401",0.138626042024648
"2026_1244_1401",0.221682060116179
"2026_1254_1401",0.145539290920357
"2026_1181_1433",0.823374361093879
"2026_1163_1433",0.658097386225742
"2026_1277_1433",0.565232069846141
"2026_1242_1433",0.268227428908955
"2026_1385_1433",0.60533535155915
"2026_1257_1433",0.465314792606008
"2026_1417_1433",0.52308430144675
"2026_1326_1433",0.352444770456504
"2026_1395_1433",0.176306445234276
"2026_1416_1433",0.220669412036936
"2026_1378_1433",0.131738770441791
"2026_1320_1433",0.251415851012118
"2026_1295_1433",0.450967771871665
"2026_1202_1433",0.346260068593885
"2026_1373_1433",0.172799128245658
"2026_1196_1433",0.795433396324252
"2026_1222_1433",0.751870992734822
"2026_1228_1433",0.561155343013008
"2026_1304_1433",0.200597986700133
"2026_1314_1433",0.393251030569708
"2026_1388_1433",0.750550903428109
"2026_1155_1433",0.572050099776119
"2026_1234_1433",0.386682097652117
"2026_1401_1433",0.47165000724333
"2026_1270_1433",0.607541306941714
"2026_1407_1433",0.362460624456837
"2026_1335_1433",0.0950871195777274
"2026_1225_1433",0.151948575229879
"2026_1250_1433",0.0835858938332802
"2026_1341_1433",0.0498344340541821
"2026_1276_1433",0.281081105736243
"2026_1235_1433",0.448935869942282
"2026_1104_1433",0.633060286447999
"2026_1403_1433",0.686764244768012
"2026_1397_1433",0.637487055622673
"2026_1246_1433",0.488160712083211
"2026_1208_1433",0.3573441434725
"2026_1387_1433",0.11689308388851
"2026_1365_1433",0.431066952670706
"2026_1275_1433",0.274643875021058
"2026_1374_1433",0.536171925779185
"2026_1103_1433",0.558150112105045
"2026_1220_1433",0.0715179638351856
"2026_1398_1433",0.141177289479129
"2026_1224_1433",0.0903930171747537
"2026_1420_1433",0.099911408550107
"2026_1112_1433",0.534171165195609
"2026_1345_1433",0.539981380309427
"2026_1211_1433",0.729364303236101
"2026_1116_1433",0.209712139015182
"2026_1140_1433",0.502706538806215
"2026_1274_1433",0.18563897274941
"2026_1429_1433",0.6225800351792
"2026_1281_1433",0.68967244752587
"2026_1301_1433",0.234286368000506
"2026_1400_1433",0.466529923922844
"2026_1219_1433",0.743093902940139
"2026_1218_1433",0.0900607971312748
"2026_1244_1433",0.14905464198386
"2026_1254_1433",0.0948187115543497
"2026_1181_1270",0.813817982903061
"2026_1163_1270",0.643470780587311
"2026_1242_1270",0.255783406232814
"2026_1257_1270",0.449341764497606
"2026_1202_1270",0.33183749480386
"2026_1196_1270",0.78476045442405
"2026_1222_1270",0.739669096909012
"2026_1228_1270",0.545247304176217
"2026_1155_1270",0.55622467128164
"2026_1234_1270",0.371532712723739
"2026_1225_1270",0.143838769554955
"2026_1250_1270",0.0787857761624092
"2026_1235_1270",0.433069695043325
"2026_1104_1270",0.617984343322274
"2026_1246_1270",0.472095882187068
"2026_1208_1270",0.342701911049801
"2026_1103_1270",0.542222004257968
"2026_1220_1270",0.0673599352819202
"2026_1224_1270",0.0852383445014548
"2026_1112_1270",0.518124929856509
"2026_1211_1270",0.716472988791496
"2026_1116_1270",0.199243693535287
"2026_1140_1270",0.486618121336417
"2026_1219_1270",0.730615031378873
"2026_1218_1270",0.084923300601331
"2026_1244_1270",0.141073597780029
"2026_1254_1270",0.0894364777984717
"2026_1181_1407",0.922492248488484
"2026_1163_1407",0.830918306632311
"2026_1277_1407",0.768479685019549
"2026_1242_1407",0.483428065959402
"2026_1385_1407",0.796582259579657
"2026_1257_1407",0.689623235302456
"2026_1326_1407",0.581519047844748
"2026_1395_1407",0.353371414321825
"2026_1378_1407",0.279216939276553
"2026_1320_1407",0.461637352800415
"2026_1295_1407",0.677118572690808
"2026_1202_1407",0.574883223619276
"2026_1373_1407",0.347829131851813
"2026_1196_1407",0.908488369759816
"2026_1222_1407",0.885536579464944
"2026_1228_1407",0.765518158613006
"2026_1304_1407",0.390493422272356
"2026_1314_1407",0.623318008055384
"2026_1388_1407",0.884818675051475
"2026_1155_1407",0.773388243921511
"2026_1234_1407",0.616812818403237
"2026_1401_1407",0.695042544242803
"2026_1270_1407",0.798075829884259
"2026_1335_1407",0.211530814107028
"2026_1225_1407",0.313872498706742
"2026_1250_1407",0.188885064034934
"2026_1341_1407",0.118093688500511
"2026_1276_1407",0.499554305609601
"2026_1235_1407",0.675321051784686
"2026_1104_1407",0.814978636036353
"2026_1403_1407",0.848432242674441
"2026_1397_1407",0.817842235033694
"2026_1246_1407",0.708881196497786
"2026_1208_1407",0.5867175930907
"2026_1387_1407",0.252586642122027
"2026_1365_1407",0.659220664997076
"2026_1275_1407",0.491534565769255
"2026_1374_1407",0.746922075993146
"2026_1103_1407",0.763322154754233
"2026_1220_1407",0.16434062019862
"2026_1398_1407",0.295624083316033
"2026_1224_1407",0.202373879968902
"2026_1112_1407",0.745398722972975
"2026_1345_1407",0.749808309672767
"2026_1211_1407",0.873107921802763
"2026_1116_1407",0.403876450760142
"2026_1140_1407",0.720742728478633
"2026_1274_1407",0.367890453347475
"2026_1281_1407",0.850166931211142
"2026_1301_1407",0.438576423185885
"2026_1400_1407",0.690667483540859
"2026_1219_1407",0.880737669553521
"2026_1218_1407",0.201721369425135
"2026_1244_1407",0.309018384831289
"2026_1254_1407",0.211010359117703
"2026_1181_1335",0.984708461494194
"2026_1163_1335",0.963753560104842
"2026_1277_1335",0.947254606180013
"2026_1242_1335",0.835075305659763
"2026_1257_1335",0.923204409113149
"2026_1326_1335",0.882607473120387
"2026_1320_1335",0.822677213748517
"2026_1295_1335",0.919005153767807
"2026_1202_1335",0.879758793486522
"2026_1196_1335",0.981722914293949
"2026_1222_1335",0.976667144441499
"2026_1228_1335",0.946420464793059
"2026_1304_1335",0.77610425555991
"2026_1314_1335",0.899528848350691
"2026_1155_1335",0.948626267909499
"2026_1234_1335",0.897005552199747
"2026_1270_1335",0.955325802831661
"2026_1225_1335",0.712235942382459
"2026_1250_1335",0.557512793335749
"2026_1276_1335",0.843771518201769
"2026_1235_1335",0.918391948255308
"2026_1104_1335",0.959729626671619
"2026_1246_1335",0.929451975650161
"2026_1208_1335",0.884806678885003
"2026_1275_1335",0.839495614623141
"2026_1103_1335",0.945798717822077
"2026_1220_1335",0.515511295357613
"2026_1224_1335",0.578549523210622
"2026_1112_1335",0.940619093440422
"2026_1211_1335",0.973841316818173
"2026_1116_1335",0.785667652595759
"2026_1140_1335",0.933173643211458
"2026_1274_1335",0.758974869089547
"2026_1281_1335",0.968454051722374
"2026_1301_1335",0.808671878899065
"2026_1219_1335",0.975583562714957
"2026_1218_1335",0.577562376500026
"2026_1244_1335",0.707574401722534
"2026_1254_1335",0.591337912801171
"2026_1181_1225",0.974203966709383
"2026_1163_1225",0.939735114084496
"2026_1202_1225",0.810997077223277
"2026_1196_1225",0.969231586619716
"2026_1222_1225",0.960858256808729
"2026_1155_1225",0.915463096757841
"2026_1104_1225",0.933229484685253
"2026_1208_1225",0.818335584440738
"2026_1103_1225",0.910981565881714
"2026_1220_1225",0.384242128395382
"2026_1224_1225",0.44600533332135
"2026_1112_1225",0.902816599476006
"2026_1211_1225",0.956203680533192
"2026_1116_1225",0.682516317616233
"2026_1140_1225",0.891179653156922
"2026_1219_1225",0.959071274092459
"2026_1218_1225",0.445005546825132
"2026_1181_1250",0.986699900170383
"2026_1163_1250",0.968386372314488
"2026_1242_1250",0.853657632128783
"2026_1202_1250",0.893945946583656
"2026_1196_1250",0.984096885659462
"2026_1222_1250",0.979684209472298
"2026_1228_1250",0.953161023370939
"2026_1155_1250",0.955102490460365
"2026_1234_1250",0.909367413644157
"2026_1225_1250",0.740355435533589
"2026_1235_1250",0.928391832936084
"2026_1104_1250",0.964858001133827
"2026_1246_1250",0.938187828723083
"2026_1208_1250",0.898466974191075
"2026_1103_1250",0.952613578765123
"2026_1220_1250",0.550728239895793
"2026_1224_1250",0.612627492104707
"2026_1112_1250",0.948049429824641
"2026_1211_1250",0.977215252391438
"2026_1116_1250",0.808540496587874
"2026_1140_1250",0.941477664943877
"2026_1219_1250",0.978737690453662
"2026_1218_1250",0.611666588523109
"2026_1244_1250",0.735980553071208
"2026_1181_1341",0.99230859663538
"2026_1163_1341",0.981573722547852
"2026_1277_1341",0.972958701559779
"2026_1242_1341",0.910268508582858
"2026_1257_1341",0.960135504948354
"2026_1326_1341",0.937745175883254
"2026_1320_1341",0.902865510369059
"2026_1295_1341",0.9578635069441
"2026_1202_1341",0.93613767109284
"2026_1196_1341",0.99079303931803
"2026_1222_1341",0.988216113072072
"2026_1228_1341",0.972519264417207
"2026_1304_1341",0.874131294910013
"2026_1314_1341",0.947194314107435
"2026_1155_1341",0.973680492366583
"2026_1234_1341",0.945795983489691
"2026_1270_1341",0.977191319058409
"2026_1335_1341",0.74412256859087
"2026_1225_1341",0.832179504463774
"2026_1250_1341",0.716254695050718
"2026_1276_1341",0.915401566134519
"2026_1235_1341",0.957530899639791
"2026_1104_1341",0.979486001982649
"2026_1246_1341",0.963497402419027
"2026_1208_1341",0.938982853949533
"2026_1275_1341",0.912883732386478
"2026_1103_1341",0.972191474057507
"2026_1220_1341",0.680691179739138
"2026_1224_1341",0.733354034800192
"2026_1112_1341",0.96945255345008
"2026_1211_1341",0.986770027165962
"2026_1116_1341",0.880154171863156
"2026_1140_1341",0.96548973431617
"2026_1274_1341",0.863179446400122
"2026_1281_1341",0.984001631127493
"2026_1301_1341",0.894380499689801
"2026_1219_1341",0.987662092033187
"2026_1218_1341",0.73256186991966
"2026_1244_1341",0.82899444580436
"2026_1254_1341",0.743527422415073
"2026_1181_1276",0.945375831141647
"2026_1163_1276",0.877240559949413
"2026_1242_1276",0.576419732614902
"2026_1257_1276",0.763644181814209
"2026_1202_1276",0.662891865390702
"2026_1196_1276",0.935216136278713
"2026_1222_1276",0.91836550490887
"2026_1228_1276",0.826005807159368
"2026_1155_1276",0.83229047509922
"2026_1234_1276",0.700660924058321
"2026_1270_1276",0.851790839386007
"2026_1225_1276",0.399470575564434
"2026_1250_1276",0.252964041894877
"2026_1235_1276",0.751523921079929
"2026_1104_1276",0.86495806817105
"2026_1246_1276",0.779776018661507
"2026_1208_1276",0.673666989178802
"2026_1275_1276",0.584321718605162
"2026_1103_1276",0.824246232334404
"2026_1220_1276",0.222375775868415
"2026_1224_1276",0.269508434997043
"2026_1112_1276",0.809786832385153
"2026_1211_1276",0.909135710962507
"2026_1116_1276",0.496266610991944
"2026_1140_1276",0.789606289094691
"2026_1274_1276",0.458378437789217
"2026_1219_1276",0.914810549311392
"2026_1218_1276",0.268712387188507
"2026_1244_1276",0.394052941334901
"2026_1254_1276",0.280004180855776
"2026_1181_1235",0.892541853444927
"2026_1163_1235",0.774241926981838
"2026_1202_1235",0.485522542732184
"2026_1196_1235",0.873866523684022
"2026_1222_1235",0.843725010061092
"2026_1228_1235",0.69496728388659
"2026_1155_1235",0.704290612230032
"2026_1234_1235",0.529045500975429
"2026_1225_1235",0.241988990882275
"2026_1104_1235",0.754537639825209
"2026_1208_1235",0.497670865907258
"2026_1103_1235",0.69237606272361
"2026_1220_1235",0.120679740167104
"2026_1224_1235",0.150427487205566
"2026_1112_1235",0.671392860730783
"2026_1211_1235",0.827640029351121
"2026_1116_1235",0.321024417388627
"2026_1140_1235",0.643002473544625
"2026_1219_1235",0.837494825424649
"2026_1218_1235",0.149910987383977
"2026_1181_1438",0.978764139477044
"2026_1163_1438",0.95007636731706
"2026_1277_1438",0.927818000252315
"2026_1242_1438",0.783738375343632
"2026_1385_1438",0.938136614330859
"2026_1257_1438",0.895879484396555
"2026_1417_1438",0.915569981245993
"2026_1326_1438",0.843289576229363
"2026_1395_1438",0.679101555120245
"2026_1416_1438",0.736809499640577
"2026_1378_1438",0.600020186462107
"2026_1320_1438",0.768550687174232
"2026_1295_1438",0.890363516667652
"2026_1202_1438",0.839660125061396
"2026_1373_1438",0.673773735728708
"2026_1196_1438",0.974647892325505
"2026_1222_1438",0.967699436064204
"2026_1228_1438",0.926700264340989
"2026_1304_1438",0.71272583166471
"2026_1435_1438",0.896269242770372
"2026_1314_1438",0.865011581583336
"2026_1388_1438",0.967477924302045
"2026_1155_1438",0.929657582719243
"2026_1234_1438",0.861754625924366
"2026_1401_1438",0.898228936906253
"2026_1433_1438",0.934859100166909
"2026_1270_1438",0.938670858395464
"2026_1407_1438",0.848966838366894
"2026_1335_1438",0.509542775926891
"2026_1225_1438",0.639183430544679
"2026_1250_1438",0.474179819218353
"2026_1341_1438",0.341479239365242
"2026_1276_1438",0.794475288764511
"2026_1235_1438",0.889559526552203
"2026_1104_1438",0.944621295900084
"2026_1403_1438",0.955902627038061
"2026_1397_1438",0.945612302830131
"2026_1246_1438",0.90411915077042
"2026_1208_1438",0.846096916265581
"2026_1387_1438",0.566855817141431
"2026_1365_1438",0.88223024227478
"2026_1275_1438",0.789187265288932
"2026_1374_1438",0.919543582971917
"2026_1103_1438",0.925867605087552
"2026_1220_1438",0.4323225391781
"2026_1398_1438",0.619087011162569
"2026_1224_1438",0.495593937997929
"2026_1420_1438",0.523236145699362
"2026_1112_1438",0.918946535885387
"2026_1345_1438",0.920670240106251
"2026_1211_1438",0.963827759119523
"2026_1116_1438",0.724033755236537
"2026_1140_1438",0.909046441636121
"2026_1274_1438",0.692667717612519
"2026_1437_1438",0.88834078081602
"2026_1429_1438",0.942227537202638
"2026_1281_1438",0.956470426190253
"2026_1301_1438",0.751561330605283
"2026_1400_1438",0.8963341077826
"2026_1219_1438",0.966213799273067
"2026_1218_1438",0.494582230276804
"2026_1244_1438",0.633946702322185
"2026_1254_1438",0.508762208087756
"2026_1103_1104",0.515223284577671
"2026_1181_1403",0.755278528328468
"2026_1163_1403",0.560308541566134
"2026_1277_1403",0.462572979181161
"2026_1242_1403",0.195282010993907
"2026_1385_1403",0.503833314453
"2026_1257_1403",0.36554507242492
"2026_1326_1403",0.264886633830626
"2026_1395_1403",0.124119207285343
"2026_1378_1403",0.0912817420811664
"2026_1320_1403",0.181905890631198
"2026_1295_1403",0.352247665807517
"2026_1202_1403",0.259622389888341
"2026_1373_1403",0.121496932967408
"2026_1196_1403",0.720225588004024
"2026_1222_1403",0.667345462978148
"2026_1228_1403",0.458455910780639
"2026_1304_1403",0.142464007995215
"2026_1314_1403",0.300255893464974
"2026_1388_1403",0.66577558124331
"2026_1155_1403",0.469489904588948
"2026_1234_1403",0.294486419280928
"2026_1401_1403",0.371465631682919
"2026_1270_1403",0.506143751644905
"2026_1335_1403",0.0650426449292296
"2026_1225_1403",0.106043117209959
"2026_1250_1403",0.0569467459240747
"2026_1341_1403",0.0335581073734704
"2026_1276_1403",0.205622321097845
"2026_1235_1403",0.35037670449312
"2026_1104_1403",0.53318998666865
"2026_1397_1403",0.537942207050107
"2026_1246_1403",0.387038338248808
"2026_1208_1403",0.269074608620327
"2026_1387_1403",0.0805720990935792
"2026_1365_1403",0.334052655670176
"2026_1275_1403",0.200431427682325
"2026_1374_1403",0.43352788894388
"2026_1103_1403",0.45542989374228
"2026_1220_1403",0.0485212731226975
"2026_1398_1403",0.0981493465450357
"2026_1224_1403",0.0617305494206356
"2026_1112_1403",0.431553780034647
"2026_1345_1403",0.437295626506435
"2026_1211_1403",0.640834300131517
"2026_1116_1403",0.149430583087176
"2026_1140_1403",0.400931256626432
"2026_1274_1403",0.131129051686467
"2026_1281_1403",0.595361757563494
"2026_1301_1403",0.168446601353018
"2026_1400_1403",0.366678337664699
"2026_1219_1403",0.656942663585796
"2026_1218_1403",0.0614965501047808
"2026_1244_1403",0.103916343685431
"2026_1254_1403",0.0648529672060984
"2026_1181_1397",0.793725035123327
"2026_1163_1397",0.61371981148266
"2026_1277_1397",0.517635811178892
"2026_1242_1397",0.232279203567613
"2026_1385_1397",0.558701720169297
"2026_1257_1397",0.418042212453879
"2026_1326_1397",0.30999094557632
"2026_1395_1397",0.150149831595402
"2026_1378_1397",0.111300723328243
"2026_1320_1397",0.217052437759019
"2026_1295_1397",0.404051299876926
"2026_1202_1397",0.304201255255941
"2026_1373_1397",0.147069949354318
"2026_1196_1397",0.762446961965642
"2026_1222_1397",0.71438238796574
"2026_1228_1397",0.513496920937745
"2026_1304_1397",0.171588250235544
"2026_1314_1397",0.34852740705664
"2026_1388_1397",0.712939000333405
"2026_1155_1397",0.524572430413799
"2026_1234_1397",0.342284101493316
"2026_1270_1397",0.560979290252416
"2026_1335_1397",0.0798125507144157
"2026_1225_1397",0.128840418014598
"2026_1250_1397",0.0700159054639822
"2026_1341_1397",0.0414958077607
"2026_1276_1397",0.243984577062634
"2026_1235_1397",0.402075979232076
"2026_1104_1397",0.587470088591881
"2026_1246_1397",0.440479199531837
"2026_1208_1397",0.31458686490628
"2026_1387_1397",0.0984969319003418
"2026_1365_1397",0.384769908781642
"2026_1275_1397",0.238115529424487
"2026_1374_1397",0.488274509758134
"2026_1103_1397",0.510450044414069
"2026_1220_1397",0.05977937533728
"2026_1224_1397",0.0758093270618192
"2026_1112_1397",0.486265103249729
"2026_1345_1397",0.492104710629965
"2026_1211_1397",0.689877836698536
"2026_1116_1397",0.179680605235739
"2026_1140_1397",0.454866880856451
"2026_1274_1397",0.158363993614773
"2026_1281_1397",0.647196094251625
"2026_1301_1397",0.201633581838252
"2026_1219_1397",0.704799859932338
"2026_1218_1397",0.0755262557908715
"2026_1244_1397",0.126321034935382
"2026_1254_1397",0.0795834672006678
"2026_1181_1246",0.876464412918294
"2026_1163_1246",0.745511574194854
"2026_1242_1246",0.358094032111009
"2026_1202_1246",0.446324834012547
"2026_1196_1246",0.855447483415009
"2026_1222_1246",0.821802011341076
"2026_1228_1246",0.66057117466363
"2026_1155_1246",0.670447286896259
"2026_1234_1246",0.489678421614547
"2026_1225_1246",0.214264192830111
"2026_1235_1246",0.553548148511755
"2026_1104_1246",0.724192965101145
"2026_1208_1246",0.458366189810292
"2026_1103_1246",0.657831623072575
"2026_1220_1246",0.104929475356777
"2026_1224_1246",0.131374816777965
"2026_1112_1246",0.635731803694591
"2026_1211_1246",0.803984780661791
"2026_1116_1246",0.28768110277229
"2026_1140_1246",0.606068166161203
"2026_1219_1246",0.814889579412795
"2026_1218_1246",0.130913654663471
"2026_1244_1246",0.210477988525158
"2026_1181_1208",0.924065433948361
"2026_1163_1208",0.834015746611122
"2026_1202_1208",0.580301913632042
"2026_1196_1208",0.910318161065597
"2026_1155_1208",0.777257069742153
"2026_1104_1208",0.818304226244845
"2026_1103_1208",0.767311128372334
"2026_1112_1208",0.749590679944719
"2026_1116_1208",0.409234923524427
"2026_1140_1208",0.72519097596606
"2026_1181_1387",0.980813725389414
"2026_1163_1387",0.954766803355444
"2026_1277_1387",0.934455388327464
"2026_1242_1387",0.80077965567777
"2026_1385_1387",0.943882558128784
"2026_1257_1387",0.905153509736537
"2026_1326_1387",0.856497474033466
"2026_1378_1387",0.62460419503981
"2026_1320_1387",0.786462673093873
"2026_1295_1387",0.900074049606832
"2026_1202_1387",0.853120641378722
"2026_1373_1387",0.696120416374778
"2026_1196_1387",0.977085458130851
"2026_1222_1387",0.970785059447422
"2026_1228_1387",0.933433058150831
"2026_1304_1387",0.733459809295411
"2026_1314_1387",0.876656479466991
"2026_1155_1387",0.936137457896536
"2026_1234_1387",0.87363944488648
"2026_1270_1387",0.944370123430372
"2026_1335_1387",0.535381697548299
"2026_1225_1387",0.662713433149485
"2026_1250_1387",0.500053828853059
"2026_1341_1387",0.365140577252104
"2026_1276_1387",0.810874671822635
"2026_1235_1387",0.899333217970647
"2026_1104_1387",0.9497971662199
"2026_1246_1387",0.912730759455828
"2026_1208_1387",0.859107736615488
"2026_1365_1387",0.892574226565211
"2026_1275_1387",0.805905510694731
"2026_1374_1387",0.926881871861839
"2026_1103_1387",0.932671324318577
"2026_1220_1387",0.457901534256455
"2026_1224_1387",0.521477597731414
"2026_1112_1387",0.926334917928395
"2026_1345_1387",0.92791382431425
"2026_1211_1387",0.967270728720046
"2026_1116_1387",0.744244452580025
"2026_1140_1387",0.917256003615183
"2026_1274_1387",0.714269009078418
"2026_1281_1387",0.960585048400358
"2026_1301_1387",0.770395330549041
"2026_1219_1387",0.969436860941995
"2026_1218_1387",0.520467572532672
"2026_1244_1387",0.657635289638837
"2026_1254_1387",0.534604692653683
"2026_1181_1365",0.89930265190501
"2026_1163_1365",0.786666652405993
"2026_1277_1365",0.713520798791085
"2026_1242_1365",0.412530816813338
"2026_1257_1365",0.625077810253871
"2026_1326_1365",0.510451352028624
"2026_1320_1365",0.391513763811482
"2026_1295_1365",0.611437898847429
"2026_1202_1365",0.503650479256543
"2026_1196_1365",0.881646488221924
"2026_1222_1365",0.853051484251049
"2026_1228_1365",0.710121442145104
"2026_1304_1365",0.324659630680602
"2026_1314_1365",0.553903372342579
"2026_1155_1365",0.719168753991683
"2026_1234_1365",0.547070490000374
"2026_1270_1365",0.747837225390516
"2026_1335_1365",0.167573411882147
"2026_1225_1365",0.255540511926793
"2026_1250_1365",0.14874580827559
"2026_1341_1365",0.091304630850776
"2026_1276_1365",0.428252708669196
"2026_1235_1365",0.609485608120194
"2026_1104_1365",0.767721462648064
"2026_1246_1365",0.646286501966523
"2026_1208_1365",0.515797638513259
"2026_1275_1365",0.420416019331947
"2026_1103_1365",0.707604791844425
"2026_1220_1365",0.128590316293219
"2026_1224_1365",0.159933366651639
"2026_1112_1365",0.687191048018817
"2026_1345_1365",0.692192465411475
"2026_1211_1365",0.837741843865354
"2026_1116_1365",0.337034024450954
"2026_1140_1365",0.659473292332901
"2026_1274_1365",0.303966910128929
"2026_1281_1365",0.809799832349462
"2026_1301_1365",0.369551250190528
"2026_1219_1365",0.847125746997848
"2026_1218_1365",0.159390351407365
"2026_1244_1365",0.251258162864556
"2026_1254_1365",0.167138184413002
"2026_1181_1275",0.947009090399902
"2026_1163_1275",0.88065387430859
"2026_1242_1275",0.584233095846249
"2026_1257_1275",0.769385697359166
"2026_1202_1275",0.670023272987321
"2026_1196_1275",0.937132968943759
"2026_1222_1275",0.920738660587842
"2026_1228_1275",0.830568554040933
"2026_1155_1275",0.83672099338303
"2026_1234_1275",0.707346079398998
"2026_1270_1275",0.855795458019075
"2026_1225_1275",0.407191134532289
"2026_1250_1275",0.259074623111487
"2026_1235_1275",0.757466351001513
"2026_1104_1275",0.868661765490792
"2026_1246_1275",0.785235870772831
"2026_1208_1275",0.680680254992515
"2026_1103_1275",0.828845560504698
"2026_1220_1275",0.227972955558942
"2026_1224_1275",0.275871077399174
"2026_1112_1275",0.814679474977094
"2026_1211_1275",0.911751398177891
"2026_1116_1275",0.504286985298893
"2026_1140_1275",0.794886533586143
"2026_1274_1275",0.466353373805862
"2026_1219_1275",0.917277740534716
"2026_1218_1275",0.275063312789279
"2026_1244_1275",0.401738839776783
"2026_1254_1275",0.286517421856921
"2026_1181_1374",0.854091661631441
"2026_1163_1374",0.707341750209423
"2026_1277_1374",0.620131260955902
"2026_1242_1374",0.315192733416196
"2026_1257_1374",0.522164808024249
"2026_1326_1374",0.405975258247165
"2026_1320_1374",0.296630756243791
"2026_1295_1374",0.507729418413637
"2026_1202_1374",0.399430623174973
"2026_1373_1374",0.207800240786372
"2026_1196_1374",0.830006722529713
"2026_1222_1374",0.791880383842317
"2026_1228_1374",0.616219789151161
"2026_1304_1374",0.239598910671089
"2026_1314_1374",0.448684918346597
"2026_1155_1374",0.626657016452306
"2026_1234_1374",0.441864350228065
"2026_1270_1374",0.660308720222956
"2026_1335_1374",0.116565505436882
"2026_1225_1374",0.183664045319477
"2026_1250_1374",0.102761386994532
"2026_1341_1374",0.0617890498678125
"2026_1276_1374",0.329284289955983
"2026_1235_1374",0.505677321075739
"2026_1104_1374",0.684180190794681
"2026_1246_1374",0.544957105268729
"2026_1208_1374",0.411146298771547
"2026_1365_1374",0.487548090937701
"2026_1275_1374",0.322237936793147
"2026_1103_1374",0.613331809811597
"2026_1220_1374",0.0881913739845772
"2026_1224_1374",0.110941086343617
"2026_1112_1374",0.590148539529035
"2026_1345_1374",0.595788888115879
"2026_1211_1374",0.771901802389388
"2026_1116_1374",0.249931054085187
"2026_1140_1374",0.559345853630942
"2026_1274_1374",0.22254116406218
"2026_1281_1374",0.736192082437158
"2026_1301_1374",0.277562919296162
"2026_1219_1374",0.784112181619052
"2026_1218_1374",0.110542524080827
"2026_1244_1374",0.180294493017383
"2026_1254_1374",0.116244257361638
"2026_1181_1220",0.988744768671532
"2026_1163_1220",0.973170353800958
"2026_1202_1220",0.908935427338204
"2026_1196_1220",0.986536502520361
"2026_1155_1220",0.961817415573557
"2026_1104_1220",0.970159465803777
"2026_1208_1220",0.912879735055293
"2026_1103_1220",0.959685036003071
"2026_1112_1220",0.955770369632732
"2026_1211_1220",0.980689831307738
"2026_1116_1220",0.833350740831022
"2026_1140_1220",0.95012392283667
"2026_1219_1220",0.981984384044658
"2026_1218_1220",0.650975949845269
"2026_1181_1460",0.967741408268855
"2026_1163_1460",0.925299381085242
"2026_1277_1460",0.893235613110307
"2026_1242_1460",0.702277639188445
"2026_1385_1460",0.90800771598262
"2026_1257_1460",0.848494021723088
"2026_1417_1460",0.875904417502049
"2026_1326_1460",0.777903727390252
"2026_1395_1460",0.579379589005113
"2026_1416_1460",0.645663709293601
"2026_1378_1460",0.494032859692718
"2026_1320_1460",0.683678073594622
"2026_1295_1460",0.840913499160072
"2026_1202_1460",0.773167263067115
"2026_1373_1460",0.573436076788065
"2026_1196_1460",0.961572458263093
"2026_1222_1460",0.951219673233672
"2026_1228_1460",0.891644909185678
"2026_1304_1460",0.617568597701758
"2026_1435_1460",0.849031268856198
"2026_1314_1460",0.806610560382098
"2026_1388_1460",0.950890881408516
"2026_1155_1460",0.895857613399707
"2026_1234_1460",0.802266626613475
"2026_1401_1460",0.851735760159693
"2026_1433_1460",0.903298512789547
"2026_1270_1460",0.9087768488012
"2026_1407_1460",0.785346814337565
"2026_1335_1460",0.403418067692804
"2026_1225_1460",0.53554067253951
"2026_1250_1460",0.369866029426997
"2026_1341_1460",0.252348087744416
"2026_1276_1460",0.715591256702966
"2026_1235_1460",0.839812121999733
"2026_1438_1460",0.485804666186419
"2026_1104_1460",0.917372425746137
"2026_1403_1460",0.933815768500223
"2026_1397_1460",0.918809142313358
"2026_1246_1460",0.859897147833362
"2026_1208_1460",0.781579013740188
"2026_1387_1460",0.459989581808848
"2026_1365_1460",0.829813014073334
"2026_1275_1460",0.709016967108037
"2026_1374_1460",0.881503222713708
"2026_1103_1460",0.890461103859351
"2026_1220_1460",0.331413178642715
"2026_1398_1460",0.514060277923592
"2026_1224_1460",0.390063901885328
"2026_1420_1460",0.416682441707401
"2026_1112_1460",0.880660523248364
"2026_1345_1460",0.883094848138784
"2026_1211_1460",0.945483946634761
"2026_1116_1460",0.630681262173918
"2026_1458_1460",0.85493284447427
"2026_1140_1460",0.866762094123371
"2026_1274_1460",0.594645146767412
"2026_1437_1460",0.838144284684703
"2026_1429_1460",0.913908174729844
"2026_1281_1460",0.934648515979589
"2026_1301_1460",0.663188958922829
"2026_1400_1460",0.849120700140298
"2026_1219_1460",0.949015998235305
"2026_1218_1460",0.389101440234858
"2026_1244_1460",0.52990601721318
"2026_1254_1460",0.402666599888925
"2026_1181_1398",0.976282686310003
"2026_1163_1398",0.94443300457914
"2026_1277_1398",0.919870759766634
"2026_1242_1398",0.763963546696846
"2026_1385_1398",0.931241260985266
"2026_1257_1398",0.88485222254163
"2026_1326_1398",0.827763392103468
"2026_1395_1398",0.653982997277237
"2026_1378_1398",0.572607250722871
"2026_1320_1398",0.747833933846907
"2026_1295_1398",0.878831078498222
"2026_1202_1398",0.823849463759336
"2026_1373_1398",0.648454024725495
"2026_1196_1398",0.971699355090308
"2026_1222_1398",0.963972641575829
"2026_1228_1398",0.918640752321449
"2026_1304_1398",0.689034041050063
"2026_1314_1398",0.851257920877148
"2026_1388_1398",0.963726530103815
"2026_1155_1398",0.921895830567564
"2026_1234_1398",0.847727537639137
"2026_1270_1398",0.931830725432286
"2026_1335_1398",0.481289540354444
"2026_1225_1398",0.612722160068555
"2026_1250_1398",0.446103905024866
"2026_1341_1398",0.316530656539048
"2026_1276_1398",0.775400885045654
"2026_1235_1398",0.877954110679962
"2026_1104_1398",0.938401272647889
"2026_1397_1398",0.939496458123622
"2026_1246_1398",0.893861153785164
"2026_1208_1398",0.830793062246195
"2026_1387_1398",0.538916572737309
"2026_1365_1398",0.86996722599269
"2026_1275_1398",0.76976431286874
"2026_1374_1398",0.910772939881838
"2026_1103_1398",0.917724668222214
"2026_1220_1398",0.404816948873953
"2026_1224_1398",0.467377099174092
"2026_1112_1398",0.910117169886258
"2026_1345_1398",0.912010662928565
"2026_1211_1398",0.959672871669645
"2026_1116_1398",0.700883156964582
"2026_1140_1398",0.899256861045131
"2026_1274_1398",0.668092061355047
"2026_1281_1398",0.951512960075197
"2026_1301_1398",0.72985839733627
"2026_1219_1398",0.962322268001352
"2026_1218_1398",0.466369735111834
"2026_1244_1398",0.607337312354097
"2026_1254_1398",0.480509850335356
"2026_1181_1224",0.985526354524473
"2026_1163_1224",0.965653166434161
"2026_1202_1224",0.885537590089072
"2026_1196_1224",0.982697688357245
"2026_1222_1224",0.97790549002342
"2026_1155_1224",0.951278587909944
"2026_1104_1224",0.961831767730828
"2026_1208_1224",0.890373104559271
"2026_1103_1224",0.948589106978899
"2026_1220_1224",0.529432319547857
"2026_1112_1224",0.943660255543191
"2026_1211_1224",0.975225833386455
"2026_1116_1224",0.794914317558137
"2026_1140_1224",0.936570406618743
"2026_1219_1224",0.976878055786731
"2026_1218_1224",0.591114625670793
"2026_1181_1420",0.983860431833256
"2026_1163_1420",0.961788520485314
"2026_1277_1420",0.944446662835976
"2026_1242_1420",0.827383664845863
"2026_1385_1420",0.952509836167931
"2026_1257_1420",0.91922531120179
"2026_1417_1420",0.93482202304299
"2026_1326_1420",0.87680557473339
"2026_1395_1420",0.73677176927486
"2026_1416_1420",0.78735615346348
"2026_1378_1420",0.664889371061795
"2026_1320_1420",0.814535776567874
"2026_1295_1420",0.914828548238307
"2026_1202_1420",0.873836229829321
"2026_1373_1420",0.732023609147136
"2026_1196_1420",0.980712556841017
"2026_1222_1420",0.975384311735835
"2026_1228_1420",0.94357076059988
"2026_1304_1420",0.766431602560007
"2026_1314_1420",0.894463255851423
"2026_1388_1420",0.975214151687113
"2026_1155_1420",0.945887174654033
"2026_1234_1420",0.891828037978111
"2026_1401_1420",0.921094369034789
"2026_1270_1420",0.952926183335275
"2026_1407_1420",0.88143933776546
"2026_1335_1420",0.578784704608942
"2026_1225_1420",0.700867554856033
"2026_1250_1420",0.54394582743335
"2026_1341_1420",0.406826911206171
"2026_1276_1420",0.836405993107667
"2026_1235_1420",0.914186674608084
"2026_1104_1420",0.957556043702443
"2026_1403_1420",0.966296420037877
"2026_1397_1420",0.9583257939285
"2026_1246_1420",0.925770562255501
"2026_1208_1420",0.879098583198401
"2026_1387_1420",0.633821176953531
"2026_1365_1420",0.908323314613105
"2026_1275_1420",0.83196864390629
"2026_1374_1420",0.937950955139221
"2026_1103_1420",0.942917939608819
"2026_1220_1420",0.501807306342529
"2026_1398_1420",0.682500191467638
"2026_1224_1420",0.565124439454632
"2026_1112_1420",0.937481217537313
"2026_1345_1420",0.93883699298432
"2026_1211_1420",0.972407510309561
"2026_1116_1420",0.776289062544141
"2026_1140_1420",0.929671742882299
"2026_1274_1420",0.748801717305574
"2026_1281_1420",0.966735045634592
"2026_1301_1420",0.800043705108711
"2026_1400_1420",0.919587148828619
"2026_1219_1420",0.974242726191314
"2026_1218_1420",0.564129537921567
"2026_1244_1420",0.696100433145102
"2026_1254_1420",0.578023074712424
"2026_1104_1112",0.685915491178591
"2026_1103_1112",0.61523747196662
"2026_1181_1345",0.852171267756294
"2026_1163_1345",0.704158910530236
"2026_1277_1345",0.616514165846595
"2026_1242_1345",0.311893913761656
"2026_1257_1345",0.51833941834181
"2026_1326_1345",0.402284453278611
"2026_1320_1345",0.293442961252373
"2026_1295_1345",0.503898260482094
"2026_1202_1345",0.395759676806395
"2026_1196_1345",0.827833231177968
"2026_1222_1345",0.789343140225258
"2026_1228_1345",0.612588716956427
"2026_1304_1345",0.236817660024941
"2026_1314_1345",0.44489663627552
"2026_1155_1345",0.623064289864021
"2026_1234_1345",0.438087895092548
"2026_1270_1345",0.656862506679707
"2026_1335_1345",0.11499643641448
"2026_1225_1345",0.18137720966567
"2026_1250_1345",0.101356814302185
"2026_1341_1345",0.0609064835744445
"2026_1276_1345",0.325908176379934
"2026_1235_1345",0.501845861952288
"2026_1104_1345",0.680859106257986
"2026_1246_1345",0.541153841932236
"2026_1208_1345",0.407440727581818
"2026_1275_1345",0.318899718708266
"2026_1103_1345",0.609690720397534
"2026_1220_1345",0.0869666457510965
"2026_1224_1345",0.109438347950407
"2026_1112_1345",0.586436345405481
"2026_1211_1345",0.769191985673316
"2026_1116_1345",0.247068837653022
"2026_1140_1345",0.5555647735537
"2026_1274_1345",0.219900657537211
"2026_1281_1345",0.733204661938248
"2026_1301_1345",0.274500068790206
"2026_1219_1345",0.781506364276967
"2026_1218_1345",0.109044522205911
"2026_1244_1345",0.178040462047939
"2026_1254_1345",0.114678951271834
"2026_1181_1211",0.715164571123707
"2026_1163_1211",0.509011420169607
"2026_1202_1211",0.221957215382552
"2026_1196_1211",0.676824416838667
"2026_1155_1211",0.418591779204808
"2026_1104_1211",0.48165591030303
"2026_1208_1211",0.230464994743167
"2026_1103_1211",0.404892693668293
"2026_1112_1211",0.381808445778213
"2026_1116_1211",0.125051559157387
"2026_1140_1211",0.352526712798766
"2026_1104_1116",0.904188214562654
"2026_1103_1116",0.87357464118625
"2026_1112_1116",0.862496511166067
"2026_1181_1458",0.880794627809449
"2026_1163_1458",0.753139139980351
"2026_1277_1458",0.673272166791745
"2026_1242_1458",0.36748152524251
"2026_1385_1458",0.70854838488867
"2026_1257_1458",0.579722449157091
"2026_1417_1458",0.634831576343705
"2026_1326_1458",0.463138996416831
"2026_1395_1458",0.253321217846892
"2026_1416_1458",0.309774985640313
"2026_1378_1458",0.193867447024352
"2026_1320_1458",0.347402359088877
"2026_1295_1458",0.565579248285409
"2026_1202_1458",0.456380831316089
"2026_1373_1458",0.248744490044408
"2026_1196_1458",0.860397051228001
"2026_1222_1458",0.827671544095588
"2026_1228_1458",0.669616360327482
"2026_1304_1458",0.284558093596074
"2026_1435_1458",0.580741838195322
"2026_1314_1458",0.506732385002738
"2026_1388_1458",0.826661755490254
"2026_1155_1458",0.679357040221964
"2026_1234_1458",0.499829412781316
"2026_1401_1458",0.58590843989768
"2026_1433_1458",0.697035449563004
"2026_1270_1458",0.710453383834839
"2026_1407_1458",0.473997967439189
"2026_1335_1458",0.142772975640465
"2026_1225_1458",0.221180365461647
"2026_1250_1458",0.126309006617944
"2026_1341_1458",0.0767510459641149
"2026_1276_1458",0.3826047051222
"2026_1235_1458",0.563561011580054
"2026_1438_1458",0.188773345072127
"2026_1104_1458",0.732229994612559
"2026_1403_1458",0.776543014512661
"2026_1397_1458",0.735959373925411
"2026_1246_1458",0.601862632978352
"2026_1208_1458",0.468463940456734
"2026_1387_1458",0.173418837113478
"2026_1365_1458",0.545647246505409
"2026_1275_1458",0.375055382642743
"2026_1374_1458",0.646922531940744
"2026_1103_1458",0.666913001266941
"2026_1220_1458",0.108805169476779
"2026_1398_1458",0.206697557989785
"2026_1224_1458",0.136078798111522
"2026_1420_1458",0.149616615422448
"2026_1112_1458",0.645083270640302
"2026_1345_1458",0.650415445412705
"2026_1211_1458",0.810305716826556
"2026_1116_1458",0.296074110197271
"2026_1140_1458",0.615720840176906
"2026_1274_1458",0.265416797037523
"2026_1437_1458",0.560522075872158
"2026_1429_1458",0.723344352638422
"2026_1281_1458",0.778886047134898
"2026_1301_1458",0.326586229753505
"2026_1400_1458",0.5809117504569
"2026_1219_1458",0.820937185622805
"2026_1218_1458",0.135603701497538
"2026_1244_1458",0.21730574721311
"2026_1254_1458",0.142391142602276
"2026_1104_1140",0.712419508696468
"2026_1103_1140",0.644615518589168
"2026_1112_1140",0.622152394681796
"2026_1116_1140",0.275905122568373
"2026_1181_1274",0.967409493426501
"2026_1163_1274",0.924564812273482
"2026_1242_1274",0.700060881675223
"2026_1257_1274",0.847128966482839
"2026_1202_1274",0.771306446267085
"2026_1196_1274",0.961179616112977
"2026_1222_1274",0.950726418579568
"2026_1228_1274",0.890618520238141
"2026_1155_1274",0.894866423965915
"2026_1234_1274",0.800582955581891
"2026_1270_1274",0.907895978258327
"2026_1225_1274",0.53290815677244
"2026_1250_1274",0.367403693310534
"2026_1235_1274",0.838383743116301
"2026_1104_1274",0.916566935818774
"2026_1246_1274",0.858617714252895
"2026_1208_1274",0.779767546666807
"2026_1103_1274",0.889424891986353
"2026_1220_1274",0.329073149939398
"2026_1224_1274",0.387549800546996
"2026_1112_1274",0.879544141586643
"2026_1211_1274",0.94493605111289
"2026_1116_1274",0.628213634540641
"2026_1140_1274",0.86553554871167
"2026_1219_1274",0.948501666948433
"2026_1218_1274",0.386589610461913
"2026_1244_1274",0.527269755772402
"2026_1254_1274",0.400124556673037
"2026_1181_1437",0.89372023094732
"2026_1163_1437",0.776392569201741
"2026_1277_1437",0.701062667648856
"2026_1242_1437",0.398026411056037
"2026_1385_1437",0.734521521003021
"2026_1257_1437",0.610871094845902
"2026_1417_1437",0.664261256323256
"2026_1326_1437",0.495407421344356
"2026_1395_1437",0.278556010751662
"2026_1416_1437",0.338087127824724
"2026_1378_1437",0.214884131529085
"2026_1320_1437",0.377273753239861
"2026_1295_1437",0.597047517728068
"2026_1202_1437",0.488606934134708
"2026_1373_1437",0.273690481179574
"2026_1196_1437",0.875221063058573
"2026_1222_1437",0.845345952021337
"2026_1228_1437",0.697578139119625
"2026_1304_1437",0.311605995347593
"2026_1435_1437",0.611865515465317
"2026_1314_1437",0.538988772062785
"2026_1388_1437",0.84442026204579
"2026_1155_1437",0.706855327487474
"2026_1234_1437",0.532120410738647
"2026_1401_1437",0.616901586182701
"2026_1433_1437",0.723634394867011
"2026_1270_1437",0.736319930399434
"2026_1407_1437",0.506309447661313
"2026_1335_1437",0.159345516667771
"2026_1225_1437",0.244260805057867
"2026_1250_1437",0.141285450354644
"2026_1341_1437",0.0864327186993416
"2026_1276_1437",0.413584687534401
"2026_1235_1437",0.595070807186369
"2026_1104_1437",0.756817033356462
"2026_1403_1437",0.798182633526714
"2026_1397_1437",0.760316066925864
"2026_1246_1437",0.632410834135752
"2026_1208_1437",0.500757315420209
"2026_1387_1437",0.192748778572633
"2026_1365_1437",0.577480721926687
"2026_1275_1437",0.405825891895707
"2026_1374_1437",0.675875292197647
"2026_1103_1437",0.694999363216125
"2026_1220_1437",0.12199598330219
"2026_1398_1437",0.228710511512589
"2026_1224_1437",0.152012096168978
"2026_1420_1437",0.166828941307264
"2026_1112_1437",0.674110875649365
"2026_1345_1437",0.679223805392748
"2026_1211_1437",0.829394074822199
"2026_1116_1437",0.323721343187931
"2026_1140_1437",0.645831440655476
"2026_1274_1437",0.291386292451114
"2026_1429_1437",0.748467011660819
"2026_1281_1437",0.800357100483946
"2026_1301_1437",0.35564316893584
"2026_1400_1437",0.612031240780825
"2026_1219_1437",0.839168070877746
"2026_1218_1437",0.151491125697203
"2026_1244_1437",0.240106516035494
"2026_1254_1437",0.158927579037875
"2026_1181_1429",0.804000403370445
"2026_1163_1429",0.62876811533608
"2026_1277_1429",0.533582527339514
"2026_1242_1429",0.24387961555556
"2026_1385_1429",0.574407032941127
"2026_1257_1429",0.433679259522065
"2026_1417_1429",0.491128819433323
"2026_1326_1429",0.323835329137279
"2026_1395_1429",0.158495353597212
"2026_1416_1429",0.199461887334825
"2026_1378_1429",0.117786230699601
"2026_1320_1429",0.228118357571167
"2026_1295_1429",0.419542291878717
"2026_1202_1429",0.317906198563788
"2026_1373_1429",0.155275564401357
"2026_1196_1429",0.773836454663815
"2026_1222_1429",0.727251971634049
"2026_1228_1429",0.529456085167199
"2026_1304_1429",0.180871746990571
"2026_1314_1429",0.363186969751293
"2026_1388_1429",0.725848662590913
"2026_1155_1429",0.540493394386335
"2026_1234_1429",0.356824894511357
"2026_1401_1429",0.439938150850727
"2026_1270_1429",0.576664964091292
"2026_1407_1429",0.33345682099972
"2026_1335_1429",0.0846379829008775
"2026_1225_1429",0.136191340066054
"2026_1250_1429",0.0742968597010575
"2026_1341_1429",0.0441156895433838
"2026_1276_1429",0.255974661433245
"2026_1235_1429",0.417544299903316
"2026_1104_1429",0.602879300328806
"2026_1403_1429",0.658618447436409
"2026_1397_1429",0.607444395577398
"2026_1246_1429",0.456297466474226
"2026_1208_1429",0.328538774795647
"2026_1387_1429",0.104323942480599
"2026_1365_1429",0.400017862323859
"2026_1275_1429",0.249912534519802
"2026_1374_1429",0.504262289198697
"2026_1103_1429",0.526416977654069
"2026_1220_1429",0.0634771622723457
"2026_1398_1429",0.126370602000507
"2026_1224_1429",0.0804138770184618
"2026_1420_1429",0.088984261381948
"2026_1112_1429",0.502251664597882
"2026_1345_1429",0.508093380229534
"2026_1211_1429",0.703393131860661
"2026_1116_1429",0.189301877569506
"2026_1140_1429",0.470767106394312
"2026_1274_1429",0.167076313178049
"2026_1281_1429",0.66165922672044
"2026_1301_1429",0.212126385824344
"2026_1400_1429",0.434878969892543
"2026_1219_1429",0.717930736310734
"2026_1218_1429",0.0801151028393078
"2026_1244_1429",0.13355025081988
"2026_1254_1429",0.0843963193965988
"2026_1181_1281",0.752764743992317
"2026_1163_1281",0.556966791233844
"2026_1277_1281",0.459205358908374
"2026_1242_1281",0.193160918335306
"2026_1257_1281",0.362407493829085
"2026_1202_1281",0.257025662056843
"2026_1196_1281",0.717486422032049
"2026_1222_1281",0.664329861863523
"2026_1228_1281",0.455092882396886
"2026_1155_1281",0.466115602484601
"2026_1234_1281",0.291678360095575
"2026_1270_1281",0.502755667424704
"2026_1225_1281",0.104765119851613
"2026_1250_1281",0.0562232290371185
"2026_1276_1281",0.203417305834873
"2026_1235_1281",0.347298052442291
"2026_1104_1281",0.529815084779453
"2026_1246_1281",0.383827883867908
"2026_1208_1281",0.266417359705143
"2026_1275_1281",0.198268184149253
"2026_1103_1281",0.452070532817004
"2026_1220_1281",0.047899366018983
"2026_1224_1281",0.060950181782405
"2026_1112_1281",0.428232043268486
"2026_1211_1281",0.63770884001104
"2026_1116_1281",0.147716095862429
"2026_1140_1281",0.397680327971812
"2026_1274_1281",0.129592553705747
"2026_1219_1281",0.653881669127309
"2026_1218_1281",0.0607189491421427
"2026_1244_1281",0.10266103405633
"2026_1254_1281",0.0640358214032014
"2026_1181_1301",0.956738413358538
"2026_1163_1301",0.901296456516775
"2026_1277_1301",0.860483359867696
"2026_1242_1301",0.63488972007541
"2026_1257_1301",0.805012504183407
"2026_1295_1301",0.795780035322966
"2026_1202_1301",0.715320544502195
"2026_1196_1301",0.948577121293495
"2026_1222_1301",0.934960065524194
"2026_1228_1301",0.85848198609873
"2026_1155_1301",0.863787055555882
"2026_1234_1301",0.749435879373675
"2026_1270_1301",0.880152520520346
"2026_1225_1301",0.459460999335972
"2026_1250_1301",0.302017900696167
"2026_1276_1301",0.649713730165667
"2026_1235_1301",0.794442573777586
"2026_1104_1301",0.891122110739983
"2026_1246_1301",0.818990119142156
"2026_1208_1301",0.725114782531915
"2026_1275_1301",0.64237767125103
"2026_1103_1301",0.856993977262646
"2026_1220_1301",0.267623032634473
"2026_1224_1301",0.320394552193952
"2026_1112_1301",0.844721205964266
"2026_1211_1301",0.927458290080866
"2026_1116_1301",0.557303358609692
"2026_1140_1301",0.827457286111069
"2026_1274_1301",0.519561609092975
"2026_1281_1301",0.913368412340138
"2026_1219_1301",0.93207430733098
"2026_1218_1301",0.319513943587648
"2026_1244_1301",0.45384463777681
"2026_1254_1301",0.331971421609429
"2026_1181_1400",0.885551091428863
"2026_1163_1400",0.76161063315078
"2026_1277_1400",0.683332043257436
"2026_1242_1400",0.378262070805286
"2026_1385_1400",0.717977084024317
"2026_1257_1400",0.590912553540789
"2026_1326_1400",0.474620075043793
"2026_1395_1400",0.262140698069574
"2026_1378_1400",0.20117470711003
"2026_1320_1400",0.357927184799352
"2026_1295_1400",0.576871071022983
"2026_1202_1400",0.46784037135587
"2026_1373_1400",0.257459571300543
"2026_1196_1400",0.865843440663281
"2026_1222_1400",0.834148562498353
"2026_1228_1400",0.679735254575495
"2026_1304_1400",0.294036838785173
"2026_1314_1400",0.518250924540173
"2026_1388_1400",0.833169077010298
"2026_1155_1400",0.689316019037369
"2026_1234_1400",0.511353705618238
"2026_1270_1400",0.71984482208989
"2026_1335_1400",0.148509169934544
"2026_1225_1400",0.229224371944127
"2026_1250_1400",0.131485187164683
"2026_1341_1400",0.0800824787868244
"2026_1276_1400",0.393552864780246
"2026_1235_1400",0.574865861147576
"2026_1104_1400",0.741172432109108
"2026_1397_1400",0.744820669081042
"2026_1246_1400",0.61285691206642
"2026_1208_1400",0.479959010188541
"2026_1387_1400",0.180127568752429
"2026_1365_1400",0.557051402919909
"2026_1275_1400",0.385922551566549
"2026_1374_1400",0.657380848416682
"2026_1103_1400",0.677074763682898
"2026_1220_1400",0.113357105344336
"2026_1398_1400",0.214359818260345
"2026_1224_1400",0.141590463771886
"2026_1112_1400",0.655567060894781
"2026_1345_1400",0.660824544194711
"2026_1211_1400",0.817291351580377
"2026_1116_1400",0.305772510508336
"2026_1140_1400",0.626569874197299
"2026_1274_1400",0.274502575552199
"2026_1281_1400",0.786724193756437
"2026_1301_1400",0.336805888574715
"2026_1219_1400",0.827614599230281
"2026_1218_1400",0.141099266948424
"2026_1244_1400",0.225249594588142
"2026_1254_1400",0.148114646635263
"2026_1181_1219",0.70054386653401
"2026_1163_1219",0.491335246086424
"2026_1202_1219",0.209986142501314
"2026_1196_1219",0.661168107362582
"2026_1155_1219",0.401487976743051
"2026_1104_1219",0.464031891790262
"2026_1208_1219",0.218163726651553
"2026_1103_1219",0.387975118436607
"2026_1112_1219",0.365263392294615
"2026_1211_1219",0.574909425560244
"2026_1116_1219",0.117517582501441
"2026_1140_1219",0.336559726194757
"2026_1218_1219",0.0473183652631156
"2026_1181_1218",0.985583971457179
"2026_1163_1218",0.965787148509198
"2026_1202_1218",0.885947180034819
"2026_1196_1218",0.982766368784484
"2026_1155_1218",0.951465824892083
"2026_1104_1218",0.961980069623181
"2026_1208_1218",0.890767525589375
"2026_1103_1218",0.94878612322679
"2026_1112_1218",0.943875042521156
"2026_1211_1218",0.975323428097465
"2026_1116_1218",0.795573330783673
"2026_1140_1218",0.936810412679316
"2026_1181_1244",0.974766753428609
"2026_1163_1244",0.941004361180248
"2026_1242_1244",0.752319731605435
"2026_1202_1244",0.814442313826761
"2026_1196_1244",0.969899502919205
"2026_1222_1244",0.961700757614214
"2026_1228_1244",0.913765965041851
"2026_1155_1244",0.917198497875711
"2026_1234_1244",0.839346908299995
"2026_1225_1244",0.597547844935841
"2026_1235_1244",0.870983881759115
"2026_1104_1244",0.934626216064157
"2026_1208_1244",0.821676464751574
"2026_1103_1244",0.912800202291465
"2026_1220_1244",0.389611606324359
"2026_1224_1244",0.451604900157922
"2026_1112_1244",0.904784610376855
"2026_1211_1244",0.957141899366485
"2026_1116_1244",0.687400835091041
"2026_1140_1244",0.893355481429507
"2026_1219_1244",0.959950635352937
"2026_1218_1244",0.450602771037848
"2026_1181_1474",0.957765728465219
"2026_1163_1474",0.903507546754283
"2026_1277_1474",0.863470222934025
"2026_1242_1474",0.640689528186967
"2026_1385_1474",0.881815810954138
"2026_1257_1474",0.808923217685774
"2026_1417_1474",0.842160986090697
"2026_1326_1474",0.725852894079604
"2026_1395_1474",0.510103066130748
"2026_1416_1474",0.579378612065381
"2026_1378_1474",0.424658369486633
"2026_1320_1474",0.620322525460421
"2026_1465_1474",0.550654559796742
"2026_1295_1474",0.799829874305706
"2026_1202_1474",0.720405357654552
"2026_1373_1474",0.504018646912995
"2026_1196_1474",0.949788068007229
"2026_1222_1474",0.936470201298938
"2026_1228_1474",0.86150479967923
"2026_1304_1474",0.549693293580877
"2026_1435_1474",0.809569292181625
"2026_1314_1474",0.759204965696689
"2026_1388_1474",0.93604867804648
"2026_1155_1474",0.866714146421668
"2026_1234_1474",0.754120794607579
"2026_1401_1474",0.812824866891375
"2026_1433_1474",0.875948988737673
"2026_1270_1474",0.882775658846231
"2026_1407_1474",0.734444873041434
"2026_1335_1474",0.338261214142273
"2026_1225_1474",0.4657023327905
"2026_1250_1474",0.307336538531158
"2026_1341_1474",0.203277017273864
"2026_1276_1474",0.655405867609669
"2026_1235_1474",0.798512220179633
"2026_1438_1474",0.416634179603263
"2026_1104_1474",0.893534196859658
"2026_1403_1474",0.914278191835979
"2026_1397_1474",0.895338119871957
"2026_1246_1474",0.822682243706371
"2026_1208_1474",0.730090665065394
"2026_1387_1474",0.391694769629577
"2026_1365_1474",0.786590233635614
"2026_1275_1474",0.648124456586337
"2026_1374_1474",0.849019772766522
"2026_1103_1474",0.860043392952583
"2026_1220_1474",0.272572502187399
"2026_1460_1474",0.523186611374116
"2026_1398_1474",0.444343260044593
"2026_1224_1474",0.32588571234581
"2026_1420_1474",0.35064240708653
"2026_1112_1474",0.847985901758698
"2026_1345_1474",0.850973947152999
"2026_1211_1474",0.929129403516189
"2026_1116_1474",0.56348826371321
"2026_1458_1474",0.816680413550343
"2026_1140_1474",0.831012338746825
"2026_1274_1474",0.525825165740426
"2026_1437_1474",0.796518565830354
"2026_1429_1474",0.889191224249921
"2026_1281_1474",0.915334478070672
"2026_1301_1474",0.598141807485716
"2026_1400_1474",0.809676859846905
"2026_1219_1474",0.933646691188553
"2026_1218_1474",0.324997228679734
"2026_1244_1474",0.460074614314107
"2026_1254_1474",0.337562442318293
"2026_1181_1254",0.984755420381411
"2026_1163_1254",0.963862507958464
"2026_1242_1254",0.835505013207663
"2026_1202_1254",0.88008879661126
"2026_1196_1254",0.981778871866229
"2026_1222_1254",0.976738214112715
"2026_1228_1254",0.94657862377794
"2026_1155_1254",0.948778268081502
"2026_1234_1254",0.897293747363922
"2026_1225_1254",0.712875660380968
"2026_1250_1254",0.55828315289411
"2026_1235_1254",0.91862572959848
"2026_1104_1254",0.959850165602225
"2026_1246_1254",0.929656500273104
"2026_1208_1254",0.88512463703621
"2026_1103_1254",0.945958607315945
"2026_1220_1254",0.51629133509423
"2026_1224_1254",0.579310894471427
"2026_1112_1254",0.940793305925748
"2026_1211_1254",0.973920763861132
"2026_1116_1254",0.786193131396383
"2026_1140_1254",0.933368151896244
"2026_1219_1254",0.9756578506133
"2026_1218_1254",0.578324231310825
"2026_1244_1254",0.708220237282649
"2026_3160_3163",0.0580479160805629
"2026_3155_3163",0.0523411490568725
"2026_3113_3163",0.0244766888385511
"2026_3161_3163",0.0562216460808057
"2026_3104_3163",0.189176847051649
"2026_3124_3163",0.225548576826553
"2026_3158_3163",0.118508416524685
"2026_3163_3435",0.737402666109837
"2026_3326_3435",0.287629200537936
"2026_3314_3435",0.210363338567068
"2026_3268_3435",0.419270749611969
"2026_3323_3435",0.476622181787115
"2026_3228_3435",0.238860051750486
"2026_3235_3435",0.245253378210287
"2026_3393_3435",0.184984451126551
"2026_3160_3435",0.148773518443272
"2026_3193_3435",0.267752593577556
"2026_3293_3435",0.440782895769702
"2026_3224_3435",0.101304840907659
"2026_3219_3435",0.0467641122869287
"2026_3427_3435",0.216182960326121
"2026_3376_3435",0.632184902911079
"2026_3234_3435",0.229043650154096
"2026_3395_3435",0.648666734843106
"2026_3328_3435",0.340484837308224
"2026_3277_3435",0.305914083854899
"2026_3208_3435",0.0593265218507885
"2026_3155_3435",0.135429783982821
"2026_3425_3435",0.445816140703374
"2026_3113_3435",0.0664329040471079
"2026_3355_3435",0.406119563324458
"2026_3161_3435",0.144530857536772
"2026_3225_3435",0.0526257182913323
"2026_3192_3435",0.340778854920119
"2026_3359_3435",0.0234539116951502
"2026_3380_3435",0.042845836576146
"2026_3400_3435",0.636763884485187
"2026_3276_3435",0.328179266110442
"2026_3257_3435",0.284138562385757
"2026_3246_3435",0.27058992590103
"2026_3104_3435",0.398208528049754
"2026_3301_3435",0.326181926599414
"2026_3332_3435",0.144730016204284
"2026_3397_3435",0.56720418833587
"2026_3348_3435",0.148581658498654
"2026_3241_3435",0.219788262370915
"2026_3275_3435",0.0465899041836868
"2026_3221_3435",0.0571016063238049
"2026_3283_3435",0.255657453110544
"2026_3372_3435",0.179894914360386
"2026_3417_3435",0.568734079276111
"2026_3261_3435",0.552252855021934
"2026_3181_3435",0.420752598607543
"2026_3278_3435",0.374483207436444
"2026_3279_3435",0.505966028985958
"2026_3124_3435",0.452348341451882
"2026_3403_3435",0.0686343022153199
"2026_3329_3435",0.301681139902945
"2026_3343_3435",0.316338877137572
"2026_3304_3435",0.343396288846801
"2026_3350_3435",0.359764080920915
"2026_3211_3435",0.248635964340238
"2026_3158_3435",0.276038280871228
"2026_3239_3435",0.0880751658396183
"2026_3163_3326",0.87319611391516
"2026_3314_3326",0.395146307060168
"2026_3268_3326",0.639048890221333
"2026_3323_3326",0.690707005639287
"2026_3228_3326",0.434888538094696
"2026_3235_3326",0.443471701783994
"2026_3160_3326",0.300010702475758
"2026_3193_3326",0.472764770272225
"2026_3293_3326",0.659040406210615
"2026_3224_3326",0.216563959436377
"2026_3219_3326",0.107384494425074
"2026_3234_3326",0.421477031322519
"2026_3277_3326",0.519418910628082
"2026_3208_3326",0.133943342551854
"2026_3155_3326",0.277524754273487
"2026_3113_3326",0.14857593215341
"2026_3161_3326",0.292939362005603
"2026_3225_3326",0.119888853491061
"2026_3192_3326",0.559018806368361
"2026_3276_3326",0.545021395103266
"2026_3257_3326",0.493245806538331
"2026_3246_3326",0.476361283138078
"2026_3104_3326",0.618708722071364
"2026_3301_3326",0.54277054877358
"2026_3241_3326",0.408566512134125
"2026_3275_3326",0.107009811264255
"2026_3221_3326",0.129304741143297
"2026_3283_3326",0.457190897816591
"2026_3261_3326",0.751528977823427
"2026_3181_3326",0.640450856714885
"2026_3278_3326",0.594831460652412
"2026_3279_3326",0.715219634672932
"2026_3124_3326",0.669476724656388
"2026_3304_3326",0.561883746419978
"2026_3211_3326",0.447965520806861
"2026_3158_3326",0.483208125073283
"2026_3239_3326",0.191489487829841
"2026_3163_3314",0.912562216777233
"2026_3268_3314",0.728504597646376
"2026_3228_3314",0.538393538434146
"2026_3235_3314",0.547042021398199
"2026_3160_3314",0.393783335123695
"2026_3193_3314",0.576094567751139
"2026_3293_3314",0.745514582508918
"2026_3224_3314",0.295255715262977
"2026_3219_3314",0.154213385593967
"2026_3234_3314",0.524754076279375
"2026_3277_3314",0.620936485053224
"2026_3208_3314",0.189890297782758
"2026_3155_3314",0.367963654075171
"2026_3113_3314",0.209158723846196
"2026_3161_3314",0.385719673807614
"2026_3225_3314",0.171125319902527
"2026_3192_3314",0.657684200138265
"2026_3276_3314",0.644828803623234
"2026_3257_3314",0.595991833185868
"2026_3246_3314",0.579612988969823
"2026_3104_3314",0.710925108464265
"2026_3301_3314",0.642748066986819
"2026_3241_3314",0.511476928673806
"2026_3275_3314",0.153703443859844
"2026_3221_3314",0.183725215177686
"2026_3283_3314",0.560736987194676
"2026_3261_3314",0.82092011766959
"2026_3181_3314",0.729706070272366
"2026_3278_3314",0.689928545973231
"2026_3279_3314",0.791943723623207
"2026_3124_3314",0.754290866643929
"2026_3304_3314",0.660297659210244
"2026_3211_3314",0.551545237522336
"2026_3158_3314",0.586282291050456
"2026_3239_3314",0.264141970695617
"2026_3163_3268",0.793861350551037
"2026_3228_3268",0.300883997304387
"2026_3235_3268",0.308265095144274
"2026_3160_3268",0.193347238719168
"2026_3193_3268",0.333986912395817
"2026_3224_3268",0.133893617884044
"2026_3219_3268",0.0630383676538387
"2026_3234_3268",0.289488075334534
"2026_3208_3268",0.0796074856532016
"2026_3155_3268",0.176836148468651
"2026_3113_3268",0.0889135835329547
"2026_3161_3268",0.188114353885064
"2026_3225_3268",0.070788371762118
"2026_3192_3268",0.414843553181961
"2026_3257_3268",0.352475143551412
"2026_3246_3268",0.337202903275489
"2026_3104_3268",0.475747134906416
"2026_3241_3268",0.278673070731508
"2026_3221_3268",0.0766839794361679
"2026_3261_3268",0.628462108340786
"2026_3181_3268",0.499040717759104
"2026_3124_3268",0.531124867753944
"2026_3211_3268",0.312157311199536
"2026_3158_3268",0.343361135437121
"2026_3239_3268",0.116961970308845
"2026_3163_3323",0.753277893520269
"2026_3314_3323",0.224596616625356
"2026_3268_3323",0.439766818860165
"2026_3228_3323",0.254400246785831
"2026_3235_3323",0.261066853841848
"2026_3160_3323",0.159682302170659
"2026_3193_3323",0.284469993228082
"2026_3293_3323",0.461494882351096
"2026_3224_3323",0.109179425005882
"2026_3219_3323",0.0506380417361876
"2026_3234_3323",0.244150051929733
"2026_3277_3323",0.323960004745565
"2026_3208_3323",0.0641710618444204
"2026_3155_3323",0.145527415220646
"2026_3113_3323",0.0718134420065802
"2026_3161_3323",0.155185263671974
"2026_3225_3323",0.056956208730838
"2026_3192_3323",0.359815268799137
"2026_3276_3323",0.346882204533715
"2026_3257_3323",0.301457848377942
"2026_3246_3323",0.287414943293659
"2026_3104_3323",0.418416818844535
"2026_3301_3323",0.344829462013319
"2026_3241_3323",0.234469881881054
"2026_3275_3323",0.050450166051766
"2026_3221_3323",0.0617763937665962
"2026_3283_3323",0.271900093193371
"2026_3261_3323",0.572837269185728
"2026_3181_3323",0.44126606451453
"2026_3278_3323",0.394276319688325
"2026_3279_3323",0.526855265061133
"2026_3124_3323",0.473143974296664
"2026_3304_3323",0.362498515131611
"2026_3211_3323",0.264591082586868
"2026_3158_3323",0.293065957620812
"2026_3239_3323",0.0950301281041791
"2026_3163_3228",0.898578730093253
"2026_3160_3228",0.355434860671519
"2026_3193_3228",0.535680287624718
"2026_3224_3228",0.262349899286203
"2026_3219_3228",0.134036905606722
"2026_3208_3228",0.165961957199139
"2026_3155_3228",0.330757717600008
"2026_3113_3228",0.183351879902018
"2026_3161_3228",0.347706067255172
"2026_3225_3228",0.149126300725706
"2026_3192_3228",0.619916516257902
"2026_3104_3228",0.676138945776194
"2026_3221_3228",0.160419907403508
"2026_3181_3228",0.696214202264205
"2026_3124_3228",0.722687591073021
"2026_3211_3228",0.510778022578153
"2026_3158_3228",0.546073983143485
"2026_3163_3235",0.895358342757902
"2026_3228_3235",0.488809515324246
"2026_3160_3235",0.347491698514583
"2026_3193_3235",0.527002441788812
"2026_3224_3235",0.255661864261584
"2026_3219_3235",0.130043260982969
"2026_3234_3235",0.475133243511923
"2026_3208_3235",0.161194164573717
"2026_3155_3235",0.323089604019606
"2026_3113_3235",0.17819124066995
"2026_3161_3235",0.339844559589916
"2026_3225_3235",0.144758221373016
"2026_3192_3235",0.611671726496438
"2026_3104_3235",0.668461490424083
"2026_3221_3235",0.155781590191678
"2026_3181_3235",0.68879360682425
"2026_3124_3235",0.715649548550918
"2026_3211_3235",0.502067380949887
"2026_3158_3235",0.537422646343971
"2026_3163_3393",0.924528410534087
"2026_3326_3393",0.637860195544161
"2026_3314_3393",0.537499080367721
"2026_3268_3393",0.759007793650481
"2026_3323_3393",0.798900355601276
"2026_3228_3393",0.577879800568158
"2026_3235_3393",0.586356865620103
"2026_3160_3393",0.432603220603997
"2026_3193_3393",0.614664013689291
"2026_3293_3393",0.774697708035375
"2026_3224_3393",0.329644252349481
"2026_3219_3393",0.176283762479994
"2026_3376_3393",0.882323222580434
"2026_3234_3393",0.564463235529627
"2026_3328_3393",0.692510153457461
"2026_3277_3393",0.657849107968761
"2026_3208_3393",0.215764059125692
"2026_3155_3393",0.405942639179232
"2026_3113_3393",0.236890204749099
"2026_3355_3393",0.748943361161821
"2026_3161_3393",0.424301013699115
"2026_3225_3393",0.195057870296983
"2026_3192_3393",0.69278883459927
"2026_3359_3393",0.0948357944009993
"2026_3380_3393",0.16337322039756
"2026_3276_3393",0.680611551164667
"2026_3257_3393",0.633901368799947
"2026_3246_3393",0.618074538099202
"2026_3104_3393",0.742705836266728
"2026_3301_3393",0.678635970907579
"2026_3332_3393",0.424694299392892
"2026_3348_3393",0.432231191464721
"2026_3241_3393",0.551346971566683
"2026_3275_3393",0.175716002089125
"2026_3221_3393",0.208975639103971
"2026_3283_3393",0.599732904789681
"2026_3372_3393",0.488990676661926
"2026_3261_3393",0.843273956683534
"2026_3181_3393",0.760118726661461
"2026_3278_3393",0.723118599171247
"2026_3279_3393",0.817108745421448
"2026_3124_3393",0.782760837323877
"2026_3329_3393",0.653330220261493
"2026_3343_3393",0.668712330065123
"2026_3304_3393",0.695258466821591
"2026_3350_3393",0.710255848072828
"2026_3211_3393",0.590761621378237
"2026_3158_3393",0.624528932487213
"2026_3239_3393",0.296430941061481
"2026_3155_3160",0.470173867688896
"2026_3113_3160",0.287309444151134
"2026_3104_3160",0.789414151479532
"2026_3124_3160",0.823921595525535
"2026_3158_3160",0.683549860848897
"2026_3163_3193",0.883772184132997
"2026_3160_3193",0.321231461167827
"2026_3155_3193",0.297831736004818
"2026_3113_3193",0.16155741331494
"2026_3161_3193",0.313884228123712
"2026_3192_3193",0.58329378472114
"2026_3104_3193",0.641803312184406
"2026_3181_3193",0.66294595082575
"2026_3124_3193",0.691031900904329
"2026_3158_3193",0.507983288984253
"2026_3163_3293",0.779125487834108
"2026_3268_3293",0.475593750856716
"2026_3228_3293",0.282747369323519
"2026_3235_3293",0.289868022346818
"2026_3160_3293",0.180023544363545
"2026_3193_3293",0.31475326141328
"2026_3224_3293",0.124036930600445
"2026_3219_3293",0.0580481560202404
"2026_3234_3293",0.271771337772444
"2026_3277_3293",0.356353521360982
"2026_3208_3293",0.0734084009502723
"2026_3155_3293",0.164418331456831
"2026_3113_3293",0.0820544327797255
"2026_3161_3293",0.175072997602161
"2026_3225_3293",0.0652273676419428
"2026_3192_3293",0.393706090399529
"2026_3276_3293",0.380278470249285
"2026_3257_3293",0.332708665897078
"2026_3246_3293",0.317872442552276
"2026_3104_3293",0.453913663239331
"2026_3241_3293",0.261374729082363
"2026_3275_3293",0.057834462401234
"2026_3221_3293",0.0706950638612186
"2026_3283_3293",0.301408903834127
"2026_3261_3293",0.60774481094254
"2026_3181_3293",0.477111118566068
"2026_3278_3293",0.429236691573739
"2026_3279_3293",0.562651570018574
"2026_3124_3293",0.509218513179893
"2026_3211_3293",0.293626553330809
"2026_3158_3293",0.323850141090994
"2026_3239_3293",0.108196012206236
"2026_3163_3442",0.967521470116911
"2026_3435_3442",0.913071310025694
"2026_3326_3442",0.810723732108654
"2026_3314_3442",0.738639514167607
"2026_3268_3442",0.884512906001842
"2026_3323_3442",0.906197568225322
"2026_3228_3442",0.769005932053905
"2026_3235_3442",0.775138288399258
"2026_3393_3442",0.706554965657035
"2026_3160_3442",0.649625391034143
"2026_3193_3442",0.795042189086782
"2026_3293_3442",0.893181697822829
"2026_3224_3442",0.544590316381712
"2026_3219_3442",0.342291244605458
"2026_3427_3442",0.745280085422304
"2026_3376_3442",0.948006745690727
"2026_3234_3442",0.759132055292581
"2026_3395_3442",0.951423985052706
"2026_3328_3442",0.845601554390186
"2026_3277_3442",0.823806755731038
"2026_3208_3442",0.40085747727013
"2026_3155_3442",0.624306282491693
"2026_3425_3442",0.895112042674573
"2026_3113_3442",0.430165907306112
"2026_3438_3442",0.591731370712122
"2026_3355_3442",0.878853287563801
"2026_3161_3442",0.641869847895039
"2026_3225_3442",0.370786726396033
"2026_3192_3442",0.84577238761849
"2026_3359_3442",0.203050178563671
"2026_3380_3442",0.321975073808921
"2026_3400_3442",0.948971376293489
"2026_3276_3442",0.838243231646205
"2026_3257_3442",0.808086050827449
"2026_3246_3442",0.797382491114504
"2026_3104_3442",0.875306009050687
"2026_3301_3442",0.837009185833648
"2026_3332_3442",0.642239824592825
"2026_3439_3442",0.729182893024423
"2026_3397_3442",0.93289908675299
"2026_3348_3442",0.649280295899503
"2026_3241_3442",0.749274251951538
"2026_3275_3442",0.341410425851165
"2026_3436_3442",0.739373047183731
"2026_3221_3442",0.391150143999575
"2026_3283_3442",0.784651699539149
"2026_3372_3442",0.699430296846623
"2026_3417_3442",0.933288322244728
"2026_3261_3442",0.928999641013399
"2026_3181_3442",0.885132839850012
"2026_3278_3442",0.86396438935567
"2026_3279_3442",0.915715775866708
"2026_3124_3442",0.897565193659054
"2026_3403_3442",0.438755707256557
"2026_3329_3442",0.820882929202547
"2026_3343_3442",0.830756432664378
"2026_3437_3442",0.478620383185636
"2026_3304_3442",0.847283301750941
"2026_3350_3442",0.856344887419653
"2026_3211_3442",0.778292873908346
"2026_3158_3442",0.80177847089065
"2026_3239_3442",0.506069479562284
"2026_3163_3224",0.961037049968062
"2026_3160_3224",0.60554800261643
"2026_3193_3224",0.762572346819059
"2026_3219_3224",0.301143855607454
"2026_3208_3224",0.356485692243311
"2026_3155_3224",0.57910739975794
"2026_3113_3224",0.384632602246083
"2026_3161_3224",0.597421427175968
"2026_3192_3224",0.819514872310811
"2026_3104_3224",0.853203935102038
"2026_3221_3224",0.347230148551023
"2026_3181_3224",0.864502945022745
"2026_3124_3224",0.878862543135883
"2026_3211_3224",0.74402389316254
"2026_3158_3224",0.77006716825292
"2026_3163_3219",0.982661553648508
"2026_3160_3219",0.779124732673493
"2026_3193_3219",0.880667986028856
"2026_3208_3219",0.560030655386998
"2026_3155_3219",0.759702082666358
"2026_3113_3219",0.589525880644782
"2026_3161_3219",0.773235058875204
"2026_3192_3219",0.912536042857125
"2026_3104_3219",0.930337865848234
"2026_3181_3219",0.936144159635989
"2026_3124_3219",0.943408427503128
"2026_3211_3219",0.86976988415205
"2026_3158_3219",0.884997111830485
"2026_3163_3427",0.909754628527125
"2026_3326_3427",0.591749854067803
"2026_3314_3427",0.48885025456592
"2026_3268_3427",0.721590061894858
"2026_3323_3427",0.765765066127842
"2026_3228_3427",0.529762499108012
"2026_3235_3427",0.538434057435744
"2026_3393_3427",0.448976948752474
"2026_3160_3427",0.385534341950548
"2026_3193_3427",0.56760231052094
"2026_3293_3427",0.738877982690959
"2026_3224_3427",0.288089835738975
"2026_3219_3427",0.149743276292773
"2026_3376_3427",0.860533951959577
"2026_3234_3427",0.516097225555743
"2026_3395_3427",0.868905297006745
"2026_3328_3427",0.649535016923426
"2026_3277_3427",0.612738685598839
"2026_3208_3427",0.18461176513438
"2026_3155_3427",0.359934396165625
"2026_3425_3427",0.742793810617502
"2026_3113_3427",0.20347910551932
"2026_3355_3427",0.71055887807297
"2026_3161_3427",0.377534401329063
"2026_3225_3427",0.166261357608971
"2026_3192_3427",0.649832952443865
"2026_3359_3427",0.0793760958326531
"2026_3380_3427",0.138449782117809
"2026_3400_3427",0.862886742213847
"2026_3276_3427",0.636845514894036
"2026_3257_3427",0.587612847839781
"2026_3246_3427",0.571138745911248
"2026_3104_3427",0.703744923201034
"2026_3301_3427",0.634744500847571
"2026_3332_3427",0.37791279442385
"2026_3397_3427",0.82470906997887
"2026_3348_3427",0.385175312523338
"2026_3241_3427",0.502807375351464
"2026_3275_3427",0.149245507697373
"2026_3221_3427",0.17858028026316
"2026_3283_3427",0.552176226747769
"2026_3372_3427",0.440550226648097
"2026_3417_3427",0.825608571307803
"2026_3261_3427",0.815764017460896
"2026_3181_3427",0.722810491187974
"2026_3278_3427",0.682459780000055
"2026_3279_3427",0.786170642667134
"2026_3124_3427",0.747805715769151
"2026_3403_3427",0.209204156025948
"2026_3329_3427",0.607979048357496
"2026_3343_3427",0.624216010339827
"2026_3304_3427",0.652474679461502
"2026_3350_3427",0.668573899497421
"2026_3211_3427",0.542951352020177
"2026_3158_3427",0.577844570233223
"2026_3239_3427",0.257455360959217
"2026_3163_3376",0.617981743241494
"2026_3326_3376",0.188704785853619
"2026_3314_3376",0.133049749985089
"2026_3268_3376",0.293739770147181
"2026_3323_3376",0.344094300052391
"2026_3228_3376",0.153103906162476
"2026_3235_3376",0.15767738750833
"2026_3160_3376",0.0914734897547225
"2026_3193_3376",0.173994631890876
"2026_3293_3376",0.312274514404998
"2026_3224_3376",0.0609776734853496
"2026_3219_3376",0.0274843853417875
"2026_3234_3376",0.146135163853357
"2026_3328_3376",0.229231413956395
"2026_3277_3376",0.202488487458649
"2026_3208_3376",0.0350580932351597
"2026_3155_3376",0.0827693613778236
"2026_3113_3376",0.0393791942343145
"2026_3355_3376",0.282609916194947
"2026_3161_3376",0.0886946243023236
"2026_3225_3376",0.0310080012159014
"2026_3192_3376",0.229462786697249
"2026_3359_3376",0.0136468405292808
"2026_3276_3376",0.219607812159594
"2026_3257_3376",0.186101053799681
"2026_3246_3376",0.176077333547015
"2026_3104_3376",0.275986724773985
"2026_3301_3376",0.218056778929697
"2026_3332_3376",0.0888248313753268
"2026_3348_3376",0.0913475946893835
"2026_3241_3376",0.139623270639354
"2026_3275_3376",0.0273799361306463
"2026_3221_3376",0.0337106973810286
"2026_3283_3376",0.165179407149396
"2026_3372_3376",0.11218825721646
"2026_3261_3376",0.415385796634351
"2026_3181_3376",0.295003327934446
"2026_3278_3376",0.256440334028417
"2026_3279_3376",0.371063631237448
"2026_3124_3376",0.32241212028111
"2026_3329_3376",0.199275769641943
"2026_3343_3376",0.210457471564435
"2026_3304_3376",0.231525512364158
"2026_3350_3376",0.244547004941105
"2026_3211_3376",0.160108338186013
"2026_3158_3376",0.180092526922491
"2026_3239_3376",0.052705573626948
"2026_3163_3234",0.903463212200314
"2026_3228_3234",0.511213000915404
"2026_3160_3234",0.368081942580002
"2026_3193_3234",0.549275511528143
"2026_3224_3234",0.273088117247589
"2026_3219_3234",0.14052366606376
"2026_3208_3234",0.173683859959257
"2026_3155_3234",0.342993982725132
"2026_3113_3234",0.191696933651577
"2026_3161_3234",0.360231837397724
"2026_3225_3234",0.156211586104781
"2026_3192_3234",0.632736301660318
"2026_3104_3234",0.688016766127144
"2026_3221_3234",0.167935869933348
"2026_3181_3234",0.707674074009618
"2026_3124_3234",0.733531023954087
"2026_3211_3234",0.52445509909249
"2026_3158_3234",0.559615068660712
"2026_3163_3395",0.600945978241325
"2026_3326_3395",0.177989229464012
"2026_3314_3395",0.125007591054425
"2026_3268_3395",0.279111768870488
"2026_3323_3395",0.328123704899151
"2026_3228_3395",0.144050990633578
"2026_3235_3395",0.148401432331697
"2026_3393_3395",0.108511201352828
"2026_3160_3395",0.0856959867854486
"2026_3193_3395",0.163945589102593
"2026_3293_3395",0.29711179491173
"2026_3224_3395",0.0570054439213269
"2026_3219_3395",0.0256344256593218
"2026_3376_3395",0.47963564955409
"2026_3234_3395",0.137427439500042
"2026_3328_3395",0.216829614813832
"2026_3277_3395",0.191174664295803
"2026_3208_3395",0.0327155003307798
"2026_3155_3395",0.0774947220656078
"2026_3113_3395",0.0367588632610359
"2026_3355_3395",0.26832559648932
"2026_3161_3395",0.0830765864062197
"2026_3225_3395",0.0289279235940417
"2026_3192_3395",0.217051994933857
"2026_3359_3395",0.0127161003237148
"2026_3380_3395",0.0234430260397648
"2026_3276_3395",0.207586441544174
"2026_3257_3395",0.175501365943057
"2026_3246_3395",0.165932168240837
"2026_3104_3395",0.261914949032501
"2026_3301_3395",0.206097889447106
"2026_3332_3395",0.0831992989564842
"2026_3348_3395",0.0855772943163253
"2026_3241_3395",0.131243927728787
"2026_3275_3395",0.0255368222617676
"2026_3221_3395",0.0314552029829281
"2026_3283_3395",0.15554361484759
"2026_3372_3395",0.105253975487997
"2026_3261_3395",0.398114709484256
"2026_3181_3395",0.280337379125686
"2026_3278_3395",0.243030637814562
"2026_3279_3395",0.354517863583121
"2026_3124_3395",0.306976880295728
"2026_3329_3395",0.18809911547369
"2026_3343_3395",0.198809387292858
"2026_3304_3395",0.219034869217718
"2026_3350_3395",0.231565546715779
"2026_3211_3395",0.150714961758568
"2026_3158_3395",0.169763682830217
"2026_3239_3395",0.0492439492081126
"2026_3163_3328",0.84339734361188
"2026_3326_3328",0.436418021218936
"2026_3314_3328",0.338156001380508
"2026_3268_3328",0.580651005765704
"2026_3323_3328",0.635905067350103
"2026_3228_3328",0.375726927626831
"2026_3235_3328",0.383935743505795
"2026_3160_3328",0.251046458850885
"2026_3193_3328",0.4122090110117
"2026_3293_3328",0.601861838443383
"2026_3224_3328",0.177760359606172
"2026_3219_3328",0.0859961572354435
"2026_3234_3328",0.362968047918333
"2026_3277_3328",0.458079314930898
"2026_3208_3328",0.107904609352197
"2026_3155_3328",0.231019220274953
"2026_3113_3328",0.120087037247746
"2026_3161_3328",0.244725730456972
"2026_3225_3328",0.0962785917770329
"2026_3192_3328",0.497847224743599
"2026_3276_3328",0.483701430325354
"2026_3257_3328",0.432217262388229
"2026_3246_3328",0.41570807694812
"2026_3104_3328",0.559289484455699
"2026_3301_3328",0.481435857888153
"2026_3241_3328",0.350763113048431
"2026_3275_3328",0.0856889376274699
"2026_3221_3328",0.104059409180582
"2026_3283_3328",0.397127411462336
"2026_3261_3328",0.702867765614352
"2026_3181_3328",0.582131477537678
"2026_3278_3328",0.534490869962962
"2026_3279_3328",0.662639587519723
"2026_3124_3328",0.613020647176518
"2026_3304_3328",0.500754658754185
"2026_3211_3328",0.388247140511707
"2026_3158_3328",0.422386348587609
"2026_3239_3328",0.15628245361543
"2026_3163_3277",0.863171317744338
"2026_3268_3277",0.618598425626352
"2026_3228_3277",0.413487141667906
"2026_3235_3277",0.421963310433512
"2026_3160_3277",0.281935344345912
"2026_3193_3277",0.450986951208479
"2026_3224_3277",0.202064881818055
"2026_3219_3277",0.0992688432007391
"2026_3234_3277",0.400268156256352
"2026_3208_3277",0.124099549046772
"2026_3155_3277",0.260300368592233
"2026_3113_3277",0.137827897895268
"2026_3161_3277",0.275122594757754
"2026_3225_3277",0.110945637145484
"2026_3192_3277",0.537316963846612
"2026_3276_3277",0.523218216239848
"2026_3257_3277",0.471368016530857
"2026_3246_3277",0.454560627595627
"2026_3104_3277",0.597831084668366
"2026_3241_3277",0.387572068542858
"2026_3275_3277",0.0989193388863653
"2026_3221_3277",0.119754710363143
"2026_3261_3277",0.734806722337517
"2026_3181_3277",0.62003259500072
"2026_3124_3277",0.649805499147335
"2026_3211_3277",0.426406170385596
"2026_3158_3277",0.461370208049696
"2026_3239_3277",0.178287125687066
"2026_3163_3449",0.832902684001029
"2026_3435_3449",0.637356276321339
"2026_3326_3449",0.417486959015737
"2026_3314_3449",0.321059167897611
"2026_3268_3449",0.561699040209668
"2026_3323_3449",0.617806585813888
"2026_3228_3449",0.357757339403149
"2026_3235_3449",0.365803607532965
"2026_3393_3449",0.287182551343989
"2026_3160_3449",0.236778181887768
"2026_3193_3449",0.393594693016492
"2026_3293_3449",0.583180342321807
"2026_3442_3449",0.142126622270463
"2026_3224_3449",0.166730060505249
"2026_3219_3449",0.08010522739877
"2026_3427_3449",0.328666517716431
"2026_3376_3449",0.753139989896368
"2026_3234_3449",0.345271175871525
"2026_3395_3449",0.766206232761764
"2026_3328_3449",0.478187297316765
"2026_3277_3449",0.438940444668673
"2026_3208_3449",0.100678213206553
"2026_3155_3449",0.217558552179123
"2026_3425_3449",0.58812951949857
"2026_3113_3449",0.1121473447594
"2026_3438_3449",0.195180929284252
"2026_3355_3449",0.54829836473138
"2026_3161_3449",0.23070603390569
"2026_3225_3449",0.0897524591141829
"2026_3192_3449",0.478513949203747
"2026_3359_3449",0.0408885773911813
"2026_3380_3449",0.0736090848004836
"2026_3400_3449",0.756792475132103
"2026_3276_3449",0.46440944442099
"2026_3257_3449",0.413334779271537
"2026_3246_3449",0.397042482261282
"2026_3104_3449",0.540136693630248
"2026_3301_3449",0.462153348238577
"2026_3332_3449",0.230991875406457
"2026_3439_3449",0.310595436354669
"2026_3397_3449",0.69936617258452
"2026_3348_3449",0.236504362673202
"2026_3241_3449",0.333349916265373
"2026_3275_3449",0.0798172152065788
"2026_3436_3449",0.321888739419411
"2026_3221_3449",0.0970625087163348
"2026_3283_3449",0.378755293714263
"2026_3372_3449",0.280248063081384
"2026_3417_3449",0.700675423546572
"2026_3261_3449",0.686456659181943
"2026_3181_3449",0.563196087407355
"2026_3278_3449",0.515194552462959
"2026_3279_3449",0.645128413657135
"2026_3124_3449",0.59450998652613
"2026_3403_3449",0.115675889154478
"2026_3329_3449",0.434017809619171
"2026_3343_3449",0.450953184529657
"2026_3437_3449",0.133150123225509
"2026_3304_3449",0.481416720814939
"2026_3350_3449",0.499359974793336
"2026_3211_3449",0.37003368938415
"2026_3158_3449",0.40362803699848
"2026_3239_3449",0.14634768174057
"2026_3163_3208",0.977819936762251
"2026_3160_3208",0.732896119553146
"2026_3193_3208",0.851645333934718
"2026_3155_3208",0.710916662013392
"2026_3113_3208",0.527671460536843
"2026_3161_3208",0.726206934572897
"2026_3192_3208",0.890298533966111
"2026_3104_3208",0.912190906433293
"2026_3181_3208",0.919378663891509
"2026_3124_3208",0.928404316552565
"2026_3158_3208",0.856856207555167
"2026_3113_3155",0.31024773813191
"2026_3104_3155",0.80704521609901
"2026_3124_3155",0.839251868846405
"2026_3163_3425",0.775595685010617
"2026_3326_3425",0.331977037859441
"2026_3314_3425",0.246927444310105
"2026_3268_3425",0.470509746186186
"2026_3323_3425",0.528491641797301
"2026_3228_3425",0.278629536034453
"2026_3235_3425",0.285687792028241
"2026_3393_3425",0.218357174750977
"2026_3160_3425",0.177032493302679
"2026_3193_3425",0.310371007059312
"2026_3293_3425",0.492421665929402
"2026_3224_3425",0.121837868230827
"2026_3219_3425",0.056942962781671
"2026_3376_3425",0.679019882261498
"2026_3234_3425",0.267753682415821
"2026_3395_3425",0.69441748399984
"2026_3328_3425",0.388537318117339
"2026_3277_3425",0.351689333303476
"2026_3208_3425",0.0720331243020632
"2026_3155_3425",0.161635448287068
"2026_3113_3425",0.0805312541077393
"2026_3355_3425",0.45701617635856
"2026_3161_3425",0.172146930631171
"2026_3225_3425",0.0639947739052501
"2026_3192_3425",0.388848365216925
"2026_3359_3425",0.0287118014815111
"2026_3380_3425",0.0522185408900864
"2026_3400_3425",0.683307889289505
"2026_3276_3425",0.375483816317886
"2026_3257_3425",0.32819615327264
"2026_3246_3425",0.313466626471548
"2026_3104_3425",0.448863044107056
"2026_3301_3425",0.37335857415605
"2026_3332_3425",0.172376475459392
"2026_3397_3425",0.617304544660353
"2026_3348_3425",0.176811760019751
"2026_3241_3425",0.257456431943789
"2026_3275_3425",0.0567330926816352
"2026_3221_3425",0.0693668149863876
"2026_3283_3425",0.297131879173926
"2026_3372_3425",0.212588945671734
"2026_3417_3425",0.618776366333098
"2026_3261_3425",0.602872181326645
"2026_3181_3425",0.472025493710795
"2026_3278_3425",0.424247334029634
"2026_3279_3425",0.557626519295027
"2026_3124_3425",0.50412060418193
"2026_3403_3425",0.0831582172755693
"2026_3329_3425",0.347139780838559
"2026_3343_3425",0.362858535727436
"2026_3304_3425",0.391615676712646
"2026_3350_3425",0.408850693836936
"2026_3211_3425",0.289414210829904
"2026_3158_3425",0.319400267278922
"2026_3239_3425",0.106243731844612
"2026_3104_3113",0.902028098977121
"2026_3163_3438",0.953162924354802
"2026_3435_3438",0.877683943773985
"2026_3326_3438",0.745294609465476
"2026_3314_3438",0.658779897748297
"2026_3268_3438",0.839542865248709
"2026_3323_3438",0.868415259189517
"2026_3228_3438",0.694588393402388
"2026_3235_3438",0.70193060818339
"2026_3393_3438",0.62190997865481
"2026_3160_3438",0.558812825706912
"2026_3193_3438",0.726024167792134
"2026_3293_3438",0.85101867736799
"2026_3224_3438",0.44961874520277
"2026_3219_3438",0.262280744693498
"2026_3427_3438",0.666533483162908
"2026_3376_3438",0.925683543298226
"2026_3234_3438",0.682845435789065
"2026_3395_3438",0.93046034449409
"2026_3328_3438",0.789092530103725
"2026_3277_3438",0.76157012093929
"2026_3208_3438",0.313686341357293
"2026_3155_3438",0.531662384434747
"2026_3425_3438",0.853586062201998
"2026_3113_3438",0.340240667685195
"2026_3355_3438",0.832097762346046
"2026_3161_3438",0.550438225537597
"2026_3225_3438",0.287022173130978
"2026_3192_3438",0.789310308932903
"2026_3359_3438",0.148250860585127
"2026_3380_3438",0.24494488159849
"2026_3400_3438",0.927030457460887
"2026_3276_3438",0.779742584838254
"2026_3257_3438",0.742035257800218
"2026_3246_3438",0.728883807354603
"2026_3104_3438",0.827450233307737
"2026_3301_3438",0.778180338955145
"2026_3332_3438",0.550836560463564
"2026_3397_3438",0.904741219285193
"2026_3348_3438",0.558439083047994
"2026_3241_3438",0.671217711964569
"2026_3275_3438",0.261523948855655
"2026_3436_3438",0.659634283408181
"2026_3221_3438",0.30501531337646
"2026_3283_3438",0.713396080082967
"2026_3372_3438",0.613853350460834
"2026_3417_3438",0.905277206925628
"2026_3261_3438",0.899381919201456
"2026_3181_3438",0.840360629596315
"2026_3278_3438",0.812687336566688
"2026_3279_3438",0.8812649419017
"2026_3124_3438",0.856855118988849
"2026_3403_3438",0.348131832606524
"2026_3329_3438",0.757917005003462
"2026_3343_3438",0.770290124445616
"2026_3437_3438",0.38541696703864
"2026_3304_3438",0.791237830875811
"2026_3350_3438",0.802851134796451
"2026_3211_3438",0.705722316931671
"2026_3158_3438",0.73427067074427
"2026_3239_3438",0.411742043363026
"2026_3163_3355",0.802599707254991
"2026_3326_3355",0.368928521341275
"2026_3314_3355",0.278356917034278
"2026_3268_3355",0.511083794053728
"2026_3323_3355",0.56869547124801
"2026_3228_3355",0.312420112197253
"2026_3235_3355",0.319954691601766
"2026_3160_3355",0.201951323352846
"2026_3193_3355",0.346163784341674
"2026_3293_3355",0.532983248572424
"2026_3224_3355",0.14031218322236
"2026_3219_3355",0.0663203795891834
"2026_3234_3355",0.300775238319668
"2026_3328_3355",0.427753149762358
"2026_3277_3355",0.389555444139327
"2026_3208_3355",0.0836751087905729
"2026_3155_3355",0.18487387411401
"2026_3113_3355",0.0934084531364857
"2026_3161_3355",0.196542309986394
"2026_3225_3355",0.0744418200469554
"2026_3192_3355",0.428073612686047
"2026_3276_3355",0.414274768186381
"2026_3257_3355",0.364956711473261
"2026_3246_3355",0.34943550899995
"2026_3104_3355",0.489295387333917
"2026_3301_3355",0.4120748393745
"2026_3332_3355",0.196796651334271
"2026_3348_3355",0.201707135177325
"2026_3241_3355",0.289710494547837
"2026_3275_3355",0.0660783695686142
"2026_3221_3355",0.0806153069757443
"2026_3283_3355",0.33213319629666
"2026_3261_3355",0.641041528500983
"2026_3181_3355",0.512603710170207
"2026_3278_3355",0.464330440279752
"2026_3279_3355",0.597239337970055
"2026_3124_3355",0.544611876942276
"2026_3329_3355",0.384806794995099
"2026_3343_3355",0.401183054125778
"2026_3304_3355",0.430923246517295
"2026_3350_3355",0.448612571059861
"2026_3211_3355",0.323925387003709
"2026_3158_3355",0.355697251262216
"2026_3239_3355",0.122683842087661
"2026_3160_3161",0.505995633974713
"2026_3155_3161",0.478627420895263
"2026_3113_3161",0.294301449376849
"2026_3104_3161",0.7949950218058
"2026_3124_3161",0.828786306024708
"2026_3158_3161",0.690837545349544
"2026_3163_3225",0.980412492034952
"2026_3160_3225",0.757002609668578
"2026_3193_3225",0.866979725895792
"2026_3224_3225",0.667690814487711
"2026_3219_3225",0.466505928335893
"2026_3208_3225",0.529224017693986
"2026_3155_3225",0.736293072035565
"2026_3113_3225",0.559158784139991
"2026_3161_3225",0.750711786740203
"2026_3192_3225",0.902096904519087
"2026_3104_3225",0.921841458047134
"2026_3221_3225",0.519101400793861
"2026_3181_3225",0.928301345147512
"2026_3124_3225",0.936397197650637
"2026_3211_3225",0.855037303496955
"2026_3158_3225",0.87173310838359
"2026_3163_3471",0.982404998351409
"2026_3435_3471",0.95166035972714
"2026_3326_3471",0.889234938615872
"2026_3314_3471",0.841194108308615
"2026_3268_3471",0.934875268361175
"2026_3323_3471",0.947663079799181
"2026_3228_3471",0.861873320691218
"2026_3235_3471",0.865969960347322
"2026_3393_3471",0.818607431163187
"2026_3160_3471",0.776541331172686
"2026_3193_3471",0.879087940736455
"2026_3293_3471",0.940020066936776
"2026_3442_3471",0.649834132645383
"2026_3224_3471",0.691484104859417
"2026_3219_3471",0.493782863338252
"2026_3427_3471",0.845773064159863
"2026_3376_3471",0.971570266696922
"2026_3234_3471",0.855221725042166
"2026_3395_3471",0.973482122216514
"2026_3328_3471",0.911229639170121
"2026_3277_3471",0.897576762283362
"2026_3449_3471",0.917293411873102
"2026_3208_3471",0.55634388593177
"2026_3155_3471",0.756962372997103
"2026_3425_3471",0.941159742272697
"2026_3113_3471",0.585903516321977
"2026_3438_3471",0.730932299686629
"2026_3355_3471",0.931492574760448
"2026_3161_3471",0.770603052843159
"2026_3225_3471",0.524826363952423
"2026_3192_3471",0.911335472432045
"2026_3359_3471",0.323199193837036
"2026_3380_3471",0.470913003320572
"2026_3400_3471",0.972110584626307
"2026_3276_3471",0.906653752059628
"2026_3257_3471",0.887539589788876
"2026_3452_3471",0.901951814122434
"2026_3246_3471",0.880612678973803
"2026_3104_3471",0.929362736395866
"2026_3301_3471",0.905883012627798
"2026_3332_3471",0.770887508709657
"2026_3439_3471",0.834617324044764
"2026_3397_3471",0.963042530531369
"2026_3348_3471",0.776278190137428
"2026_3241_3471",0.848511739455889
"2026_3275_3471",0.492804303280505
"2026_3436_3471",0.841701497057517
"2026_3221_3471",0.54630449089613
"2026_3283_3471",0.8722737071663
"2026_3372_3471",0.813485159575597
"2026_3417_3471",0.963263797015986
"2026_3261_3471",0.960821248364199
"2026_3181_3471",0.935244649419168
"2026_3278_3471",0.922502561925856
"2026_3279_3471",0.953191085931682
"2026_3124_3471",0.942604972181574
"2026_3403_3471",0.594359469524139
"2026_3329_3471",0.895722150818962
"2026_3343_3471",0.901962966597217
"2026_3437_3471",0.63243093153001
"2026_3304_3471",0.912270711492921
"2026_3350_3471",0.917850083567681
"2026_3211_3471",0.8680671572577
"2026_3453_3471",0.903623528897436
"2026_3158_3471",0.883466802501539
"2026_3239_3471",0.657575755971673
"2026_3465_3471",0.418952138833691
"2026_3163_3192",0.843224367268221
"2026_3160_3192",0.250800406479693
"2026_3155_3192",0.230786748199423
"2026_3113_3192",0.119948782517222
"2026_3161_3192",0.244483850820573
"2026_3104_3192",0.558966795676928
"2026_3181_3192",0.581813008273354
"2026_3124_3192",0.612710057337801
"2026_3158_3192",0.42206700125888
"2026_3163_3359",0.991435912591536
"2026_3326_3359",0.943328226875087
"2026_3314_3359",0.916546846457981
"2026_3268_3359",0.967494382221525
"2026_3323_3359",0.974054900896066
"2026_3228_3359",0.928250784744545
"2026_3235_3359",0.930537427753947
"2026_3160_3359",0.878126961321317
"2026_3193_3359",0.937789947894123
"2026_3293_3359",0.970144591658919
"2026_3224_3359",0.822919616271765
"2026_3219_3359",0.669144459262047
"2026_3234_3359",0.924515695451304
"2026_3328_3359",0.955123658222323
"2026_3277_3359",0.947835213326739
"2026_3208_3359",0.722224903363986
"2026_3155_3359",0.865911795290904
"2026_3113_3359",0.745782552558329
"2026_3355_3359",0.965743899953703
"2026_3161_3359",0.874451802315246
"2026_3225_3359",0.696053565731061
"2026_3192_3359",0.955179734408428
"2026_3276_3359",0.952692930898304
"2026_3257_3359",0.942407196532347
"2026_3246_3359",0.938626116656116
"2026_3104_3359",0.964638482679699
"2026_3301_3359",0.952282320105699
"2026_3332_3359",0.874628434697929
"2026_3348_3359",0.877964646321793
"2026_3241_3359",0.920719536829759
"2026_3275_3359",0.668277155604252
"2026_3221_3359",0.714009598970549
"2026_3283_3359",0.934035736925166
"2026_3261_3359",0.980712871809201
"2026_3181_3359",0.967685146010973
"2026_3278_3359",0.961060687968066
"2026_3279_3359",0.976863369283257
"2026_3124_3359",0.971470646920491
"2026_3329_3359",0.946836746441852
"2026_3343_3359",0.950188576166149
"2026_3304_3359",0.955674994860029
"2026_3350_3359",0.958619171552636
"2026_3211_3359",0.931704002472894
"2026_3158_3359",0.94018754630437
"2026_3239_3359",0.79926348441836
"2026_3163_3380",0.984155290911904
"2026_3326_3380",0.899303484933159
"2026_3314_3380",0.854917084507025
"2026_3268_3380",0.941070044251278
"2026_3323_3380",0.952702996951944
"2026_3228_3380",0.874076834155632
"2026_3235_3380",0.877862825869182
"2026_3160_3380",0.79448624145409
"2026_3193_3380",0.889964714849157
"2026_3293_3380",0.945753857180369
"2026_3224_3380",0.713741598443761
"2026_3219_3380",0.520411015307476
"2026_3376_3380",0.974370243940356
"2026_3234_3380",0.867922851025338
"2026_3328_3380",0.91947990478439
"2026_3277_3380",0.906966368667465
"2026_3208_3380",0.582463886247164
"2026_3155_3380",0.776026088182118
"2026_3113_3380",0.611498486785505
"2026_3355_3380",0.937987774737244
"2026_3161_3380",0.788895198465053
"2026_3225_3380",0.551305407409082
"2026_3192_3380",0.919576770076697
"2026_3359_3380",0.346932811762893
"2026_3276_3380",0.915289762813434
"2026_3257_3380",0.897744522149301
"2026_3246_3380",0.89136924270667
"2026_3104_3380",0.936046002648982
"2026_3301_3380",0.914583611275576
"2026_3332_3380",0.789163177720843
"2026_3348_3380",0.794238632755908
"2026_3241_3380",0.861706331473549
"2026_3275_3380",0.519433833025578
"2026_3221_3380",0.5725614411356
"2026_3283_3380",0.883682355519418
"2026_3372_3380",0.829116149046745
"2026_3261_3380",0.964641343410241
"2026_3181_3380",0.941406491317368
"2026_3278_3380",0.929785858347156
"2026_3279_3380",0.957722418346087
"2026_3124_3380",0.948105299672341
"2026_3329_3380",0.905263832807196
"2026_3343_3380",0.910990344817907
"2026_3304_3380",0.920432669111411
"2026_3350_3380",0.925535330586485
"2026_3211_3380",0.87979976264907
"2026_3158_3380",0.893997169571383
"2026_3239_3380",0.681151529172325
"2026_3163_3400",0.613309776323024
"2026_3326_3400",0.185700591986194
"2026_3314_3400",0.130788751234723
"2026_3268_3400",0.289660432261117
"2026_3323_3400",0.339651965218121
"2026_3228_3400",0.150561299174226
"2026_3235_3400",0.155072735780142
"2026_3393_3400",0.11362853362672
"2026_3160_3400",0.0898458018133034
"2026_3193_3400",0.17117521367469
"2026_3293_3400",0.308050045201331
"2026_3224_3400",0.0598568796221974
"2026_3219_3400",0.0269615355267167
"2026_3376_3400",0.492584419989683
"2026_3234_3400",0.143688651844748
"2026_3395_3400",0.510477909985693
"2026_3328_3400",0.225761571328979
"2026_3277_3400",0.199318767409561
"2026_3208_3400",0.0343962606403285
"2026_3155_3400",0.0812826987611895
"2026_3113_3400",0.0386390536431878
"2026_3355_3400",0.27862416755826
"2026_3161_3400",0.0871116426243209
"2026_3225_3400",0.0304202165589986
"2026_3192_3400",0.225990468680674
"2026_3359_3400",0.0133836069038077
"2026_3380_3400",0.0246595570423938
"2026_3276_3400",0.216242771889553
"2026_3257_3400",0.183128954905758
"2026_3246_3400",0.173231244854352
"2026_3104_3400",0.272058961382099
"2026_3301_3400",0.214708966227438
"2026_3332_3400",0.087239748286168
"2026_3397_3400",0.42535881248799
"2026_3348_3400",0.0897219257058833
"2026_3241_3400",0.137268251131112
"2026_3275_3400",0.0268590184305539
"2026_3221_3400",0.0330734293196538
"2026_3283_3400",0.162474734297522
"2026_3372_3400",0.110236693141687
"2026_3261_3400",0.410599239403419
"2026_3181_3400",0.290913670328649
"2026_3278_3400",0.252693659893616
"2026_3279_3400",0.366467651483786
"2026_3124_3400",0.318113945319984
"2026_3329_3400",0.196143972024228
"2026_3343_3400",0.207195415485775
"2026_3304_3400",0.228031217791938
"2026_3350_3400",0.240917795097864
"2026_3211_3400",0.157471037118877
"2026_3158_3400",0.177195495044077
"2026_3239_3400",0.0517284484859739
"2026_3163_3276",0.850563003836972
"2026_3268_3276",0.594052430794727
"2026_3228_3276",0.388783619618527
"2026_3235_3276",0.397096243487812
"2026_3160_3276",0.261585956248603
"2026_3193_3276",0.425669026903311
"2026_3224_3276",0.185987180041133
"2026_3219_3276",0.090443234825528
"2026_3234_3276",0.375848301280057
"2026_3208_3276",0.113344133909943
"2026_3155_3276",0.240988466946629
"2026_3113_3276",0.126053907964779
"2026_3161_3276",0.255090249310742
"2026_3225_3276",0.101198526700719
"2026_3192_3276",0.511669384142411
"2026_3257_3276",0.445835064047179
"2026_3246_3276",0.429198920371764
"2026_3104_3276",0.572871404058566
"2026_3241_3276",0.363457369381774
"2026_3275_3276",0.0901216946027444
"2026_3221_3276",0.109328850758648
"2026_3261_3276",0.714285293350111
"2026_3181_3276",0.595518547963957
"2026_3124_3276",0.626053817172622
"2026_3211_3276",0.401459121373063
"2026_3158_3276",0.435932222172503
"2026_3239_3276",0.163713180960566
"2026_3163_3257",0.875077257080037
"2026_3228_3257",0.439095181278496
"2026_3235_3257",0.44769559531263
"2026_3160_3257",0.303613630225803
"2026_3193_3257",0.477028519514021
"2026_3224_3257",0.219478964665786
"2026_3219_3257",0.109034445377301
"2026_3234_3257",0.425651659748841
"2026_3208_3257",0.13593922044733
"2026_3155_3257",0.280966031636482
"2026_3113_3257",0.150751895587723
"2026_3161_3257",0.296493337991947
"2026_3225_3257",0.121704736608128
"2026_3192_3257",0.563229448300299
"2026_3246_3257",0.480627899711794
"2026_3104_3257",0.622734060317021
"2026_3241_3257",0.412704488369066
"2026_3221_3257",0.131241973981757
"2026_3181_3257",0.644378592366798
"2026_3124_3257",0.673249150842545
"2026_3211_3257",0.452197438284562
"2026_3158_3257",0.487478976428585
"2026_3239_3257",0.194150625568297
"2026_3163_3452",0.857339525674329
"2026_3435_3452",0.679382181086965
"2026_3326_3452",0.463546748214209
"2026_3314_3452",0.363112003859097
"2026_3268_3452",0.607087615373423
"2026_3323_3452",0.660892655483329
"2026_3228_3452",0.401772479645467
"2026_3235_3452",0.410176449307645
"2026_3393_3452",0.326934854919707
"2026_3160_3452",0.272217895504346
"2026_3193_3452",0.439005090591342
"2026_3293_3452",0.627818366578076
"2026_3442_3452",0.166489776568334
"2026_3224_3452",0.194355211450204
"2026_3219_3452",0.0950142694231504
"2026_3427_3452",0.371171040752018
"2026_3376_3452",0.786247997747818
"2026_3234_3452",0.38867981861066
"2026_3395_3452",0.798031779249324
"2026_3328_3452",0.524909325868345
"2026_3277_3452",0.485394847277494
"2026_3449_3452",0.544161095143196
"2026_3208_3452",0.118921259959866
"2026_3155_3452",0.25106788372695
"2026_3425_3452",0.632571460129035
"2026_3113_3452",0.132163202523481
"2026_3438_3452",0.226240161475062
"2026_3355_3452",0.594071782592663
"2026_3161_3452",0.265553121910806
"2026_3225_3452",0.106249639992752
"2026_3192_3452",0.525235768387755
"2026_3359_3452",0.0488865785126325
"2026_3380_3452",0.0874239808054439
"2026_3400_3452",0.789547507221888
"2026_3276_3452",0.511103845976934
"2026_3257_3452",0.459297670559547
"2026_3246_3452",0.442560357160716
"2026_3104_3452",0.586112860789475
"2026_3301_3452",0.50883641850284
"2026_3332_3452",0.265867217206178
"2026_3439_3452",0.351988263666334
"2026_3397_3452",0.737169310171992
"2026_3348_3452",0.271917694024963
"2026_3241_3452",0.376120779998665
"2026_3275_3452",0.0946781700231844
"2026_3436_3452",0.363991980210318
"2026_3221_3452",0.114733969913305
"2026_3283_3452",0.423649714609717
"2026_3372_3452",0.319470683786114
"2026_3417_3452",0.738375516308189
"2026_3261_3452",0.72524536578803
"2026_3181_3452",0.608537677577064
"2026_3278_3452",0.561640597441228
"2026_3279_3452",0.686696376201341
"2026_3124_3452",0.63868641439511
"2026_3403_3452",0.136224888694313
"2026_3329_3452",0.480397312498333
"2026_3343_3452",0.497551494576352
"2026_3437_3452",0.156254807269663
"2026_3304_3452",0.528134926370315
"2026_3350_3452",0.545986168441402
"2026_3211_3452",0.41458421612278
"2026_3158_3452",0.449338263718778
"2026_3239_3452",0.171289930871199
"2026_3163_3246",0.882282403046982
"2026_3228_3246",0.455808601877454
"2026_3235_3246",0.46446530081048
"2026_3160_3246",0.318094689652551
"2026_3193_3246",0.49391438540845
"2026_3224_3246",0.231279892181118
"2026_3219_3246",0.115777863684668
"2026_3234_3246",0.442256839572842
"2026_3208_3246",0.144077529938541
"2026_3155_3246",0.294824211979995
"2026_3113_3246",0.15961318680721
"2026_3161_3246",0.310786351603409
"2026_3225_3246",0.129118209254143
"2026_3192_3246",0.579783835421883
"2026_3104_3246",0.638480742252583
"2026_3241_3246",0.429182008239624
"2026_3221_3246",0.139144357138257
"2026_3181_3246",0.659715515807812
"2026_3124_3246",0.687943942412341
"2026_3211_3246",0.468992580501488
"2026_3158_3246",0.504377994483081
"2026_3239_3246",0.204947292740528
"2026_3163_3301",0.851712610586277
"2026_3268_3301",0.596238622025159
"2026_3228_3301",0.390941887202475
"2026_3235_3301",0.399270512746109
"2026_3160_3301",0.263342337254088
"2026_3193_3301",0.427888710970555
"2026_3293_3301",0.617180831934441
"2026_3224_3301",0.18736476139938
"2026_3219_3301",0.0911924156043905
"2026_3234_3301",0.377979167176493
"2026_3277_3301",0.474096510659438
"2026_3208_3301",0.114259182810308
"2026_3155_3301",0.242651995811015
"2026_3113_3301",0.12705686162269
"2026_3161_3301",0.256818184819212
"2026_3225_3301",0.102026804764432
"2026_3192_3301",0.513936226309341
"2026_3276_3301",0.499788279292487
"2026_3257_3301",0.448077864478138
"2026_3246_3301",0.431423184532819
"2026_3104_3301",0.575090073581619
"2026_3241_3301",0.365559129891048
"2026_3275_3301",0.0908684780140911
"2026_3221_3301",0.110215512989711
"2026_3283_3301",0.412636162306006
"2026_3261_3301",0.716133389732037
"2026_3181_3301",0.59770219055762
"2026_3278_3301",0.550465935454359
"2026_3279_3301",0.676875553567313
"2026_3124_3301",0.628175537918349
"2026_3211_3301",0.403641285922061
"2026_3158_3301",0.438164594712597
"2026_3239_3301",0.164959215070926
"2026_3163_3332",0.942629291240954
"2026_3326_3332",0.702598079509998
"2026_3314_3332",0.609185602300209
"2026_3268_3332",0.808587664139306
"2026_3323_3332",0.841981698579366
"2026_3228_3332",0.64741311051584
"2026_3235_3332",0.655326660738501
"2026_3160_3332",0.505593225206491
"2026_3193_3332",0.68147788138729
"2026_3293_3332",0.821807477276533
"2026_3224_3332",0.397430540519501
"2026_3219_3332",0.223025850661478
"2026_3234_3332",0.63480995107883
"2026_3328_3332",0.751287829668716
"2026_3277_3332",0.720579002618015
"2026_3208_3332",0.269548853016494
"2026_3155_3332",0.478225707321663
"2026_3113_3332",0.2939672131479
"2026_3161_3332",0.497117515083066
"2026_3225_3332",0.245295554958159
"2026_3192_3332",0.751532353189646
"2026_3276_3332",0.740812416926245
"2026_3257_3332",0.699013010079913
"2026_3246_3332",0.684600489913025
"2026_3104_3332",0.794732526949563
"2026_3301_3332",0.739066448941921
"2026_3241_3332",0.622394990141856
"2026_3275_3332",0.222348183710135
"2026_3221_3332",0.261632782801617
"2026_3283_3332",0.667736222993057
"2026_3261_3332",0.878297333153126
"2026_3181_3332",0.809527398089034
"2026_3278_3332",0.777921675077603
"2026_3279_3332",0.856987607711559
"2026_3124_3332",0.828557747890479
"2026_3329_3332",0.716531608304097
"2026_3304_3332",0.753697642862988
"2026_3211_3332",0.659423565733183
"2026_3158_3332",0.690493606043896
"2026_3239_3332",0.361066082747351
"2026_3163_3439",0.916350024222619
"2026_3435_3439",0.794346127167493
"2026_3326_3439",0.611665521870819
"2026_3314_3439",0.509625882011343
"2026_3268_3439",0.737976393040733
"2026_3323_3439",0.780342854738399
"2026_3228_3439",0.550404597182698
"2026_3235_3439",0.559012366988377
"2026_3393_3439",0.469614878963879
"2026_3160_3439",0.405401583889405
"2026_3193_3439",0.587875556576202
"2026_3293_3439",0.754592849393281
"2026_3224_3439",0.305431617205794
"2026_3219_3439",0.160636295756817
"2026_3427_3439",0.518290446519881
"2026_3376_3439",0.87021335925626
"2026_3234_3439",0.536814711121013
"2026_3395_3439",0.878086016728442
"2026_3328_3439",0.668212296461405
"2026_3277_3439",0.632266739971032
"2026_3208_3439",0.197452238245609
"2026_3155_3439",0.379296749178372
"2026_3425_3439",0.758350088078433
"2026_3113_3439",0.217282179155988
"2026_3438_3439",0.347675245930366
"2026_3355_3439",0.727349148520364
"2026_3161_3439",0.397255915282767
"2026_3225_3439",0.178104277880217
"2026_3192_3439",0.668502457579766
"2026_3359_3439",0.0856660192471619
"2026_3380_3439",0.148664904565854
"2026_3400_3439",0.872427065773827
"2026_3276_3439",0.655840734707652
"2026_3257_3439",0.607596502480725
"2026_3246_3439",0.59136555425159
"2026_3104_3439",0.720775137900309
"2026_3301_3439",0.653789873586165
"2026_3332_3439",0.397641447659442
"2026_3397_3439",0.83640215512889
"2026_3348_3439",0.405036248598052
"2026_3241_3439",0.523568591361786
"2026_3275_3439",0.160109135756814
"2026_3436_3439",0.510576277344192
"2026_3221_3439",0.191099559754682
"2026_3283_3439",0.572628160170018
"2026_3372_3439",0.461124962042444
"2026_3417_3439",0.837253494499754
"2026_3261_3439",0.827929300884351
"2026_3181_3439",0.739150957908916
"2026_3278_3439",0.700192305754965
"2026_3279_3439",0.799810472139017
"2026_3124_3439",0.763155518998999
"2026_3403_3439",0.223286722193784
"2026_3329_3439",0.627601243845858
"2026_3343_3439",0.643502035171171
"2026_3437_3439",0.252377586332786
"2026_3304_3439",0.671074630339895
"2026_3350_3439",0.686725907006227
"2026_3211_3439",0.563491536991475
"2026_3158_3439",0.597977728739315
"2026_3239_3439",0.273661945574406
"2026_3163_3397",0.679644547096545
"2026_3326_3397",0.233742188106648
"2026_3314_3397",0.167547367030092
"2026_3268_3397",0.352939926804159
"2026_3323_3397",0.407586176858119
"2026_3228_3397",0.191651765699227
"2026_3235_3397",0.197108737852922
"2026_3393_3397",0.146376402217213
"2026_3160_3397",0.11664143581803
"2026_3193_3397",0.216457925294862
"2026_3293_3397",0.373236069850877
"2026_3224_3397",0.0784798155784366
"2026_3219_3397",0.035738987357375
"2026_3376_3397",0.564938146167781
"2026_3234_3397",0.183308232310163
"2026_3395_3397",0.582443010425407
"2026_3328_3397",0.280595855589595
"2026_3277_3397",0.249802671240501
"2026_3208_3397",0.0454809885825759
"2026_3155_3397",0.105821402090273
"2026_3113_3397",0.051018844111675
"2026_3355_3397",0.340648879638214
"2026_3161_3397",0.113193253783705
"2026_3225_3397",0.0402770497358704
"2026_3192_3397",0.280860181069092
"2026_3359_3397",0.0178216625984733
"2026_3380_3397",0.0327127840927013
"2026_3276_3397",0.26957004762653
"2026_3257_3397",0.230693736801321
"2026_3246_3397",0.218914200339915
"2026_3104_3397",0.333297438742703
"2026_3301_3397",0.267787229534707
"2026_3332_3397",0.113354952189735
"2026_3348_3397",0.116485343225227
"2026_3241_3397",0.175480303126516
"2026_3275_3397",0.0356043165661037
"2026_3221_3397",0.0437511700081228
"2026_3283_3397",0.206027954572965
"2026_3372_3397",0.142163814511917
"2026_3261_3397",0.482358281887677
"2026_3181_3397",0.354330380192274
"2026_3278_3397",0.31143807376917
"2026_3279_3397",0.436222244019851
"2026_3124_3397",0.384246984278682
"2026_3329_3397",0.246070884059606
"2026_3343_3397",0.259028925713073
"2026_3304_3397",0.283215115205237
"2026_3350_3397",0.29801634811134
"2026_3211_3397",0.200003264511634
"2026_3158_3397",0.223641081122588
"2026_3239_3397",0.0680053632888745
"2026_3163_3348",0.940941971487449
"2026_3326_3348",0.696127002274707
"2026_3314_3348",0.60183383939296
"2026_3268_3348",0.803778708668366
"2026_3323_3348",0.837843468698559
"2026_3228_3348",0.640355918694331
"2026_3235_3348",0.648341827097799
"2026_3160_3348",0.497898910878785
"2026_3193_3348",0.674759985781463
"2026_3293_3348",0.817255587788753
"2026_3224_3348",0.390083556514215
"2026_3219_3348",0.217737929243767
"2026_3234_3348",0.627645585345508
"2026_3328_3348",0.74549241387036
"2026_3277_3348",0.714340097201245
"2026_3208_3348",0.263532007238857
"2026_3155_3348",0.470551488747881
"2026_3113_3348",0.287619925597232
"2026_3161_3348",0.489424500589639
"2026_3225_3348",0.239642476137399
"2026_3192_3348",0.745740706886312
"2026_3276_3348",0.734859051045574
"2026_3257_3348",0.692498067027764
"2026_3246_3348",0.677917326460842
"2026_3104_3348",0.789666028366489
"2026_3301_3348",0.733087428595666
"2026_3332_3348",0.489826790145424
"2026_3241_3348",0.615134727559039
"2026_3275_3348",0.217071840778639
"2026_3221_3348",0.255730775579947
"2026_3283_3348",0.660872730480935
"2026_3261_3348",0.874968921323914
"2026_3181_3348",0.804736350680862
"2026_3278_3348",0.772558991662968
"2026_3279_3348",0.853173828641627
"2026_3124_3348",0.824141393406382
"2026_3329_3348",0.710238672660535
"2026_3343_3348",0.724161794463995
"2026_3304_3348",0.747939540305764
"2026_3211_3348",0.652477728198234
"2026_3158_3348",0.683877653628527
"2026_3239_3348",0.35399641280412
"2026_3163_3241",0.908003088854866
"2026_3228_3241",0.524490652938261
"2026_3235_3241",0.533173760743472
"2026_3160_3241",0.380536282673003
"2026_3193_3241",0.562404269656603
"2026_3224_3241",0.283771644164077
"2026_3219_3241",0.147070374580832
"2026_3234_3241",0.51081364518933
"2026_3208_3241",0.181449287780309
"2026_3155_3241",0.355076434809483
"2026_3113_3241",0.20007272796691
"2026_3161_3241",0.372577168601671
"2026_3225_3241",0.163350255331104
"2026_3192_3241",0.645005186609284
"2026_3104_3241",0.699316518492657
"2026_3221_3241",0.17549888645495
"2026_3181_3241",0.718553101802942
"2026_3124_3241",0.743796154228616
"2026_3211_3241",0.537698334665313
"2026_3158_3241",0.572676959333745
"2026_3239_3241",0.25343288688804
"2026_3163_3275",0.982728129921273
"2026_3268_3275",0.936014429553855
"2026_3228_3275",0.864103810186805
"2026_3235_3275",0.868144417297554
"2026_3160_3275",0.779797717013733
"2026_3193_3275",0.881078802298016
"2026_3224_3275",0.695493949919476
"2026_3219_3275",0.498498686951731
"2026_3234_3275",0.857541871623704
"2026_3208_3275",0.560995055743815
"2026_3155_3275",0.760416048109302
"2026_3113_3275",0.590472906128597
"2026_3161_3275",0.773920781266797
"2026_3225_3275",0.529528534703775
"2026_3192_3275",0.912848006156427
"2026_3257_3275",0.889408798411441
"2026_3246_3275",0.882581788439484
"2026_3104_3275",0.930591163760863
"2026_3241_3275",0.850920672586492
"2026_3221_3275",0.55097596369833
"2026_3261_3275",0.961525240769814
"2026_3181_3275",0.936377789114491
"2026_3124_3275",0.943617079942349
"2026_3211_3275",0.870212689390402
"2026_3158_3275",0.885394963977339
"2026_3239_3275",0.661810771706092
"2026_3163_3436",0.912258278949818
"2026_3435_3436",0.785682318977559
"2026_3326_3436",0.59918896603088
"2026_3314_3436",0.496569216173732
"2026_3268_3436",0.727751738841412
"2026_3323_3436",0.771258992646043
"2026_3228_3436",0.537448223945485
"2026_3235_3436",0.54609948640128
"2026_3393_3436",0.456628754971634
"2026_3160_3436",0.392875826039798
"2026_3193_3436",0.575165537958452
"2026_3293_3436",0.74479236847672
"2026_3224_3436",0.294464976529326
"2026_3219_3436",0.15371798867217
"2026_3427_3436",0.505240510535745
"2026_3376_3436",0.864199284108904
"2026_3234_3436",0.523805534888869
"2026_3395_3436",0.87238324753668
"2026_3328_3436",0.656532336226097
"2026_3277_3436",0.620040913818469
"2026_3208_3436",0.189305943963647
"2026_3155_3436",0.36707961771637
"2026_3425_3436",0.748649674790068
"2026_3113_3436",0.208530338023362
"2026_3355_3436",0.716868900637231
"2026_3161_3436",0.384818951619596
"2026_3225_3436",0.170586552305773
"2026_3192_3436",0.656827466039278
"2026_3359_3436",0.0816624071376137
"2026_3380_3436",0.142174851085028
"2026_3400_3436",0.866499832983629
"2026_3276_3436",0.643957313196699
"2026_3257_3436",0.595075759924674
"2026_3246_3436",0.578686030897966
"2026_3104_3436",0.710142897458985
"2026_3301_3436",0.641874306538776
"2026_3332_3436",0.385200127684885
"2026_3397_3436",0.829128970292158
"2026_3348_3436",0.392514327101521
"2026_3241_3436",0.510526605627446
"2026_3275_3436",0.153209388340782
"2026_3221_3436",0.183155543992298
"2026_3283_3436",0.55980001792608
"2026_3372_3436",0.448175227366133
"2026_3417_3436",0.830010465947728
"2026_3261_3436",0.820360335247351
"2026_3181_3436",0.728955303582965
"2026_3278_3436",0.689114365107276
"2026_3279_3436",0.791316389681899
"2026_3124_3436",0.753585326813181
"2026_3403_3436",0.214359261672089
"2026_3329_3436",0.615314679642647
"2026_3343_3436",0.631431998275938
"2026_3304_3436",0.659444079043605
"2026_3350_3436",0.675381068437138
"2026_3211_3436",0.550604375147762
"2026_3158_3436",0.585359518645434
"2026_3239_3436",0.263403415024774
"2026_3163_3221",0.978683322183222
"2026_3160_3221",0.740765868980972
"2026_3193_3221",0.856700436151855
"2026_3219_3221",0.44508732697676
"2026_3208_3221",0.507666007912569
"2026_3155_3221",0.719185870671559
"2026_3113_3221",0.537774312392628
"2026_3161_3221",0.734202292747335
"2026_3192_3221",0.894200171528122
"2026_3104_3221",0.915387919520644
"2026_3181_3221",0.922336261031603
"2026_3124_3221",0.931055636970694
"2026_3211_3221",0.844001204021751
"2026_3158_3221",0.861762572977369
"2026_3163_3283",0.890050295442161
"2026_3268_3283",0.67545775419189
"2026_3228_3283",0.474971743571475
"2026_3235_3283",0.48366891887338
"2026_3160_3283",0.335032541447847
"2026_3193_3283",0.513168854445296
"2026_3224_3283",0.245257668996801
"2026_3219_3283",0.123900193731039
"2026_3234_3283",0.461333232439765
"2026_3277_3283",0.559578399275627
"2026_3208_3283",0.153839789941747
"2026_3155_3283",0.311088245404557
"2026_3113_3283",0.170218754017054
"2026_3161_3283",0.327521962134389
"2026_3225_3283",0.138030328652573
"2026_3192_3283",0.598427512435983
"2026_3276_3283",0.584751810420234
"2026_3257_3283",0.533628665015424
"2026_3246_3283",0.516771467527228
"2026_3104_3283",0.656065063629148
"2026_3241_3283",0.448147581506924
"2026_3275_3283",0.123475855872866
"2026_3221_3283",0.148630403703763
"2026_3261_3283",0.780489290743707
"2026_3181_3283",0.676789828653689
"2026_3278_3283",0.633140040331342
"2026_3279_3283",0.746987186730645
"2026_3124_3283",0.704236851295248
"2026_3211_3283",0.488212738820235
"2026_3158_3283",0.5236183320734
"2026_3239_3283",0.217784487409155
"2026_3163_3372",0.92687522250471
"2026_3326_3372",0.645705033191527
"2026_3314_3372",0.545970482338824
"2026_3268_3372",0.765194340020108
"2026_3323_3372",0.804326825290295
"2026_3228_3372",0.586181010665342
"2026_3235_3372",0.594608316624426
"2026_3160_3372",0.440997758106744
"2026_3193_3372",0.622714123619554
"2026_3293_3372",0.780597905095205
"2026_3224_3372",0.337228332571704
"2026_3219_3372",0.181293718454502
"2026_3234_3372",0.572833256960851
"2026_3328_3372",0.699728435182219
"2026_3277_3372",0.665488018847904
"2026_3208_3372",0.221594194590228
"2026_3155_3372",0.414197492728442
"2026_3113_3372",0.243114223935699
"2026_3355_3372",0.755304979107035
"2026_3161_3372",0.432657294405913
"2026_3225_3372",0.200471529180244
"2026_3192_3372",0.700003408328932
"2026_3359_3372",0.0978058581086179
"2026_3276_3372",0.687983301670123
"2026_3257_3372",0.641783803534141
"2026_3246_3372",0.626096739862648
"2026_3104_3372",0.749172575246493
"2026_3301_3372",0.686032284965327
"2026_3332_3372",0.433052499266463
"2026_3348_3372",0.440624116010685
"2026_3241_3372",0.559772471237507
"2026_3275_3372",0.180713362373234
"2026_3221_3372",0.214672556366465
"2026_3283_3372",0.607895958826968
"2026_3261_3372",0.847731267270985
"2026_3181_3372",0.766285535683159
"2026_3278_3372",0.729898601463212
"2026_3279_3372",0.822153258438788
"2026_3124_3372",0.788507523581978
"2026_3329_3372",0.661018033385316
"2026_3343_3372",0.676228074345299
"2026_3304_3372",0.702439953835952
"2026_3350_3372",0.717227653055502
"2026_3211_3372",0.598985298374856
"2026_3158_3372",0.632496172580847
"2026_3239_3372",0.303596955347554
"2026_3163_3417",0.678285543567586
"2026_3326_3417",0.232627350545992
"2026_3314_3417",0.166679570703683
"2026_3268_3417",0.351517377573943
"2026_3323_3417",0.406081599929724
"2026_3228_3417",0.190687721101307
"2026_3235_3417",0.196123903559457
"2026_3393_3417",0.145599080240033
"2026_3160_3417",0.116000561280106
"2026_3193_3417",0.215402351342767
"2026_3293_3417",0.371778717977876
"2026_3224_3417",0.0780300948660763
"2026_3219_3417",0.0355247468921632
"2026_3376_3417",0.563405126582289
"2026_3234_3417",0.182376688239555
"2026_3395_3417",0.580925916698324
"2026_3328_3417",0.279339014314688
"2026_3277_3417",0.24863608840809
"2026_3208_3417",0.0452110869979368
"2026_3155_3417",0.105232895010365
"2026_3113_3417",0.0507178249707035
"2026_3355_3417",0.339249896836504
"2026_3161_3417",0.112568910629154
"2026_3225_3417",0.040036734980989
"2026_3192_3417",0.279602615988467
"2026_3359_3417",0.0177128560964919
"2026_3380_3417",0.0325160727344323
"2026_3400_3417",0.568255590410647
"2026_3276_3417",0.268344171342807
"2026_3257_3417",0.229589082460627
"2026_3246_3417",0.217849978501782
"2026_3104_3417",0.331913448983599
"2026_3301_3417",0.266566501903957
"2026_3332_3417",0.112729830526113
"2026_3397_3417",0.495961338108485
"2026_3348_3417",0.115845213850452
"2026_3241_3417",0.174580035743457
"2026_3275_3417",0.035390853766826
"2026_3221_3417",0.0434910661025754
"2026_3283_3417",0.205009935245974
"2026_3372_3417",0.141405157433375
"2026_3261_3417",0.480801702877085
"2026_3181_3417",0.352905283226957
"2026_3278_3417",0.31010263382385
"2026_3279_3417",0.43468952335547
"2026_3124_3417",0.382772895542085
"2026_3403_3417",0.0524277146654777
"2026_3329_3417",0.244916039199343
"2026_3343_3417",0.257834064530978
"2026_3304_3417",0.281951139879528
"2026_3350_3417",0.296713660023848
"2026_3211_3417",0.1990075526598
"2026_3158_3417",0.222560427790713
"2026_3239_3417",0.0676112615460779
"2026_3163_3261",0.692708981369888
"2026_3228_3261",0.201227995612006
"2026_3235_3261",0.206887849062098
"2026_3160_3261",0.123040131867941
"2026_3193_3261",0.226925682518733
"2026_3224_3261",0.0829817055674903
"2026_3219_3261",0.0378899155601871
"2026_3234_3261",0.192566877363179
"2026_3208_3261",0.0481889317857032
"2026_3155_3261",0.111701591288779
"2026_3113_3261",0.0540378452808639
"2026_3161_3261",0.11942836408574
"2026_3225_3261",0.0426890069621769
"2026_3192_3261",0.293276661527866
"2026_3257_3261",0.241637620989264
"2026_3246_3261",0.229465954656937
"2026_3104_3261",0.346913809904997
"2026_3241_3261",0.184432858184952
"2026_3221_3261",0.0463611220309803
"2026_3181_3261",0.368331302651524
"2026_3124_3261",0.398700068273403
"2026_3211_3261",0.209888440475074
"2026_3158_3261",0.23435231400394
"2026_3239_3261",0.0719533155534764
"2026_3163_3181",0.792864101865954
"2026_3160_3181",0.192400265748034
"2026_3155_3181",0.175952403842311
"2026_3113_3181",0.0884220361657728
"2026_3161_3181",0.187187063013498
"2026_3104_3181",0.47423017087188
"2026_3124_3181",0.529609707992914
"2026_3158_3181",0.34199092755985
"2026_3163_3278",0.82282757944907
"2026_3268_3278",0.544219977155062
"2026_3228_3278",0.341677320668728
"2026_3235_3278",0.34955877553458
"2026_3160_3278",0.224237250706054
"2026_3193_3278",0.376849056013002
"2026_3224_3278",0.157135371153766
"2026_3219_3278",0.0750465156701532
"2026_3234_3278",0.329464472677709
"2026_3277_3278",0.421606879424108
"2026_3208_3278",0.0944537007445457
"2026_3155_3278",0.205761147708484
"2026_3113_3278",0.105296767264483
"2026_3161_3278",0.218394685023282
"2026_3225_3278",0.0841402413345098
"2026_3192_3278",0.460901409705559
"2026_3276_3278",0.446871184237911
"2026_3257_3278",0.39629815141704
"2026_3246_3278",0.380242137106607
"2026_3104_3278",0.522528688944493
"2026_3241_3278",0.317824046517541
"2026_3275_3278",0.0747752132278387
"2026_3221_3278",0.0910389106398992
"2026_3261_3278",0.671039064214171
"2026_3181_3278",0.545728442428955
"2026_3124_3278",0.577354848077509
"2026_3211_3278",0.353705774689375
"2026_3158_3278",0.386727760359689
"2026_3239_3278",0.137732047093026
"2026_3163_3279",0.730808184126603
"2026_3268_3279",0.411067724305131
"2026_3228_3279",0.232771946853007
"2026_3235_3279",0.239053498644188
"2026_3160_3279",0.144545501891764
"2026_3193_3279",0.261180768299435
"2026_3224_3279",0.0982701057429384
"2026_3219_3279",0.0452809030041626
"2026_3234_3279",0.223132399211092
"2026_3277_3279",0.298787800852684
"2026_3208_3279",0.0574688940154237
"2026_3155_3279",0.131522392355617
"2026_3113_3279",0.0643679878034383
"2026_3161_3279",0.140403526196489
"2026_3225_3279",0.0509665375701853
"2026_3192_3279",0.333230320980157
"2026_3276_3279",0.320774018925134
"2026_3257_3279",0.27731686850133
"2026_3246_3279",0.26397356530226
"2026_3104_3279",0.390140743212633
"2026_3241_3279",0.214049558853372
"2026_3275_3279",0.0451119587427085
"2026_3221_3279",0.0553095486531049
"2026_3261_3279",0.543884758418601
"2026_3181_3279",0.412541176672338
"2026_3278_3279",0.366603278710375
"2026_3124_3279",0.443992937701446
"2026_3211_3279",0.242378035280448
"2026_3158_3279",0.269337891667046
"2026_3239_3279",0.0853990849809949
"2026_3113_3124",0.0785977442903245
"2026_3104_3124",0.442340521595492
"2026_3163_3403",0.974180123988392
"2026_3326_3403",0.844357324105024
"2026_3314_3403",0.781632054014587
"2026_3268_3403",0.906545928486724
"2026_3323_3403",0.924446896297795
"2026_3228_3403",0.808299736260056
"2026_3235_3403",0.813641728969441
"2026_3393_3403",0.753060820366411
"2026_3160_3403",0.701339846057291
"2026_3193_3403",0.830881045063828
"2026_3293_3403",0.913722180794848
"2026_3224_3403",0.602317233233739
"2026_3219_3403",0.397281065151979
"2026_3376_3403",0.958494620473293
"2026_3234_3403",0.799667925075255
"2026_3395_3403",0.961250723019159
"2026_3328_3403",0.874000716383847
"2026_3277_3403",0.855529826495061
"2026_3208_3403",0.458694280607179
"2026_3155_3403",0.677904890680653
"2026_3113_3403",0.48878162895311
"2026_3355_3403",0.901846251071313
"2026_3161_3403",0.694190137473418
"2026_3225_3403",0.42737970964783
"2026_3192_3403",0.87414480423953
"2026_3359_3403",0.243968243776486
"2026_3380_3403",0.375564773466064
"2026_3400_3403",0.959273028928812
"2026_3276_3403",0.867784220108159
"2026_3257_3403",0.842097058987633
"2026_3246_3403",0.832898133385125
"2026_3104_3403",0.898894773465937
"2026_3301_3403",0.866739714960638
"2026_3332_3403",0.694531786247408
"2026_3397_3403",0.946261672132944
"2026_3348_3403",0.70102224417294
"2026_3241_3403",0.791012386274432
"2026_3275_3403",0.396344014020726
"2026_3221_3403",0.448635109955889
"2026_3283_3403",0.821900429417185
"2026_3372_3403",0.746660427808758
"2026_3261_3403",0.943091397857701
"2026_3181_3403",0.907060016754309
"2026_3278_3403",0.889427652046728
"2026_3279_3403",0.932251770503551
"2026_3124_3403",0.917340765785034
"2026_3329_3403",0.853038515410713
"2026_3343_3403",0.861438693575649
"2026_3304_3403",0.875418706102425
"2026_3350_3403",0.883041300633588
"2026_3211_3403",0.816384104660907
"2026_3158_3403",0.836681389422928
"2026_3239_3403",0.564776990838593
"2026_3163_3329",0.865517936251139
"2026_3326_3329",0.480624347676787
"2026_3314_3329",0.379104304774129
"2026_3268_3329",0.623309014085379
"2026_3323_3329",0.676077947208263
"2026_3228_3329",0.418349036785732
"2026_3235_3329",0.426852336387534
"2026_3160_3329",0.286004703301464
"2026_3193_3329",0.455947004103665
"2026_3293_3329",0.643686225354176
"2026_3224_3329",0.20531103603783
"2026_3219_3329",0.101072768806738
"2026_3234_3329",0.405081970164086
"2026_3328_3329",0.541963703726844
"2026_3277_3329",0.502523356093722
"2026_3208_3329",0.126291434841792
"2026_3155_3329",0.264172338900834
"2026_3113_3329",0.140223440276736
"2026_3161_3329",0.27913184555832
"2026_3225_3329",0.112935149886914
"2026_3192_3329",0.542288646084898
"2026_3276_3329",0.528208373247869
"2026_3257_3329",0.47635773371455
"2026_3246_3329",0.459527086828078
"2026_3104_3329",0.602633403334674
"2026_3301_3329",0.525946696375368
"2026_3241_3329",0.392333079617379
"2026_3275_3329",0.100717623437136
"2026_3221_3329",0.121880534504219
"2026_3283_3329",0.440464309550771
"2026_3261_3329",0.738688342464157
"2026_3181_3329",0.624736215778796
"2026_3278_3329",0.578435378534037
"2026_3279_3329",0.701248505346226
"2026_3124_3329",0.654346024078714
"2026_3304_3329",0.545173844587792
"2026_3211_3329",0.431308263136205
"2026_3158_3329",0.466347455781254
"2026_3239_3329",0.181238054671755
"2026_3163_3343",0.857324099918657
"2026_3326_3343",0.463515386933465
"2026_3314_3343",0.363082838553051
"2026_3268_3343",0.607057532222494
"2026_3323_3343",0.660864390593316
"2026_3228_3343",0.401742167857156
"2026_3235_3343",0.410145938178748
"2026_3160_3343",0.272192910701045
"2026_3193_3343",0.43897403101685
"2026_3293_3343",0.627788897515502
"2026_3224_3343",0.194335464800685
"2026_3219_3343",0.0950034256917991
"2026_3234_3343",0.388649852871599
"2026_3328_3343",0.524877875008417
"2026_3277_3343",0.485363345224473
"2026_3208_3343",0.118908046281908
"2026_3155_3343",0.251044170516899
"2026_3113_3343",0.132148738176415
"2026_3161_3343",0.265528525636624
"2026_3225_3343",0.106237664524685
"2026_3192_3343",0.525204319590994
"2026_3276_3343",0.51107233246941
"2026_3257_3343",0.459266350641289
"2026_3246_3343",0.44252924446945
"2026_3104_3343",0.58608226664839
"2026_3301_3343",0.508804899302223
"2026_3332_3343",0.265842602369978
"2026_3241_3343",0.376091186832722
"2026_3275_3343",0.0946673606374726
"2026_3221_3343",0.114721160917448
"2026_3283_3343",0.423618921069939
"2026_3261_3343",0.725220234618968
"2026_3181_3343",0.608507633853891
"2026_3278_3343",0.561609547372842
"2026_3279_3343",0.686669242392234
"2026_3124_3343",0.638657310579388
"2026_3329_3343",0.480365832025267
"2026_3304_3343",0.528103497076071
"2026_3211_3343",0.414553607564152
"2026_3158_3343",0.449307058596145
"2026_3239_3343",0.171272029478813
"2026_3163_3437",0.969816421866359
"2026_3435_3437",0.91889120155404
"2026_3326_3437",0.822060456386302
"2026_3314_3437",0.752978221698201
"2026_3268_3437",0.892018672703021
"2026_3323_3437",0.912433523517763
"2026_3228_3437",0.782169985475318
"2026_3235_3437",0.7880491878914
"2026_3393_3437",0.721991380446135
"2026_3160_3437",0.666643606051528
"2026_3193_3437",0.807094674594953
"2026_3293_3437",0.900187637238299
"2026_3224_3437",0.563280547723693
"2026_3219_3437",0.359519601476385
"2026_3427_3437",0.759373161838264
"2026_3376_3437",0.951611655605243
"2026_3234_3437",0.772692482007667
"2026_3395_3437",0.954803259300306
"2026_3328_3437",0.85522231952616
"2026_3277_3437",0.834519816504554
"2026_3208_3437",0.41915500713072
"2026_3155_3437",0.64187633083453
"2026_3425_3437",0.902005266225956
"2026_3113_3437",0.448799135525234
"2026_3355_3437",0.886679760554907
"2026_3161_3437",0.65906706439264
"2026_3225_3437",0.388601917152601
"2026_3192_3437",0.855384328408307
"2026_3359_3437",0.215567209936229
"2026_3380_3437",0.338707468299106
"2026_3400_3437",0.952512754556515
"2026_3276_3437",0.848240215318868
"2026_3257_3437",0.819545594519703
"2026_3246_3437",0.809330360502792
"2026_3104_3437",0.883331225793825
"2026_3301_3437",0.847068522301753
"2026_3332_3437",0.659428701557856
"2026_3397_3437",0.937482396567518
"2026_3348_3437",0.666306662668089
"2026_3241_3437",0.763216550484319
"2026_3275_3437",0.358618622139189
"2026_3436_3437",0.753684931636629
"2026_3221_3437",0.409307279676953
"2026_3283_3437",0.79715930667996
"2026_3372_3437",0.715090370288138
"2026_3417_3437",0.937846816732982
"2026_3261_3437",0.933830409440769
"2026_3181_3437",0.892603207738353
"2026_3278_3437",0.872613313890586
"2026_3279_3437",0.921373865788902
"2026_3124_3437",0.904314430589462
"2026_3403_3437",0.457462309781863
"2026_3329_3437",0.831737456133267
"2026_3343_3437",0.841128423930417
"2026_3304_3437",0.856817019115305
"2026_3350_3437",0.865402777242781
"2026_3211_3437",0.791071466818475
"2026_3158_3437",0.813527739986433
"2026_3239_3437",0.524961616062982
"2026_3163_3304",0.841680799372153
"2026_3268_3304",0.577497207207957
"2026_3228_3304",0.372696953630065
"2026_3235_3304",0.380879959938562
"2026_3160_3304",0.248621513030377
"2026_3193_3304",0.409077621430913
"2026_3293_3304",0.598757328146347
"2026_3224_3304",0.175877074380718
"2026_3219_3304",0.0849845856099044
"2026_3234_3304",0.359981633895929
"2026_3277_3304",0.454869125619036
"2026_3208_3304",0.106665403848486
"2026_3155_3304",0.228728645366434
"2026_3113_3304",0.118726545216063
"2026_3161_3304",0.242342083223972
"2026_3225_3304",0.0951586605688174
"2026_3192_3304",0.494612706592382
"2026_3276_3304",0.48047088045324
"2026_3257_3304",0.429044823193552
"2026_3246_3304",0.412568763485045
"2026_3104_3304",0.556097850435806
"2026_3301_3304",0.478206424394738
"2026_3241_3304",0.347822288929226
"2026_3275_3304",0.084680645008724
"2026_3221_3304",0.102859271386112
"2026_3283_3304",0.394033787965494
"2026_3261_3304",0.70015848132291
"2026_3181_3304",0.578980739974479
"2026_3278_3304",0.531270156564043
"2026_3279_3304",0.659741068897472
"2026_3124_3304",0.609946758199409
"2026_3211_3304",0.385178496582364
"2026_3158_3304",0.419232788237478
"2026_3239_3304",0.15458393660762
"2026_3163_3350",0.831875822869899
"2026_3326_3350",0.415698135613163
"2026_3314_3350",0.319456926399218
"2026_3268_3350",0.559886214986628
"2026_3323_3350",0.616067203589176
"2026_3228_3350",0.356068004173828
"2026_3235_3350",0.364097817464164
"2026_3160_3350",0.235450682074791
"2026_3193_3350",0.391839379036937
"2026_3293_3350",0.58139015036655
"2026_3224_3350",0.165710018119649
"2026_3219_3350",0.0795645459381911
"2026_3234_3350",0.34360925610243
"2026_3328_3350",0.476351073845598
"2026_3277_3350",0.43712867909786
"2026_3208_3350",0.100013768805151
"2026_3155_3350",0.21630826808334
"2026_3113_3350",0.111416585241904
"2026_3161_3350",0.229402345154903
"2026_3225_3350",0.0891529730613979
"2026_3192_3350",0.476677617236938
"2026_3276_3350",0.4625792266219
"2026_3257_3350",0.411551177357035
"2026_3246_3350",0.395281815003012
"2026_3104_3350",0.538307990020127
"2026_3301_3350",0.460324379910778
"2026_3332_3350",0.229687053667366
"2026_3348_3350",0.235177924986017
"2026_3241_3350",0.331716305837842
"2026_3275_3350",0.0792783101888214
"2026_3221_3350",0.0964193684411807
"2026_3283_3350",0.3770250128564
"2026_3261_3350",0.684870343269649
"2026_3181_3350",0.561384618983967
"2026_3278_3350",0.513356025962534
"2026_3279_3350",0.643441611646252
"2026_3124_3350",0.592734472582227
"2026_3329_3350",0.432210710272643
"2026_3343_3350",0.449131527317418
"2026_3304_3350",0.479579493671479
"2026_3211_3350",0.36831962974429
"2026_3158_3350",0.401857629766406
"2026_3239_3350",0.145430573743939
"2026_3163_3211",0.893641812150871
"2026_3160_3211",0.34337884689928
"2026_3193_3211",0.522466154794802
"2026_3208_3211",0.158749843728055
"2026_3155_3211",0.319124317757749
"2026_3113_3211",0.175543118380154
"2026_3161_3211",0.335775642343579
"2026_3192_3211",0.607342442207245
"2026_3104_3211",0.664417977666046
"2026_3181_3211",0.684881171251698
"2026_3124_3211",0.711933538868616
"2026_3158_3211",0.532897718170116
"2026_3163_3453",0.854993814909491
"2026_3435_3453",0.675218858687153
"2026_3326_3453",0.458813320767305
"2026_3314_3453",0.358718363575302
"2026_3268_3453",0.602534741335721
"2026_3323_3453",0.656610593931562
"2026_3228_3453",0.397202792110725
"2026_3235_3453",0.405575979768656
"2026_3393_3453",0.322757121171889
"2026_3160_3453",0.26846047713334
"2026_3193_3453",0.434319374748188
"2026_3293_3453",0.623356676729161
"2026_3442_3453",0.163863139751778
"2026_3224_3453",0.191389899143973
"2026_3219_3453",0.0933889267416387
"2026_3427_3453",0.366736037462287
"2026_3376_3453",0.783029183136509
"2026_3234_3453",0.384163416901887
"2026_3395_3453",0.794944133462619
"2026_3328_3453",0.52015686375567
"2026_3277_3453",0.480638207687867
"2026_3449_3453",0.539432238907306
"2026_3208_3453",0.116939801829417
"2026_3155_3453",0.247503118325904
"2026_3425_3453",0.628133000014185
"2026_3113_3453",0.129993660541145
"2026_3438_3453",0.222922982882033
"2026_3355_3453",0.58947007700056
"2026_3161_3453",0.261854598110529
"2026_3225_3453",0.104454285077947
"2026_3192_3453",0.520483588667256
"2026_3359_3453",0.048008450515934
"2026_3380_3453",0.0859161531660614
"2026_3400_3453",0.786364878288164
"2026_3276_3453",0.506343161552004
"2026_3257_3453",0.454570865818413
"2026_3452_3453",0.492758282378192
"2026_3246_3453",0.437866312591639
"2026_3104_3453",0.58148449267337
"2026_3301_3453",0.504075078358522
"2026_3332_3453",0.262165880348976
"2026_3439_3453",0.347655748312916
"2026_3397_3453",0.73346197796185
"2026_3348_3453",0.268162892526146
"2026_3241_3453",0.371661589513622
"2026_3275_3453",0.0930579855573211
"2026_3436_3453",0.359593704040406
"2026_3221_3453",0.112813346990014
"2026_3283_3453",0.419005481172449
"2026_3372_3453",0.315343643163633
"2026_3417_3453",0.734679074456865
"2026_3261_3453",0.721433399117014
"2026_3181_3453",0.60399064563529
"2026_3278_3453",0.556945433104681
"2026_3279_3453",0.682583656346641
"2026_3124_3453",0.63427911526672
"2026_3403_3453",0.133998966603786
"2026_3329_3453",0.475644380691914
"2026_3343_3453",0.492789804806066
"2026_3437_3453",0.15375985582094
"2026_3304_3453",0.523385432972244
"2026_3350_3453",0.541260284310356
"2026_3211_3453",0.409968671832244
"2026_3158_3453",0.444629670592738
"2026_3239_3453",0.168602882800532
"2026_3155_3158",0.289153161589186
"2026_3113_3158",0.155967728424441
"2026_3104_3158",0.632124908790183
"2026_3124_3158",0.682024635639342
"2026_3163_3239",0.966429447760122
"2026_3228_3239",0.762875101965837
"2026_3235_3239",0.769121352393293
"2026_3160_3239",0.641801934752409
"2026_3193_3239",0.789413155429573
"2026_3224_3239",0.536096357978851
"2026_3219_3239",0.334634065856238
"2026_3234_3239",0.752823395237212
"2026_3208_3239",0.392672349250519
"2026_3155_3239",0.616251442941289
"2026_3113_3239",0.421803645317498
"2026_3161_3239",0.633970792684306
"2026_3225_3239",0.362843763199766
"2026_3192_3239",0.841258439312086
"2026_3104_3239",0.871525150224383
"2026_3221_3239",0.38303651039767
"2026_3181_3239",0.881609640422587
"2026_3124_3239",0.894377815583576
"2026_3211_3239",0.772335557133554
"2026_3158_3239",0.796287040514734
"2026_3163_3465",0.987125454701979
"2026_3435_3465",0.964329619579358
"2026_3326_3465",0.916835409645403
"2026_3314_3465",0.879138375686161
"2026_3268_3465",0.951720527902671
"2026_3323_3465",0.961337418499637
"2026_3228_3465",0.895490468359224
"2026_3235_3465",0.898707249493228
"2026_3393_3465",0.861057044483697
"2026_3160_3465",0.826751849617689
"2026_3193_3465",0.908957976745973
"2026_3293_3465",0.955597770231075
"2026_3442_3465",0.718182988280141
"2026_3224_3465",0.754771204093324
"2026_3219_3465",0.57255578912663
"2026_3427_3465",0.882775723266965
"2026_3376_3465",0.979135773514664
"2026_3234_3465",0.890251591324856
"2026_3395_3465",0.980549046030709
"2026_3328_3465",0.933757736909752
"2026_3277_3465",0.923277955694806
"2026_3449_3465",0.93838669937025
"2026_3208_3465",0.63262462396906
"2026_3155_3465",0.810498645874787
"2026_3425_3465",0.956455165786227
"2026_3113_3465",0.660206000347491
"2026_3438_3465",0.788601150392919
"2026_3355_3465",0.949165229338616
"2026_3161_3465",0.821841759888961
"2026_3225_3465",0.602655824077706
"2026_3192_3465",0.933838661951707
"2026_3359_3465",0.396049762817889
"2026_3380_3465",0.5500014924827
"2026_3400_3465",0.979535334722045
"2026_3276_3465",0.930254232494332
"2026_3257_3465",0.915522375684761
"2026_3452_3465",0.926644891754354
"2026_3246_3465",0.910144545782573
"2026_3104_3465",0.947553884360008
"2026_3301_3465",0.929663239798928
"2026_3332_3465",0.822077348801986
"2026_3439_3465",0.873897444153529
"2026_3397_3465",0.972813874601781
"2026_3348_3465",0.826534627698299
"2026_3241_3465",0.884946709850647
"2026_3275_3465",0.571597391282524
"2026_3436_3465",0.879541891982246
"2026_3221_3465",0.623142110972167
"2026_3283_3465",0.903642610206399
"2026_3372_3465",0.856923978830503
"2026_3417_3465",0.972978280968867
"2026_3261_3465",0.971162300609049
"2026_3181_3465",0.951999270004214
"2026_3278_3465",0.942350814565146
"2026_3279_3465",0.965473715208061
"2026_3124_3465",0.957541658872142
"2026_3403_3465",0.668004425111094
"2026_3329_3465",0.92184820371803
"2026_3343_3465",0.926653463922806
"2026_3437_3465",0.702622210339338
"2026_3304_3465",0.934553582018007
"2026_3350_3465",0.938810869288587
"2026_3211_3465",0.900351144297711
"2026_3453_3465",0.927929232634991
"2026_3158_3465",0.912362928115688
"2026_3239_3465",0.725052870873692
