"ID","Pred"
"2026_1163_1181",0.2617
"2026_1155_1181",0.11917
"2026_1104_1181",0.22807
"2026_1103_1181",0.05083
"2026_1112_1181",0.47442
"2026_1116_1181",0.21625
"2026_1140_1181",0.19166
"2026_1155_1163",0.29492
"2026_1104_1163",0.45636
"2026_1103_1163",0.15999
"2026_1112_1163",0.71426
"2026_1116_1163",0.4418
"2026_1140_1163",0.40286
"2026_1181_1277",0.7242
"2026_1163_1277",0.48499
"2026_1242_1277",0.40078
"2026_1257_1277",0.43911
"2026_1202_1277",0.02823
"2026_1196_1277",0.62585
"2026_1222_1277",0.62506
"2026_1228_1277",0.61003
"2026_1155_1277",0.27939
"2026_1234_1277",0.37738
"2026_1270_1277",0.14894
"2026_1225_1277",0.04755
"2026_1250_1277",0.00702
"2026_1276_1277",0.70702
"2026_1235_1277",0.60772
"2026_1104_1277",0.43623
"2026_1246_1277",0.3404
"2026_1208_1277",0.32435
"2026_1275_1277",0.09001
"2026_1103_1277",0.14837
"2026_1220_1277",0.11204
"2026_1224_1277",0.02398
"2026_1112_1277",0.70265
"2026_1211_1277",0.47975
"2026_1116_1277",0.42742
"2026_1140_1277",0.38874
"2026_1274_1277",0.31274
"2026_1219_1277",0.09501
"2026_1218_1277",0.07822
"2026_1244_1277",0.03841
"2026_1254_1277",0.02033
"2026_1181_1242",0.79998
"2026_1163_1242",0.58247
"2026_1202_1242",0.04866
"2026_1196_1242",0.71442
"2026_1222_1242",0.71545
"2026_1228_1242",0.70361
"2026_1155_1242",0.36782
"2026_1234_1242",0.47574
"2026_1225_1242",0.0791
"2026_1235_1242",0.70104
"2026_1104_1242",0.54037
"2026_1208_1242",0.4172
"2026_1103_1242",0.21441
"2026_1220_1242",0.16983
"2026_1224_1242",0.04202
"2026_1112_1242",0.78468
"2026_1211_1242",0.57697
"2026_1116_1242",0.52644
"2026_1140_1242",0.48634
"2026_1219_1242",0.1432
"2026_1218_1242",0.12241
"2026_1181_1385",0.79501
"2026_1163_1385",0.57467
"2026_1277_1385",0.58919
"2026_1242_1385",0.49128
"2026_1257_1385",0.53012
"2026_1326_1385",0.43763
"2026_1378_1385",0.28532
"2026_1320_1385",0.20947
"2026_1295_1385",0.10396
"2026_1202_1385",0.04793
"2026_1373_1385",0.04081
"2026_1196_1385",0.70849
"2026_1222_1385",0.70731
"2026_1228_1385",0.69826
"2026_1304_1385",0.5481
"2026_1314_1385",0.39772
"2026_1155_1385",0.35852
"2026_1234_1385",0.46632
"2026_1270_1385",0.20536
"2026_1335_1385",0.06487
"2026_1225_1385",0.07508
"2026_1250_1385",0.01228
"2026_1341_1385",0.01293
"2026_1276_1385",0.78114
"2026_1235_1385",0.69363
"2026_1104_1385",0.53018
"2026_1246_1385",0.42957
"2026_1208_1385",0.40886
"2026_1365_1385",0.36494
"2026_1275_1385",0.13329
"2026_1374_1385",0.36628
"2026_1103_1385",0.20709
"2026_1220_1385",0.16315
"2026_1224_1385",0.03865
"2026_1112_1385",0.77635
"2026_1345_1385",0.65414
"2026_1211_1385",0.56667
"2026_1116_1385",0.51739
"2026_1140_1385",0.47539
"2026_1274_1385",0.3964
"2026_1281_1385",0.28787
"2026_1301_1385",0.39332
"2026_1219_1385",0.13948
"2026_1218_1385",0.11523
"2026_1244_1385",0.06294
"2026_1254_1385",0.03464
"2026_1181_1257",0.77207
"2026_1163_1257",0.54477
"2026_1242_1257",0.45933
"2026_1202_1257",0.03886
"2026_1196_1257",0.68329
"2026_1222_1257",0.68069
"2026_1228_1257",0.66758
"2026_1155_1257",0.33013
"2026_1234_1257",0.43797
"2026_1225_1257",0.06478
"2026_1250_1257",0.00942
"2026_1235_1257",0.6646
"2026_1104_1257",0.49915
"2026_1246_1257",0.40106
"2026_1208_1257",0.37592
"2026_1103_1257",0.18749
"2026_1220_1257",0.14168
"2026_1224_1257",0.03282
"2026_1112_1257",0.75028
"2026_1211_1257",0.54072
"2026_1116_1257",0.48695
"2026_1140_1257",0.44669
"2026_1219_1257",0.12336
"2026_1218_1257",0.09961
"2026_1244_1257",0.05378
"2026_1254_1257",0.02866
"2026_1181_1417",0.84686
"2026_1163_1417",0.64962
"2026_1277_1417",0.66507
"2026_1242_1417",0.57226
"2026_1385_1417",0.58248
"2026_1257_1417",0.61086
"2026_1326_1417",0.52073
"2026_1395_1417",0.39244
"2026_1416_1417",0.35389
"2026_1378_1417",0.35791
"2026_1320_1417",0.27381
"2026_1295_1417",0.14426
"2026_1202_1417",0.06761
"2026_1373_1417",0.06338
"2026_1196_1417",0.77759
"2026_1222_1417",0.77425
"2026_1228_1417",0.76333
"2026_1304_1417",0.62328
"2026_1314_1417",0.48054
"2026_1388_1417",0.53011
"2026_1155_1417",0.43639
"2026_1234_1417",0.55015
"2026_1401_1417",0.44122
"2026_1270_1417",0.2716
"2026_1407_1417",0.10332
"2026_1335_1417",0.09558
"2026_1225_1417",0.108
"2026_1250_1417",0.02033
"2026_1341_1417",0.02104
"2026_1276_1417",0.83392
"2026_1235_1417",0.76003
"2026_1104_1417",0.60576
"2026_1403_1417",0.60108
"2026_1397_1417",0.62835
"2026_1246_1417",0.51038
"2026_1208_1417",0.48792
"2026_1387_1417",0.4211
"2026_1365_1417",0.4395
"2026_1275_1417",0.1822
"2026_1374_1417",0.44284
"2026_1103_1417",0.26977
"2026_1220_1417",0.21526
"2026_1398_1417",0.06525
"2026_1224_1417",0.06025
"2026_1112_1417",0.83045
"2026_1345_1417",0.72616
"2026_1211_1417",0.64815
"2026_1116_1417",0.59911
"2026_1140_1417",0.5563
"2026_1274_1417",0.47503
"2026_1281_1417",0.36271
"2026_1301_1417",0.47315
"2026_1400_1417",0.46812
"2026_1219_1417",0.19037
"2026_1218_1417",0.163
"2026_1244_1417",0.09251
"2026_1254_1417",0.05272
"2026_1181_1326",0.83459
"2026_1163_1326",0.63291
"2026_1277_1326",0.64708
"2026_1242_1326",0.55278
"2026_1257_1326",0.5922
"2026_1320_1326",0.25645
"2026_1295_1326",0.13237
"2026_1202_1326",0.06394
"2026_1196_1326",0.75968
"2026_1222_1326",0.75671
"2026_1228_1326",0.74749
"2026_1304_1326",0.60515
"2026_1314_1326",0.45771
"2026_1155_1326",0.41822
"2026_1234_1326",0.52601
"2026_1270_1326",0.25253
"2026_1225_1326",0.09986
"2026_1250_1326",0.01884
"2026_1276_1326",0.82322
"2026_1235_1326",0.74535
"2026_1104_1326",0.58873
"2026_1246_1326",0.49036
"2026_1208_1326",0.46771
"2026_1275_1326",0.16949
"2026_1103_1326",0.25234
"2026_1220_1326",0.20291
"2026_1224_1326",0.05418
"2026_1112_1326",0.81814
"2026_1211_1326",0.62999
"2026_1116_1326",0.57946
"2026_1140_1326",0.53968
"2026_1274_1326",0.4556
"2026_1281_1326",0.3431
"2026_1301_1326",0.45342
"2026_1219_1326",0.17497
"2026_1218_1326",0.14696
"2026_1244_1326",0.08397
"2026_1254_1326",0.04702
"2026_1181_1395",0.90383
"2026_1163_1395",0.74596
"2026_1277_1395",0.75968
"2026_1242_1395",0.67292
"2026_1385_1395",0.68467
"2026_1257_1395",0.70941
"2026_1326_1395",0.62766
"2026_1378_1395",0.46233
"2026_1320_1395",0.36963
"2026_1295_1395",0.21567
"2026_1202_1395",0.11366
"2026_1373_1395",0.10374
"2026_1196_1395",0.84903
"2026_1222_1395",0.84607
"2026_1228_1395",0.83746
"2026_1304_1395",0.72248
"2026_1314_1395",0.58504
"2026_1388_1395",0.63083
"2026_1155_1395",0.54876
"2026_1234_1395",0.65362
"2026_1270_1395",0.364
"2026_1335_1395",0.15205
"2026_1225_1395",0.16771
"2026_1250_1395",0.039
"2026_1341_1395",0.0407
"2026_1276_1395",0.89454
"2026_1235_1395",0.83691
"2026_1104_1395",0.71146
"2026_1246_1395",0.61466
"2026_1208_1395",0.59652
"2026_1387_1395",0.53287
"2026_1365_1395",0.54792
"2026_1275_1395",0.26226
"2026_1374_1395",0.55154
"2026_1103_1395",0.36762
"2026_1220_1395",0.30437
"2026_1224_1395",0.10072
"2026_1112_1395",0.8927
"2026_1345_1395",0.8096
"2026_1211_1395",0.74201
"2026_1116_1395",0.69746
"2026_1140_1395",0.66387
"2026_1274_1395",0.58221
"2026_1281_1395",0.46894
"2026_1301_1395",0.58369
"2026_1219_1395",0.27078
"2026_1218_1395",0.23369
"2026_1244_1395",0.14503
"2026_1254_1395",0.08833
"2026_1181_1416",0.91906
"2026_1163_1416",0.77845
"2026_1277_1416",0.79051
"2026_1242_1416",0.70692
"2026_1385_1416",0.71957
"2026_1257_1416",0.74323
"2026_1326_1416",0.66296
"2026_1395_1416",0.54213
"2026_1378_1416",0.50165
"2026_1320_1416",0.40774
"2026_1295_1416",0.24717
"2026_1202_1416",0.13491
"2026_1373_1416",0.12353
"2026_1196_1416",0.87188
"2026_1222_1416",0.87129
"2026_1228_1416",0.8638
"2026_1304_1416",0.75788
"2026_1314_1416",0.62748
"2026_1388_1416",0.67247
"2026_1155_1416",0.58784
"2026_1234_1416",0.69098
"2026_1401_1416",0.59162
"2026_1270_1416",0.40271
"2026_1407_1416",0.1879
"2026_1335_1416",0.17629
"2026_1225_1416",0.19341
"2026_1250_1416",0.04776
"2026_1341_1416",0.04993
"2026_1276_1416",0.91058
"2026_1235_1416",0.85915
"2026_1104_1416",0.74019
"2026_1403_1416",0.73684
"2026_1397_1416",0.76255
"2026_1246_1416",0.65326
"2026_1208_1416",0.63433
"2026_1387_1416",0.57794
"2026_1365_1416",0.59154
"2026_1275_1416",0.29883
"2026_1374_1416",0.5968
"2026_1103_1416",0.4079
"2026_1220_1416",0.34133
"2026_1398_1416",0.12697
"2026_1224_1416",0.12076
"2026_1112_1416",0.90873
"2026_1345_1416",0.83452
"2026_1211_1416",0.77388
"2026_1116_1416",0.73241
"2026_1140_1416",0.69806
"2026_1274_1416",0.62414
"2026_1281_1416",0.50949
"2026_1301_1416",0.62352
"2026_1400_1416",0.61659
"2026_1219_1416",0.30573
"2026_1218_1416",0.26782
"2026_1244_1416",0.16928
"2026_1254_1416",0.10601
"2026_1181_1378",0.91968
"2026_1163_1378",0.77538
"2026_1277_1378",0.78643
"2026_1242_1378",0.70625
"2026_1257_1378",0.7423
"2026_1326_1378",0.66137
"2026_1320_1378",0.40558
"2026_1295_1378",0.24531
"2026_1202_1378",0.13172
"2026_1373_1378",0.12036
"2026_1196_1378",0.87059
"2026_1222_1378",0.86667
"2026_1228_1378",0.85962
"2026_1304_1378",0.75522
"2026_1314_1378",0.6242
"2026_1155_1378",0.58412
"2026_1234_1378",0.68671
"2026_1270_1378",0.40475
"2026_1335_1378",0.17455
"2026_1225_1378",0.19258
"2026_1250_1378",0.04734
"2026_1341_1378",0.04847
"2026_1276_1378",0.91097
"2026_1235_1378",0.85889
"2026_1104_1378",0.73882
"2026_1246_1378",0.65081
"2026_1208_1378",0.63204
"2026_1365_1378",0.58618
"2026_1275_1378",0.29604
"2026_1374_1378",0.59088
"2026_1103_1378",0.40365
"2026_1220_1378",0.33928
"2026_1224_1378",0.11807
"2026_1112_1378",0.90771
"2026_1345_1378",0.83197
"2026_1211_1378",0.77369
"2026_1116_1378",0.73159
"2026_1140_1378",0.69827
"2026_1274_1378",0.62114
"2026_1281_1378",0.50512
"2026_1301_1378",0.6183
"2026_1219_1378",0.30618
"2026_1218_1378",0.26742
"2026_1244_1378",0.16731
"2026_1254_1378",0.10488
"2026_1181_1320",0.94745
"2026_1163_1320",0.84198
"2026_1277_1320",0.85012
"2026_1242_1320",0.78608
"2026_1257_1320",0.81089
"2026_1295_1320",0.32696
"2026_1202_1320",0.19247
"2026_1196_1320",0.91164
"2026_1222_1320",0.91242
"2026_1228_1320",0.90781
"2026_1304_1320",0.82257
"2026_1314_1320",0.71
"2026_1155_1320",0.67582
"2026_1234_1320",0.76532
"2026_1270_1320",0.49794
"2026_1225_1320",0.26369
"2026_1250_1320",0.0766
"2026_1276_1320",0.94283
"2026_1235_1320",0.90601
"2026_1104_1320",0.81025
"2026_1246_1320",0.73958
"2026_1208_1320",0.71907
"2026_1275_1320",0.38281
"2026_1103_1320",0.49744
"2026_1220_1320",0.43058
"2026_1224_1320",0.17245
"2026_1112_1320",0.94163
"2026_1211_1320",0.8367
"2026_1116_1320",0.80221
"2026_1140_1320",0.77344
"2026_1274_1320",0.70726
"2026_1281_1320",0.5996
"2026_1301_1320",0.7087
"2026_1219_1320",0.39257
"2026_1218_1320",0.35023
"2026_1244_1320",0.23516
"2026_1254_1320",0.15529
"2026_1181_1465",0.97983
"2026_1163_1465",0.92067
"2026_1277_1465",0.9254
"2026_1242_1465",0.88506
"2026_1385_1465",0.88789
"2026_1257_1465",0.90177
"2026_1417_1465",0.84388
"2026_1326_1465",0.85865
"2026_1395_1465",0.77266
"2026_1416_1465",0.7396
"2026_1378_1465",0.7437
"2026_1320_1465",0.65983
"2026_1295_1465",0.48478
"2026_1202_1465",0.32422
"2026_1373_1465",0.30605
"2026_1196_1465",0.96308
"2026_1222_1465",0.96046
"2026_1228_1465",0.95798
"2026_1304_1465",0.91102
"2026_1435_1465",0.91998
"2026_1314_1465",0.83337
"2026_1388_1465",0.86095
"2026_1155_1465",0.80625
"2026_1234_1465",0.87378
"2026_1401_1465",0.81239
"2026_1433_1465",0.74673
"2026_1270_1465",0.65555
"2026_1407_1465",0.40306
"2026_1335_1465",0.38975
"2026_1225_1465",0.41191
"2026_1250_1465",0.15405
"2026_1341_1465",0.15836
"2026_1276_1465",0.97694
"2026_1235_1465",0.95783
"2026_1438_1465",0.90121
"2026_1104_1465",0.90203
"2026_1403_1465",0.89861
"2026_1397_1465",0.91287
"2026_1246_1465",0.85142
"2026_1208_1465",0.83648
"2026_1387_1465",0.79786
"2026_1365_1465",0.80707
"2026_1275_1465",0.5457
"2026_1374_1465",0.81085
"2026_1103_1465",0.65899
"2026_1220_1465",0.59488
"2026_1460_1465",0.40654
"2026_1398_1465",0.31445
"2026_1224_1465",0.29553
"2026_1420_1465",0.31766
"2026_1112_1465",0.97616
"2026_1345_1465",0.94594
"2026_1211_1465",0.91668
"2026_1116_1465",0.89579
"2026_1458_1465",0.86596
"2026_1140_1465",0.87784
"2026_1274_1465",0.82959
"2026_1437_1465",0.82576
"2026_1429_1465",0.82357
"2026_1281_1465",0.74359
"2026_1301_1465",0.83103
"2026_1400_1465",0.82569
"2026_1219_1465",0.55358
"2026_1218_1465",0.50951
"2026_1244_1465",0.37799
"2026_1254_1465",0.27538
"2026_1181_1295",0.98045
"2026_1163_1295",0.92644
"2026_1277_1295",0.93111
"2026_1242_1295",0.89372
"2026_1257_1295",0.90904
"2026_1202_1295",0.33719
"2026_1196_1295",0.96468
"2026_1222_1295",0.96465
"2026_1228_1295",0.96197
"2026_1155_1295",0.81427
"2026_1234_1295",0.88069
"2026_1270_1295",0.67083
"2026_1225_1295",0.43306
"2026_1250_1295",0.16476
"2026_1276_1295",0.97871
"2026_1235_1295",0.96028
"2026_1104_1295",0.90882
"2026_1246_1295",0.86066
"2026_1208_1295",0.8491
"2026_1275_1295",0.56033
"2026_1103_1295",0.67671
"2026_1220_1295",0.60683
"2026_1224_1295",0.30865
"2026_1112_1295",0.97808
"2026_1211_1295",0.92536
"2026_1116_1295",0.9044
"2026_1140_1295",0.88496
"2026_1274_1295",0.83885
"2026_1281_1295",0.75826
"2026_1219_1295",0.56864
"2026_1218_1295",0.52551
"2026_1244_1295",0.39382
"2026_1254_1295",0.286
"2026_1181_1202",0.99357
"2026_1163_1202",0.96963
"2026_1196_1202",0.98758
"2026_1155_1202",0.90664
"2026_1104_1202",0.95931
"2026_1103_1202",0.80623
"2026_1112_1202",0.9926
"2026_1116_1202",0.9584
"2026_1140_1202",0.94817
"2026_1181_1373",0.99468
"2026_1163_1373",0.9731
"2026_1277_1373",0.97524
"2026_1242_1373",0.9567
"2026_1257_1373",0.96506
"2026_1326_1373",0.94132
"2026_1320_1373",0.82275
"2026_1295_1373",0.68133
"2026_1202_1373",0.51869
"2026_1196_1373",0.98902
"2026_1222_1373",0.98866
"2026_1228_1373",0.98796
"2026_1304_1373",0.96722
"2026_1314_1373",0.93101
"2026_1155_1373",0.91534
"2026_1234_1373",0.95047
"2026_1270_1373",0.81755
"2026_1335_1373",0.58751
"2026_1225_1373",0.61467
"2026_1250_1373",0.30205
"2026_1341_1373",0.31248
"2026_1276_1373",0.99371
"2026_1235_1373",0.98701
"2026_1104_1373",0.96478
"2026_1246_1373",0.94049
"2026_1208_1373",0.9345
"2026_1365_1373",0.91565
"2026_1275_1373",0.73386
"2026_1103_1373",0.82183
"2026_1220_1373",0.77315
"2026_1224_1373",0.49031
"2026_1112_1373",0.99346
"2026_1345_1373",0.98348
"2026_1211_1373",0.97196
"2026_1116_1373",0.96114
"2026_1140_1373",0.95371
"2026_1274_1373",0.93051
"2026_1281_1373",0.88171
"2026_1301_1373",0.92776
"2026_1219_1373",0.74285
"2026_1218_1373",0.70632
"2026_1244_1373",0.57861
"2026_1254_1373",0.46481
"2026_1181_1196",0.60525
"2026_1163_1196",0.35695
"2026_1155_1196",0.1808
"2026_1104_1196",0.31234
"2026_1103_1196",0.086
"2026_1112_1196",0.57975
"2026_1116_1196",0.30366
"2026_1140_1196",0.27233
"2026_1181_1222",0.60824
"2026_1163_1222",0.3634
"2026_1202_1222",0.01273
"2026_1196_1222",0.50452
"2026_1155_1222",0.18144
"2026_1104_1222",0.32001
"2026_1208_1222",0.21637
"2026_1103_1222",0.08604
"2026_1220_1222",0.06105
"2026_1112_1222",0.58432
"2026_1211_1222",0.35538
"2026_1116_1222",0.30997
"2026_1140_1222",0.27553
"2026_1219_1222",0.05138
"2026_1218_1222",0.04144
"2026_1181_1228",0.62149
"2026_1163_1228",0.37468
"2026_1202_1228",0.01407
"2026_1196_1228",0.51627
"2026_1222_1228",0.51155
"2026_1155_1228",0.19204
"2026_1225_1228",0.02637
"2026_1104_1228",0.3301
"2026_1208_1228",0.22723
"2026_1103_1228",0.09144
"2026_1220_1228",0.06533
"2026_1224_1228",0.01132
"2026_1112_1228",0.59412
"2026_1211_1228",0.36708
"2026_1116_1228",0.3188
"2026_1140_1228",0.28569
"2026_1219_1228",0.05447
"2026_1218_1228",0.04472
"2026_1181_1304",0.75699
"2026_1163_1304",0.52577
"2026_1277_1304",0.54364
"2026_1242_1304",0.4455
"2026_1257_1304",0.48275
"2026_1295_1304",0.08464
"2026_1202_1304",0.03619
"2026_1196_1304",0.67042
"2026_1222_1304",0.66282
"2026_1228_1304",0.65428
"2026_1155_1304",0.31675
"2026_1234_1304",0.42141
"2026_1270_1304",0.17322
"2026_1225_1304",0.061
"2026_1250_1304",0.00885
"2026_1276_1304",0.74572
"2026_1235_1304",0.65053
"2026_1104_1304",0.47947
"2026_1246_1304",0.38317
"2026_1208_1304",0.36172
"2026_1275_1304",0.10965
"2026_1103_1304",0.17589
"2026_1220_1304",0.13413
"2026_1224_1304",0.03029
"2026_1112_1304",0.73891
"2026_1211_1304",0.52147
"2026_1116_1304",0.47161
"2026_1140_1304",0.43249
"2026_1274_1304",0.35315
"2026_1281_1304",0.24918
"2026_1301_1304",0.34983
"2026_1219_1304",0.11297
"2026_1218_1304",0.09362
"2026_1244_1304",0.04886
"2026_1254_1304",0.02557
"2026_1181_1435",0.73973
"2026_1163_1435",0.50098
"2026_1277_1435",0.52158
"2026_1242_1435",0.41806
"2026_1385_1435",0.43016
"2026_1257_1435",0.45908
"2026_1417_1435",0.34931
"2026_1326_1435",0.37
"2026_1395_1435",0.25806
"2026_1416_1435",0.22186
"2026_1378_1435",0.22618
"2026_1320_1435",0.16078
"2026_1295_1435",0.07439
"2026_1202_1435",0.03167
"2026_1373_1435",0.02767
"2026_1196_1435",0.64674
"2026_1222_1435",0.64316
"2026_1228_1435",0.63212
"2026_1304_1435",0.47584
"2026_1314_1435",0.33121
"2026_1388_1435",0.37527
"2026_1155_1435",0.29558
"2026_1234_1435",0.39721
"2026_1401_1435",0.30033
"2026_1433_1435",0.23054
"2026_1270_1435",0.1576
"2026_1407_1435",0.04922
"2026_1335_1435",0.045
"2026_1225_1435",0.05341
"2026_1250_1435",0.00752
"2026_1341_1435",0.00825
"2026_1276_1435",0.72108
"2026_1235_1435",0.62684
"2026_1104_1435",0.45665
"2026_1403_1435",0.44782
"2026_1397_1435",0.47919
"2026_1246_1435",0.35714
"2026_1208_1435",0.34234
"2026_1387_1435",0.28204
"2026_1365_1435",0.29383
"2026_1275_1435",0.09874
"2026_1374_1435",0.30114
"2026_1103_1435",0.15768
"2026_1220_1435",0.12014
"2026_1398_1435",0.02923
"2026_1224_1435",0.02601
"2026_1420_1435",0.03164
"2026_1112_1435",0.71771
"2026_1345_1435",0.58524
"2026_1211_1435",0.49531
"2026_1116_1435",0.44192
"2026_1140_1435",0.40413
"2026_1274_1435",0.3283
"2026_1429_1435",0.31699
"2026_1281_1435",0.22882
"2026_1301_1435",0.32818
"2026_1400_1435",0.32323
"2026_1219_1435",0.10437
"2026_1218_1435",0.08442
"2026_1244_1435",0.04343
"2026_1254_1435",0.02201
"2026_1181_1314",0.86176
"2026_1163_1314",0.66994
"2026_1277_1314",0.68442
"2026_1242_1314",0.59181
"2026_1257_1314",0.63118
"2026_1295_1314",0.15807
"2026_1202_1314",0.07665
"2026_1196_1314",0.79155
"2026_1222_1314",0.79026
"2026_1228_1314",0.77788
"2026_1304_1314",0.64601
"2026_1155_1314",0.45952
"2026_1234_1314",0.56731
"2026_1270_1314",0.28585
"2026_1225_1314",0.11701
"2026_1250_1314",0.02405
"2026_1276_1314",0.84844
"2026_1235_1314",0.77525
"2026_1104_1314",0.62887
"2026_1246_1314",0.52912
"2026_1208_1314",0.50707
"2026_1275_1314",0.19594
"2026_1103_1314",0.29002
"2026_1220_1314",0.23084
"2026_1224_1314",0.0668
"2026_1112_1314",0.84541
"2026_1211_1314",0.66608
"2026_1116_1314",0.61703
"2026_1140_1314",0.57828
"2026_1274_1314",0.4963
"2026_1281_1314",0.38198
"2026_1301_1314",0.49896
"2026_1219_1314",0.2011
"2026_1218_1314",0.17227
"2026_1244_1314",0.09997
"2026_1254_1314",0.05789
"2026_1181_1388",0.83253
"2026_1163_1388",0.62836
"2026_1277_1388",0.64229
"2026_1242_1388",0.54555
"2026_1385_1388",0.55501
"2026_1257_1388",0.58507
"2026_1326_1388",0.49203
"2026_1378_1388",0.32941
"2026_1320_1388",0.25224
"2026_1295_1388",0.13089
"2026_1202_1388",0.06088
"2026_1373_1388",0.05518
"2026_1196_1388",0.75739
"2026_1222_1388",0.75278
"2026_1228_1388",0.74305
"2026_1304_1388",0.60054
"2026_1314_1388",0.45227
"2026_1155_1388",0.41319
"2026_1234_1388",0.5241
"2026_1270_1388",0.24775
"2026_1335_1388",0.08586
"2026_1225_1388",0.09682
"2026_1250_1388",0.01689
"2026_1341_1388",0.01858
"2026_1276_1388",0.8194
"2026_1235_1388",0.73764
"2026_1104_1388",0.58205
"2026_1246_1388",0.48373
"2026_1208_1388",0.45993
"2026_1387_1388",0.39977
"2026_1365_1388",0.4136
"2026_1275_1388",0.16744
"2026_1374_1388",0.41981
"2026_1103_1388",0.24829
"2026_1220_1388",0.19846
"2026_1224_1388",0.05452
"2026_1112_1388",0.81452
"2026_1345_1388",0.70459
"2026_1211_1388",0.62245
"2026_1116_1388",0.56951
"2026_1140_1388",0.53179
"2026_1274_1388",0.44958
"2026_1281_1388",0.33575
"2026_1301_1388",0.44794
"2026_1219_1388",0.17232
"2026_1218_1388",0.14393
"2026_1244_1388",0.08138
"2026_1254_1388",0.04552
"2026_1104_1155",0.66931
"2026_1103_1155",0.32466
"2026_1112_1155",0.86688
"2026_1116_1155",0.65824
"2026_1140_1155",0.61997
"2026_1181_1234",0.81534
"2026_1163_1234",0.60507
"2026_1202_1234",0.05474
"2026_1196_1234",0.73725
"2026_1222_1234",0.73401
"2026_1228_1234",0.72444
"2026_1155_1234",0.39128
"2026_1225_1234",0.0874
"2026_1104_1234",0.56039
"2026_1208_1234",0.43959
"2026_1103_1234",0.23386
"2026_1220_1234",0.18129
"2026_1224_1234",0.04707
"2026_1112_1234",0.79962
"2026_1211_1234",0.60368
"2026_1116_1234",0.54788
"2026_1140_1234",0.51005
"2026_1219_1234",0.15761
"2026_1218_1234",0.13174
"2026_1181_1401",0.87691
"2026_1163_1401",0.70395
"2026_1277_1401",0.71805
"2026_1242_1401",0.62644
"2026_1385_1401",0.63568
"2026_1257_1401",0.66162
"2026_1326_1401",0.57949
"2026_1395_1401",0.44913
"2026_1378_1401",0.41076
"2026_1320_1401",0.321
"2026_1295_1401",0.1809
"2026_1202_1401",0.09092
"2026_1373_1401",0.08262
"2026_1196_1401",0.81384
"2026_1222_1401",0.8122
"2026_1228_1401",0.80325
"2026_1304_1401",0.68011
"2026_1314_1401",0.53665
"2026_1388_1401",0.58282
"2026_1155_1401",0.49619
"2026_1234_1401",0.60205
"2026_1270_1401",0.31673
"2026_1335_1401",0.1223
"2026_1225_1401",0.13639
"2026_1250_1401",0.02844
"2026_1341_1401",0.03099
"2026_1276_1401",0.86926
"2026_1235_1401",0.80076
"2026_1104_1401",0.65958
"2026_1397_1401",0.68033
"2026_1246_1401",0.56537
"2026_1208_1401",0.54315
"2026_1387_1401",0.48159
"2026_1365_1401",0.49835
"2026_1275_1401",0.22052
"2026_1374_1401",0.5024
"2026_1103_1401",0.31828
"2026_1220_1401",0.2598
"2026_1398_1401",0.08618
"2026_1224_1401",0.08014
"2026_1112_1401",0.86398
"2026_1345_1401",0.77103
"2026_1211_1401",0.699
"2026_1116_1401",0.6487
"2026_1140_1401",0.61463
"2026_1274_1401",0.52923
"2026_1281_1401",0.41151
"2026_1301_1401",0.53376
"2026_1400_1401",0.52462
"2026_1219_1401",0.22949
"2026_1218_1401",0.19693
"2026_1244_1401",0.11889
"2026_1254_1401",0.06895
"2026_1181_1433",0.91442
"2026_1163_1433",0.76643
"2026_1277_1433",0.78019
"2026_1242_1433",0.69951
"2026_1385_1433",0.70888
"2026_1257_1433",0.73332
"2026_1417_1433",0.63855
"2026_1326_1433",0.65262
"2026_1395_1433",0.52835
"2026_1416_1433",0.48704
"2026_1378_1433",0.48969
"2026_1320_1433",0.39621
"2026_1295_1433",0.23852
"2026_1202_1433",0.12735
"2026_1373_1433",0.12041
"2026_1196_1433",0.86333
"2026_1222_1433",0.8631
"2026_1228_1433",0.85566
"2026_1304_1433",0.74806
"2026_1314_1433",0.61248
"2026_1388_1433",0.65762
"2026_1155_1433",0.57415
"2026_1234_1433",0.68298
"2026_1401_1433",0.57976
"2026_1270_1433",0.39352
"2026_1407_1433",0.17921
"2026_1335_1433",0.16938
"2026_1225_1433",0.18704
"2026_1250_1433",0.04543
"2026_1341_1433",0.04594
"2026_1276_1433",0.90615
"2026_1235_1433",0.85514
"2026_1104_1433",0.73221
"2026_1403_1433",0.72706
"2026_1397_1433",0.7505
"2026_1246_1433",0.64321
"2026_1208_1433",0.62226
"2026_1387_1433",0.5603
"2026_1365_1433",0.57553
"2026_1275_1433",0.28647
"2026_1374_1433",0.57923
"2026_1103_1433",0.39704
"2026_1220_1433",0.33071
"2026_1398_1433",0.12242
"2026_1224_1433",0.11251
"2026_1420_1433",0.12712
"2026_1112_1433",0.90358
"2026_1345_1433",0.82725
"2026_1211_1433",0.76307
"2026_1116_1433",0.72103
"2026_1140_1433",0.68887
"2026_1274_1433",0.61367
"2026_1429_1433",0.60324
"2026_1281_1433",0.49542
"2026_1301_1433",0.6115
"2026_1400_1433",0.6072
"2026_1219_1433",0.29334
"2026_1218_1433",0.25872
"2026_1244_1433",0.15945
"2026_1254_1433",0.09977
"2026_1181_1270",0.94969
"2026_1163_1270",0.84303
"2026_1242_1270",0.78614
"2026_1257_1270",0.81547
"2026_1202_1270",0.19587
"2026_1196_1270",0.91511
"2026_1222_1270",0.9137
"2026_1228_1270",0.90843
"2026_1155_1270",0.67753
"2026_1234_1270",0.76961
"2026_1225_1270",0.26892
"2026_1250_1270",0.07683
"2026_1235_1270",0.90731
"2026_1104_1270",0.81249
"2026_1246_1270",0.73947
"2026_1208_1270",0.72228
"2026_1103_1270",0.50044
"2026_1220_1270",0.43446
"2026_1224_1270",0.17269
"2026_1112_1270",0.94134
"2026_1211_1270",0.84031
"2026_1116_1270",0.80543
"2026_1140_1270",0.77886
"2026_1219_1270",0.39537
"2026_1218_1270",0.3534
"2026_1244_1270",0.23567
"2026_1254_1270",0.15749
"2026_1181_1407",0.98883
"2026_1163_1407",0.94947
"2026_1277_1407",0.95484
"2026_1242_1407",0.92518
"2026_1385_1407",0.92791
"2026_1257_1407",0.93768
"2026_1326_1407",0.90435
"2026_1395_1407",0.84263
"2026_1378_1407",0.81761
"2026_1320_1407",0.74413
"2026_1295_1407",0.58096
"2026_1202_1407",0.41512
"2026_1373_1407",0.39513
"2026_1196_1407",0.97905
"2026_1222_1407",0.97775
"2026_1228_1407",0.97609
"2026_1304_1407",0.94286
"2026_1314_1407",0.88665
"2026_1388_1407",0.90835
"2026_1155_1407",0.86684
"2026_1234_1407",0.91581
"2026_1401_1407",0.86974
"2026_1270_1407",0.74199
"2026_1335_1407",0.48297
"2026_1225_1407",0.50994
"2026_1250_1407",0.22077
"2026_1341_1407",0.22511
"2026_1276_1407",0.98684
"2026_1235_1407",0.97513
"2026_1104_1407",0.93933
"2026_1403_1407",0.93605
"2026_1397_1407",0.94445
"2026_1246_1407",0.90038
"2026_1208_1407",0.89071
"2026_1387_1407",0.85851
"2026_1365_1407",0.86833
"2026_1275_1407",0.63774
"2026_1374_1407",0.86682
"2026_1103_1407",0.7437
"2026_1220_1407",0.68685
"2026_1398_1407",0.40032
"2026_1224_1407",0.39031
"2026_1112_1407",0.98742
"2026_1345_1407",0.96834
"2026_1211_1407",0.95019
"2026_1116_1407",0.93423
"2026_1140_1407",0.92196
"2026_1274_1407",0.88597
"2026_1281_1407",0.81816
"2026_1301_1407",0.88577
"2026_1400_1407",0.88264
"2026_1219_1407",0.64703
"2026_1218_1407",0.60944
"2026_1244_1407",0.47016
"2026_1254_1407",0.35862
"2026_1181_1335",0.99002
"2026_1163_1335",0.95585
"2026_1277_1335",0.95817
"2026_1242_1335",0.93057
"2026_1257_1335",0.94437
"2026_1326_1335",0.91236
"2026_1320_1335",0.75938
"2026_1295_1335",0.59611
"2026_1202_1335",0.43096
"2026_1196_1335",0.98128
"2026_1222_1335",0.97972
"2026_1228_1335",0.97812
"2026_1304_1335",0.94843
"2026_1314_1335",0.89523
"2026_1155_1335",0.87481
"2026_1234_1335",0.92457
"2026_1270_1335",0.75403
"2026_1225_1335",0.52654
"2026_1250_1335",0.23378
"2026_1276_1335",0.98875
"2026_1235_1335",0.97816
"2026_1104_1335",0.94318
"2026_1246_1335",0.90741
"2026_1208_1335",0.89795
"2026_1275_1335",0.65347
"2026_1103_1335",0.75451
"2026_1220_1335",0.7009
"2026_1224_1335",0.40099
"2026_1112_1335",0.98865
"2026_1211_1335",0.95411
"2026_1116_1335",0.93974
"2026_1140_1335",0.92704
"2026_1274_1335",0.89504
"2026_1281_1335",0.82769
"2026_1301_1335",0.89174
"2026_1219_1335",0.66446
"2026_1218_1335",0.62053
"2026_1244_1335",0.49178
"2026_1254_1335",0.37534
"2026_1181_1225",0.98779
"2026_1163_1225",0.94744
"2026_1202_1225",0.40335
"2026_1196_1225",0.97688
"2026_1222_1225",0.97676
"2026_1155_1225",0.85885
"2026_1104_1225",0.93465
"2026_1208_1225",0.88711
"2026_1103_1225",0.73311
"2026_1220_1225",0.67403
"2026_1224_1225",0.37334
"2026_1112_1225",0.98613
"2026_1211_1225",0.94656
"2026_1116_1225",0.92966
"2026_1140_1225",0.917
"2026_1219_1225",0.63986
"2026_1218_1225",0.59563
"2026_1181_1250",0.99882
"2026_1163_1250",0.99209
"2026_1242_1250",0.98671
"2026_1202_1250",0.71262
"2026_1196_1250",0.99759
"2026_1222_1250",0.99725
"2026_1228_1250",0.99707
"2026_1155_1250",0.97063
"2026_1234_1250",0.98509
"2026_1225_1250",0.78918
"2026_1235_1250",0.99665
"2026_1104_1250",0.98938
"2026_1246_1250",0.98004
"2026_1208_1250",0.97855
"2026_1103_1250",0.92399
"2026_1220_1250",0.89616
"2026_1224_1250",0.68722
"2026_1112_1250",0.9989
"2026_1211_1250",0.99232
"2026_1116_1250",0.98886
"2026_1140_1250",0.98527
"2026_1219_1250",0.87842
"2026_1218_1250",0.85268
"2026_1244_1250",0.76126
"2026_1181_1341",0.99876
"2026_1163_1341",0.99212
"2026_1277_1341",0.99236
"2026_1242_1341",0.98667
"2026_1257_1341",0.98945
"2026_1326_1341",0.98096
"2026_1320_1341",0.92058
"2026_1295_1341",0.8321
"2026_1202_1341",0.7075
"2026_1196_1341",0.9976
"2026_1222_1341",0.99719
"2026_1228_1341",0.99673
"2026_1304_1341",0.99062
"2026_1314_1341",0.97558
"2026_1155_1341",0.96918
"2026_1234_1341",0.98388
"2026_1270_1341",0.92148
"2026_1335_1341",0.76094
"2026_1225_1341",0.78569
"2026_1250_1341",0.49407
"2026_1276_1341",0.99882
"2026_1235_1341",0.99669
"2026_1104_1341",0.98957
"2026_1246_1341",0.97993
"2026_1208_1341",0.97642
"2026_1275_1341",0.86752
"2026_1103_1341",0.9213
"2026_1220_1341",0.89238
"2026_1224_1341",0.67825
"2026_1112_1341",0.99858
"2026_1211_1341",0.99227
"2026_1116_1341",0.98783
"2026_1140_1341",0.98456
"2026_1274_1341",0.97417
"2026_1281_1341",0.95199
"2026_1301_1341",0.97457
"2026_1219_1341",0.87288
"2026_1218_1341",0.84676
"2026_1244_1341",0.7565
"2026_1254_1341",0.65585
"2026_1181_1276",0.52108
"2026_1163_1276",0.27974
"2026_1242_1276",0.20948
"2026_1257_1276",0.24363
"2026_1202_1276",0.00716
"2026_1196_1276",0.41381
"2026_1222_1276",0.41011
"2026_1228_1276",0.3976
"2026_1155_1276",0.12743
"2026_1234_1276",0.19698
"2026_1270_1276",0.05548
"2026_1225_1276",0.01354
"2026_1250_1276",0.00138
"2026_1235_1276",0.39607
"2026_1104_1276",0.24134
"2026_1246_1276",0.16923
"2026_1208_1276",0.15739
"2026_1275_1276",0.03004
"2026_1103_1276",0.05602
"2026_1220_1276",0.03895
"2026_1224_1276",0.00577
"2026_1112_1276",0.49312
"2026_1211_1276",0.27317
"2026_1116_1276",0.23391
"2026_1140_1276",0.20537
"2026_1274_1276",0.14945
"2026_1219_1276",0.03164
"2026_1218_1276",0.02423
"2026_1244_1276",0.01072
"2026_1254_1276",0.00467
"2026_1181_1235",0.62666
"2026_1163_1235",0.37969
"2026_1202_1235",0.01461
"2026_1196_1235",0.52025
"2026_1222_1235",0.51677
"2026_1228_1235",0.50288
"2026_1155_1235",0.19191
"2026_1234_1235",0.27978
"2026_1225_1235",0.0263
"2026_1104_1235",0.33168
"2026_1208_1235",0.23352
"2026_1103_1235",0.09347
"2026_1220_1235",0.06784
"2026_1224_1235",0.01213
"2026_1112_1235",0.59961
"2026_1211_1235",0.37028
"2026_1116_1235",0.31965
"2026_1140_1235",0.29052
"2026_1219_1235",0.05702
"2026_1218_1235",0.0453
"2026_1181_1438",0.77118
"2026_1163_1438",0.54683
"2026_1277_1438",0.55977
"2026_1242_1438",0.4608
"2026_1385_1438",0.47094
"2026_1257_1438",0.50061
"2026_1417_1438",0.39292
"2026_1326_1438",0.40925
"2026_1395_1438",0.28825
"2026_1416_1438",0.2593
"2026_1378_1438",0.26017
"2026_1320_1438",0.18948
"2026_1295_1438",0.09015
"2026_1202_1438",0.04058
"2026_1373_1438",0.03468
"2026_1196_1438",0.68647
"2026_1222_1438",0.67817
"2026_1228_1438",0.67097
"2026_1304_1438",0.51819
"2026_1435_1438",0.54362
"2026_1314_1438",0.37412
"2026_1388_1438",0.41651
"2026_1155_1438",0.33257
"2026_1234_1438",0.44041
"2026_1401_1438",0.33877
"2026_1433_1438",0.26654
"2026_1270_1438",0.18486
"2026_1407_1438",0.06018
"2026_1335_1438",0.05755
"2026_1225_1438",0.06481
"2026_1250_1438",0.01035
"2026_1341_1438",0.01053
"2026_1276_1438",0.75834
"2026_1235_1438",0.66961
"2026_1104_1438",0.49647
"2026_1403_1438",0.49211
"2026_1397_1438",0.52155
"2026_1246_1438",0.39785
"2026_1208_1438",0.38046
"2026_1387_1438",0.31982
"2026_1365_1438",0.33467
"2026_1275_1438",0.11869
"2026_1374_1438",0.34091
"2026_1103_1438",0.18923
"2026_1220_1438",0.1443
"2026_1398_1438",0.03664
"2026_1224_1438",0.0344
"2026_1420_1438",0.0395
"2026_1112_1438",0.75236
"2026_1345_1438",0.62657
"2026_1211_1438",0.54018
"2026_1116_1438",0.48657
"2026_1140_1438",0.45054
"2026_1274_1438",0.36736
"2026_1437_1438",0.35971
"2026_1429_1438",0.35855
"2026_1281_1438",0.26191
"2026_1301_1438",0.36924
"2026_1400_1438",0.36375
"2026_1219_1438",0.12328
"2026_1218_1438",0.10083
"2026_1244_1438",0.05296
"2026_1254_1438",0.02871
"2026_1103_1104",0.18694
"2026_1181_1403",0.77888
"2026_1163_1403",0.55485
"2026_1277_1403",0.56729
"2026_1242_1403",0.46779
"2026_1385_1403",0.47502
"2026_1257_1403",0.50782
"2026_1326_1403",0.41798
"2026_1395_1403",0.29627
"2026_1378_1403",0.26469
"2026_1320_1403",0.19453
"2026_1295_1403",0.09607
"2026_1202_1403",0.04219
"2026_1373_1403",0.03738
"2026_1196_1403",0.69299
"2026_1222_1403",0.68751
"2026_1228_1403",0.67761
"2026_1304_1403",0.52541
"2026_1314_1403",0.37928
"2026_1388_1403",0.42524
"2026_1155_1403",0.34155
"2026_1234_1403",0.44608
"2026_1401_1403",0.34577
"2026_1270_1403",0.19135
"2026_1335_1403",0.05827
"2026_1225_1403",0.0682
"2026_1250_1403",0.0111
"2026_1341_1403",0.01079
"2026_1276_1403",0.76409
"2026_1235_1403",0.67451
"2026_1104_1403",0.50417
"2026_1397_1403",0.53043
"2026_1246_1403",0.40897
"2026_1208_1403",0.38819
"2026_1387_1403",0.32645
"2026_1365_1403",0.34332
"2026_1275_1403",0.12452
"2026_1374_1403",0.34471
"2026_1103_1403",0.19266
"2026_1220_1403",0.14788
"2026_1398_1403",0.03919
"2026_1224_1403",0.03407
"2026_1112_1403",0.76126
"2026_1345_1403",0.63598
"2026_1211_1403",0.55023
"2026_1116_1403",0.49404
"2026_1140_1403",0.45459
"2026_1274_1403",0.37506
"2026_1281_1403",0.27067
"2026_1301_1403",0.37454
"2026_1400_1403",0.36909
"2026_1219_1403",0.12698
"2026_1218_1403",0.10457
"2026_1244_1403",0.05641
"2026_1254_1403",0.03
"2026_1181_1397",0.75583
"2026_1163_1397",0.52343
"2026_1277_1397",0.53964
"2026_1242_1397",0.43986
"2026_1385_1397",0.44884
"2026_1257_1397",0.48029
"2026_1326_1397",0.39097
"2026_1395_1397",0.27301
"2026_1378_1397",0.24053
"2026_1320_1397",0.17325
"2026_1295_1397",0.08243
"2026_1202_1397",0.03534
"2026_1373_1397",0.03178
"2026_1196_1397",0.66384
"2026_1222_1397",0.66272
"2026_1228_1397",0.65049
"2026_1304_1397",0.49465
"2026_1314_1397",0.34991
"2026_1388_1397",0.39188
"2026_1155_1397",0.31247
"2026_1234_1397",0.42111
"2026_1270_1397",0.1717
"2026_1335_1397",0.05125
"2026_1225_1397",0.05925
"2026_1250_1397",0.00873
"2026_1341_1397",0.00941
"2026_1276_1397",0.7391
"2026_1235_1397",0.64645
"2026_1104_1397",0.47833
"2026_1246_1397",0.37743
"2026_1208_1397",0.36012
"2026_1387_1397",0.30009
"2026_1365_1397",0.3112
"2026_1275_1397",0.10743
"2026_1374_1397",0.31625
"2026_1103_1397",0.17369
"2026_1220_1397",0.13273
"2026_1224_1397",0.02957
"2026_1112_1397",0.73424
"2026_1345_1397",0.60556
"2026_1211_1397",0.51367
"2026_1116_1397",0.4648
"2026_1140_1397",0.42745
"2026_1274_1397",0.34752
"2026_1281_1397",0.24623
"2026_1301_1397",0.34851
"2026_1219_1397",0.11263
"2026_1218_1397",0.09315
"2026_1244_1397",0.04948
"2026_1254_1397",0.02535
"2026_1181_1246",0.84018
"2026_1163_1246",0.64397
"2026_1242_1246",0.56028
"2026_1202_1246",0.0667
"2026_1196_1246",0.76723
"2026_1222_1246",0.7664
"2026_1228_1246",0.75499
"2026_1155_1246",0.42958
"2026_1234_1246",0.54004
"2026_1225_1246",0.10344
"2026_1235_1246",0.75183
"2026_1104_1246",0.59879
"2026_1208_1246",0.47905
"2026_1103_1246",0.2633
"2026_1220_1246",0.21024
"2026_1224_1246",0.05692
"2026_1112_1246",0.82526
"2026_1211_1246",0.63651
"2026_1116_1246",0.58782
"2026_1140_1246",0.55087
"2026_1219_1246",0.18333
"2026_1218_1246",0.15498
"2026_1244_1246",0.08923
"2026_1181_1208",0.85383
"2026_1163_1208",0.66323
"2026_1202_1208",0.07341
"2026_1196_1208",0.78348
"2026_1155_1208",0.45102
"2026_1104_1208",0.62032
"2026_1103_1208",0.28067
"2026_1112_1208",0.83771
"2026_1116_1208",0.60914
"2026_1140_1208",0.56968
"2026_1181_1387",0.88986
"2026_1163_1387",0.71875
"2026_1277_1387",0.7324
"2026_1242_1387",0.64472
"2026_1385_1387",0.65573
"2026_1257_1387",0.68023
"2026_1326_1387",0.59766
"2026_1378_1387",0.42875
"2026_1320_1387",0.33977
"2026_1295_1387",0.19265
"2026_1202_1387",0.10099
"2026_1373_1387",0.09065
"2026_1196_1387",0.82769
"2026_1222_1387",0.82347
"2026_1228_1387",0.81718
"2026_1304_1387",0.69541
"2026_1314_1387",0.55349
"2026_1155_1387",0.51228
"2026_1234_1387",0.62543
"2026_1270_1387",0.33586
"2026_1335_1387",0.1303
"2026_1225_1387",0.14684
"2026_1250_1387",0.03194
"2026_1341_1387",0.03296
"2026_1276_1387",0.87865
"2026_1235_1387",0.81493
"2026_1104_1387",0.68113
"2026_1246_1387",0.58225
"2026_1208_1387",0.5627
"2026_1365_1387",0.51527
"2026_1275_1387",0.23701
"2026_1374_1387",0.52101
"2026_1103_1387",0.3372
"2026_1220_1387",0.2768
"2026_1224_1387",0.08507
"2026_1112_1387",0.87366
"2026_1345_1387",0.78584
"2026_1211_1387",0.71446
"2026_1116_1387",0.67001
"2026_1140_1387",0.63542
"2026_1274_1387",0.55318
"2026_1281_1387",0.43617
"2026_1301_1387",0.55114
"2026_1219_1387",0.24692
"2026_1218_1387",0.21043
"2026_1244_1387",0.12721
"2026_1254_1387",0.07756
"2026_1181_1365",0.88185
"2026_1163_1365",0.7064
"2026_1277_1365",0.71974
"2026_1242_1365",0.62841
"2026_1257_1365",0.6632
"2026_1326_1365",0.58104
"2026_1320_1365",0.32507
"2026_1295_1365",0.18086
"2026_1202_1365",0.09164
"2026_1196_1365",0.81851
"2026_1222_1365",0.81481
"2026_1228_1365",0.80809
"2026_1304_1365",0.68387
"2026_1314_1365",0.53846
"2026_1155_1365",0.49681
"2026_1234_1365",0.60744
"2026_1270_1365",0.32074
"2026_1335_1365",0.12369
"2026_1225_1365",0.13905
"2026_1250_1365",0.02902
"2026_1341_1365",0.03035
"2026_1276_1365",0.87019
"2026_1235_1365",0.80557
"2026_1104_1365",0.66395
"2026_1246_1365",0.57072
"2026_1208_1365",0.54625
"2026_1275_1365",0.22512
"2026_1103_1365",0.31933
"2026_1220_1365",0.26523
"2026_1224_1365",0.08028
"2026_1112_1365",0.86523
"2026_1345_1365",0.77237
"2026_1211_1365",0.70144
"2026_1116_1365",0.65311
"2026_1140_1365",0.62108
"2026_1274_1365",0.53553
"2026_1281_1365",0.41909
"2026_1301_1365",0.53477
"2026_1219_1365",0.23139
"2026_1218_1365",0.19935
"2026_1244_1365",0.11992
"2026_1254_1365",0.07254
"2026_1181_1275",0.9737
"2026_1163_1275",0.90287
"2026_1242_1275",0.86311
"2026_1257_1275",0.88427
"2026_1202_1275",0.28343
"2026_1196_1275",0.95243
"2026_1222_1275",0.9503
"2026_1228_1275",0.94726
"2026_1155_1275",0.77228
"2026_1234_1275",0.84553
"2026_1270_1275",0.61518
"2026_1225_1275",0.37287
"2026_1250_1275",0.12807
"2026_1235_1275",0.94782
"2026_1104_1275",0.88117
"2026_1246_1275",0.8248
"2026_1208_1275",0.81065
"2026_1103_1275",0.6171
"2026_1220_1275",0.54935
"2026_1224_1275",0.2611
"2026_1112_1275",0.96885
"2026_1211_1275",0.90086
"2026_1116_1275",0.87315
"2026_1140_1275",0.85367
"2026_1274_1275",0.80324
"2026_1219_1275",0.51008
"2026_1218_1275",0.46541
"2026_1244_1275",0.33426
"2026_1254_1275",0.23902
"2026_1181_1374",0.87968
"2026_1163_1374",0.70248
"2026_1277_1374",0.71549
"2026_1242_1374",0.62566
"2026_1257_1374",0.66356
"2026_1326_1374",0.57405
"2026_1320_1374",0.31748
"2026_1295_1374",0.17994
"2026_1202_1374",0.09105
"2026_1373_1374",0.08107
"2026_1196_1374",0.81379
"2026_1222_1374",0.81153
"2026_1228_1374",0.80438
"2026_1304_1374",0.67645
"2026_1314_1374",0.53388
"2026_1155_1374",0.49402
"2026_1234_1374",0.60245
"2026_1270_1374",0.31613
"2026_1335_1374",0.12251
"2026_1225_1374",0.1367
"2026_1250_1374",0.02953
"2026_1341_1374",0.02886
"2026_1276_1374",0.86608
"2026_1235_1374",0.80311
"2026_1104_1374",0.65848
"2026_1246_1374",0.56408
"2026_1208_1374",0.54332
"2026_1365_1374",0.49359
"2026_1275_1374",0.22064
"2026_1103_1374",0.3165
"2026_1220_1374",0.25967
"2026_1224_1374",0.08014
"2026_1112_1374",0.86305
"2026_1345_1374",0.76943
"2026_1211_1374",0.69597
"2026_1116_1374",0.64813
"2026_1140_1374",0.61455
"2026_1274_1374",0.53204
"2026_1281_1374",0.41344
"2026_1301_1374",0.53059
"2026_1219_1374",0.22829
"2026_1218_1374",0.19726
"2026_1244_1374",0.11488
"2026_1254_1374",0.06872
"2026_1181_1220",0.9653
"2026_1163_1220",0.88059
"2026_1202_1220",0.24101
"2026_1196_1220",0.93733
"2026_1155_1220",0.73671
"2026_1104_1220",0.85515
"2026_1208_1220",0.7772
"2026_1103_1220",0.57013
"2026_1112_1220",0.95957
"2026_1211_1220",0.87706
"2026_1116_1220",0.84961
"2026_1140_1220",0.82341
"2026_1219_1220",0.46293
"2026_1218_1220",0.41484
"2026_1181_1460",0.98899
"2026_1163_1460",0.94879
"2026_1277_1460",0.95507
"2026_1242_1460",0.92441
"2026_1385_1460",0.92809
"2026_1257_1460",0.93669
"2026_1417_1460",0.89535
"2026_1326_1460",0.90462
"2026_1395_1460",0.83706
"2026_1416_1460",0.80782
"2026_1378_1460",0.81223
"2026_1320_1460",0.73992
"2026_1295_1460",0.57862
"2026_1202_1460",0.41055
"2026_1373_1460",0.38765
"2026_1196_1460",0.97787
"2026_1222_1460",0.97618
"2026_1228_1460",0.97563
"2026_1304_1460",0.9429
"2026_1435_1460",0.94784
"2026_1314_1460",0.88584
"2026_1388_1460",0.90652
"2026_1155_1460",0.8638
"2026_1234_1460",0.91406
"2026_1401_1460",0.86587
"2026_1433_1460",0.81519
"2026_1270_1460",0.73929
"2026_1407_1460",0.49729
"2026_1335_1460",0.47879
"2026_1225_1460",0.50442
"2026_1250_1460",0.21431
"2026_1341_1460",0.21996
"2026_1276_1460",0.9871
"2026_1235_1460",0.97455
"2026_1438_1460",0.93721
"2026_1104_1460",0.93665
"2026_1403_1460",0.93362
"2026_1397_1460",0.94366
"2026_1246_1460",0.89984
"2026_1208_1460",0.88787
"2026_1387_1460",0.8557
"2026_1365_1460",0.86392
"2026_1275_1460",0.63639
"2026_1374_1460",0.86784
"2026_1103_1460",0.74095
"2026_1220_1460",0.67949
"2026_1398_1460",0.39903
"2026_1224_1460",0.38255
"2026_1420_1460",0.40684
"2026_1112_1460",0.98675
"2026_1345_1460",0.96836
"2026_1211_1460",0.94833
"2026_1116_1460",0.9309
"2026_1458_1460",0.90995
"2026_1140_1460",0.91803
"2026_1274_1460",0.88297
"2026_1437_1460",0.87651
"2026_1429_1460",0.87924
"2026_1281_1460",0.81678
"2026_1301_1460",0.88257
"2026_1400_1460",0.88058
"2026_1219_1460",0.64203
"2026_1218_1460",0.60171
"2026_1244_1460",0.46631
"2026_1254_1460",0.35682
"2026_1181_1398",0.99418
"2026_1163_1398",0.97059
"2026_1277_1398",0.9742
"2026_1242_1398",0.954
"2026_1385_1398",0.95592
"2026_1257_1398",0.9636
"2026_1326_1398",0.93965
"2026_1395_1398",0.89336
"2026_1378_1398",0.87282
"2026_1320_1398",0.81645
"2026_1295_1398",0.67625
"2026_1202_1398",0.51212
"2026_1373_1398",0.49001
"2026_1196_1398",0.9885
"2026_1222_1398",0.98825
"2026_1228_1398",0.98707
"2026_1304_1398",0.96592
"2026_1314_1398",0.92763
"2026_1388_1398",0.94173
"2026_1155_1398",0.91112
"2026_1234_1398",0.94849
"2026_1270_1398",0.81529
"2026_1335_1398",0.58068
"2026_1225_1398",0.60765
"2026_1250_1398",0.29664
"2026_1341_1398",0.30542
"2026_1276_1398",0.99334
"2026_1235_1398",0.98666
"2026_1104_1398",0.96325
"2026_1397_1398",0.96778
"2026_1246_1398",0.93701
"2026_1208_1398",0.92917
"2026_1387_1398",0.90563
"2026_1365_1398",0.91202
"2026_1275_1398",0.72725
"2026_1374_1398",0.91465
"2026_1103_1398",0.81501
"2026_1220_1398",0.76396
"2026_1224_1398",0.48287
"2026_1112_1398",0.99317
"2026_1345_1398",0.98361
"2026_1211_1398",0.97085
"2026_1116_1398",0.9607
"2026_1140_1398",0.9519
"2026_1274_1398",0.92589
"2026_1281_1398",0.87389
"2026_1301_1398",0.92493
"2026_1219_1398",0.73556
"2026_1218_1398",0.69761
"2026_1244_1398",0.57185
"2026_1254_1398",0.4571
"2026_1181_1224",0.99511
"2026_1163_1224",0.97417
"2026_1202_1224",0.53241
"2026_1196_1224",0.98957
"2026_1222_1224",0.98947
"2026_1155_1224",0.91927
"2026_1104_1224",0.96532
"2026_1208_1224",0.93522
"2026_1103_1224",0.82759
"2026_1220_1224",0.77868
"2026_1112_1224",0.99363
"2026_1211_1224",0.97277
"2026_1116_1224",0.96374
"2026_1140_1224",0.95563
"2026_1219_1224",0.74854
"2026_1218_1224",0.71168
"2026_1181_1420",0.99416
"2026_1163_1420",0.97052
"2026_1277_1420",0.97228
"2026_1242_1420",0.9522
"2026_1385_1420",0.95448
"2026_1257_1420",0.96154
"2026_1417_1420",0.93203
"2026_1326_1420",0.93848
"2026_1395_1420",0.88887
"2026_1416_1420",0.8692
"2026_1378_1420",0.86984
"2026_1320_1420",0.81195
"2026_1295_1420",0.66688
"2026_1202_1420",0.50571
"2026_1373_1420",0.48436
"2026_1196_1420",0.98748
"2026_1222_1420",0.98706
"2026_1228_1420",0.98651
"2026_1304_1420",0.96571
"2026_1314_1420",0.92633
"2026_1388_1420",0.93979
"2026_1155_1420",0.90929
"2026_1234_1420",0.94688
"2026_1401_1420",0.91107
"2026_1270_1420",0.80936
"2026_1407_1420",0.5928
"2026_1335_1420",0.57421
"2026_1225_1420",0.5983
"2026_1250_1420",0.28975
"2026_1341_1420",0.29755
"2026_1276_1420",0.99311
"2026_1235_1420",0.98663
"2026_1104_1420",0.96092
"2026_1403_1420",0.96107
"2026_1397_1420",0.96596
"2026_1246_1420",0.93567
"2026_1208_1420",0.92756
"2026_1387_1420",0.9038
"2026_1365_1420",0.90991
"2026_1275_1420",0.72023
"2026_1374_1420",0.91206
"2026_1103_1420",0.80911
"2026_1220_1420",0.76145
"2026_1398_1420",0.49126
"2026_1224_1420",0.47552
"2026_1112_1420",0.99249
"2026_1345_1420",0.98147
"2026_1211_1420",0.96953
"2026_1116_1420",0.95885
"2026_1140_1420",0.95026
"2026_1274_1420",0.92355
"2026_1281_1420",0.87166
"2026_1301_1420",0.923
"2026_1400_1420",0.92091
"2026_1219_1420",0.72736
"2026_1218_1420",0.69061
"2026_1244_1420",0.56511
"2026_1254_1420",0.44964
"2026_1104_1112",0.24691
"2026_1103_1112",0.05888
"2026_1181_1345",0.66323
"2026_1163_1345",0.4135
"2026_1277_1345",0.43083
"2026_1242_1345",0.33488
"2026_1257_1345",0.37428
"2026_1326_1345",0.28879
"2026_1320_1345",0.11401
"2026_1295_1345",0.0483
"2026_1202_1345",0.0197
"2026_1196_1345",0.56234
"2026_1222_1345",0.55868
"2026_1228_1345",0.54791
"2026_1304_1345",0.38996
"2026_1314_1345",0.25885
"2026_1155_1345",0.22344
"2026_1234_1345",0.31609
"2026_1270_1345",0.11142
"2026_1335_1345",0.02849
"2026_1225_1345",0.03371
"2026_1250_1345",0.00431
"2026_1341_1345",0.00463
"2026_1276_1345",0.64649
"2026_1235_1345",0.54351
"2026_1104_1345",0.37374
"2026_1246_1345",0.27908
"2026_1208_1345",0.26185
"2026_1275_1345",0.06431
"2026_1103_1345",0.1124
"2026_1220_1345",0.08438
"2026_1224_1345",0.01502
"2026_1112_1345",0.64025
"2026_1211_1345",0.41065
"2026_1116_1345",0.35963
"2026_1140_1345",0.3252
"2026_1274_1345",0.25396
"2026_1281_1345",0.17263
"2026_1301_1345",0.25375
"2026_1219_1345",0.06919
"2026_1218_1345",0.05614
"2026_1244_1345",0.0265
"2026_1254_1345",0.01257
"2026_1181_1211",0.74159
"2026_1163_1211",0.50709
"2026_1202_1211",0.03134
"2026_1196_1211",0.64731
"2026_1155_1211",0.29774
"2026_1104_1211",0.46115
"2026_1208_1211",0.3424
"2026_1103_1211",0.16146
"2026_1112_1211",0.71604
"2026_1116_1211",0.4507
"2026_1140_1211",0.41289
"2026_1104_1116",0.51129
"2026_1103_1116",0.19585
"2026_1112_1116",0.76325
"2026_1181_1458",0.82528
"2026_1163_1458",0.61481
"2026_1277_1458",0.63184
"2026_1242_1458",0.53499
"2026_1385_1458",0.54552
"2026_1257_1458",0.57718
"2026_1417_1458",0.46321
"2026_1326_1458",0.4843
"2026_1395_1458",0.35873
"2026_1416_1458",0.31667
"2026_1378_1458",0.31994
"2026_1320_1458",0.24193
"2026_1295_1458",0.12601
"2026_1202_1458",0.05889
"2026_1373_1458",0.05311
"2026_1196_1458",0.74897
"2026_1222_1458",0.74368
"2026_1228_1458",0.73145
"2026_1304_1458",0.59229
"2026_1435_1458",0.61462
"2026_1314_1458",0.44315
"2026_1388_1458",0.48881
"2026_1155_1458",0.40208
"2026_1234_1458",0.51315
"2026_1401_1458",0.40893
"2026_1433_1458",0.33015
"2026_1270_1458",0.23888
"2026_1407_1458",0.08554
"2026_1335_1458",0.08123
"2026_1225_1458",0.09235
"2026_1250_1458",0.01609
"2026_1341_1458",0.01731
"2026_1276_1458",0.81125
"2026_1235_1458",0.72836
"2026_1438_1458",0.57466
"2026_1104_1458",0.57561
"2026_1403_1458",0.56951
"2026_1397_1458",0.59215
"2026_1246_1458",0.4689
"2026_1208_1458",0.45146
"2026_1387_1458",0.38683
"2026_1365_1458",0.40441
"2026_1275_1458",0.15779
"2026_1374_1458",0.4101
"2026_1103_1458",0.24076
"2026_1220_1458",0.1899
"2026_1398_1458",0.05533
"2026_1224_1458",0.05002
"2026_1420_1458",0.0547
"2026_1112_1458",0.80714
"2026_1345_1458",0.69377
"2026_1211_1458",0.61043
"2026_1116_1458",0.55954
"2026_1140_1458",0.52058
"2026_1274_1458",0.4375
"2026_1437_1458",0.42842
"2026_1429_1458",0.43211
"2026_1281_1458",0.32818
"2026_1301_1458",0.44114
"2026_1400_1458",0.43278
"2026_1219_1458",0.16481
"2026_1218_1458",0.13931
"2026_1244_1458",0.07702
"2026_1254_1458",0.04298
"2026_1104_1140",0.5495
"2026_1103_1140",0.22346
"2026_1112_1140",0.79077
"2026_1116_1140",0.541
"2026_1181_1274",0.86295
"2026_1163_1274",0.6733
"2026_1242_1274",0.59541
"2026_1257_1274",0.63264
"2026_1202_1274",0.079
"2026_1196_1274",0.79409
"2026_1222_1274",0.79149
"2026_1228_1274",0.78171
"2026_1155_1274",0.4635
"2026_1234_1274",0.57338
"2026_1270_1274",0.28725
"2026_1225_1274",0.11868
"2026_1250_1274",0.02422
"2026_1235_1274",0.77755
"2026_1104_1274",0.63204
"2026_1246_1274",0.5323
"2026_1208_1274",0.51216
"2026_1103_1274",0.29346
"2026_1220_1274",0.23414
"2026_1224_1274",0.06802
"2026_1112_1274",0.84615
"2026_1211_1274",0.66893
"2026_1116_1274",0.62333
"2026_1140_1274",0.58243
"2026_1219_1274",0.2048
"2026_1218_1274",0.17633
"2026_1244_1274",0.10154
"2026_1254_1274",0.05956
"2026_1181_1437",0.86768
"2026_1163_1437",0.68164
"2026_1277_1437",0.6965
"2026_1242_1437",0.60472
"2026_1385_1437",0.61537
"2026_1257_1437",0.6442
"2026_1417_1437",0.53595
"2026_1326_1437",0.55728
"2026_1395_1437",0.42889
"2026_1416_1437",0.38588
"2026_1378_1437",0.3916
"2026_1320_1437",0.30433
"2026_1295_1437",0.1646
"2026_1202_1437",0.08166
"2026_1373_1437",0.07475
"2026_1196_1437",0.80281
"2026_1222_1437",0.79849
"2026_1228_1437",0.78962
"2026_1304_1437",0.6594
"2026_1435_1437",0.68379
"2026_1314_1437",0.51497
"2026_1388_1437",0.56325
"2026_1155_1437",0.47374
"2026_1234_1437",0.58527
"2026_1401_1437",0.47793
"2026_1433_1437",0.40059
"2026_1270_1437",0.30098
"2026_1407_1437",0.12011
"2026_1335_1437",0.11331
"2026_1225_1437",0.12638
"2026_1250_1437",0.02586
"2026_1341_1437",0.02804
"2026_1276_1437",0.8574
"2026_1235_1437",0.78913
"2026_1104_1437",0.64381
"2026_1403_1437",0.63495
"2026_1397_1437",0.66334
"2026_1246_1437",0.54363
"2026_1208_1437",0.52665
"2026_1387_1437",0.45935
"2026_1365_1437",0.47434
"2026_1275_1437",0.20754
"2026_1374_1437",0.47833
"2026_1103_1437",0.29971
"2026_1220_1437",0.24533
"2026_1398_1437",0.07873
"2026_1224_1437",0.07195
"2026_1420_1437",0.08142
"2026_1112_1437",0.85327
"2026_1345_1437",0.75397
"2026_1211_1437",0.67845
"2026_1116_1437",0.63118
"2026_1140_1437",0.59261
"2026_1274_1437",0.50836
"2026_1429_1437",0.50075
"2026_1281_1437",0.39691
"2026_1301_1437",0.51125
"2026_1400_1437",0.50074
"2026_1219_1437",0.21566
"2026_1218_1437",0.18474
"2026_1244_1437",0.10659
"2026_1254_1437",0.06249
"2026_1181_1429",0.86665
"2026_1163_1429",0.68529
"2026_1277_1429",0.69658
"2026_1242_1429",0.60353
"2026_1385_1429",0.61478
"2026_1257_1429",0.63992
"2026_1417_1429",0.53429
"2026_1326_1429",0.55325
"2026_1395_1429",0.42565
"2026_1416_1429",0.38592
"2026_1378_1429",0.38778
"2026_1320_1429",0.30294
"2026_1295_1429",0.16432
"2026_1202_1429",0.08282
"2026_1373_1429",0.07561
"2026_1196_1429",0.80512
"2026_1222_1429",0.79749
"2026_1228_1429",0.78903
"2026_1304_1429",0.65946
"2026_1314_1429",0.51344
"2026_1388_1429",0.55973
"2026_1155_1429",0.47218
"2026_1234_1429",0.58086
"2026_1401_1429",0.47618
"2026_1270_1429",0.29911
"2026_1407_1429",0.11876
"2026_1335_1429",0.11246
"2026_1225_1429",0.12619
"2026_1250_1429",0.02626
"2026_1341_1429",0.02693
"2026_1276_1429",0.85606
"2026_1235_1429",0.78607
"2026_1104_1429",0.63906
"2026_1403_1429",0.63254
"2026_1397_1429",0.66149
"2026_1246_1429",0.54448
"2026_1208_1429",0.52088
"2026_1387_1429",0.4609
"2026_1365_1429",0.47364
"2026_1275_1429",0.2025
"2026_1374_1429",0.47766
"2026_1103_1429",0.30157
"2026_1220_1429",0.24146
"2026_1398_1429",0.07801
"2026_1224_1429",0.07242
"2026_1420_1429",0.07993
"2026_1112_1429",0.85408
"2026_1345_1429",0.75408
"2026_1211_1429",0.6789
"2026_1116_1429",0.62933
"2026_1140_1429",0.59202
"2026_1274_1429",0.51062
"2026_1281_1429",0.39469
"2026_1301_1429",0.5105
"2026_1400_1429",0.50312
"2026_1219_1429",0.21125
"2026_1218_1429",0.18412
"2026_1244_1429",0.1053
"2026_1254_1429",0.06249
"2026_1181_1281",0.91586
"2026_1163_1281",0.77445
"2026_1277_1281",0.78219
"2026_1242_1281",0.70496
"2026_1257_1281",0.73723
"2026_1202_1281",0.13179
"2026_1196_1281",0.86768
"2026_1222_1281",0.8644
"2026_1228_1281",0.85882
"2026_1155_1281",0.58141
"2026_1234_1281",0.68363
"2026_1270_1281",0.39546
"2026_1225_1281",0.18886
"2026_1250_1281",0.04543
"2026_1276_1281",0.90836
"2026_1235_1281",0.85458
"2026_1104_1281",0.73548
"2026_1246_1281",0.65179
"2026_1208_1281",0.62515
"2026_1275_1281",0.29199
"2026_1103_1281",0.39645
"2026_1220_1281",0.33631
"2026_1224_1281",0.11433
"2026_1112_1281",0.90615
"2026_1211_1281",0.76727
"2026_1116_1281",0.72653
"2026_1140_1281",0.69329
"2026_1274_1281",0.61652
"2026_1219_1281",0.29902
"2026_1218_1281",0.26271
"2026_1244_1281",0.16754
"2026_1254_1281",0.10166
"2026_1181_1301",0.86131
"2026_1163_1301",0.67768
"2026_1277_1301",0.69036
"2026_1242_1301",0.59545
"2026_1257_1301",0.63608
"2026_1295_1301",0.1609
"2026_1202_1301",0.07959
"2026_1196_1301",0.79332
"2026_1222_1301",0.79196
"2026_1228_1301",0.78177
"2026_1155_1301",0.46207
"2026_1234_1301",0.57258
"2026_1270_1301",0.29001
"2026_1225_1301",0.1206
"2026_1250_1301",0.02438
"2026_1276_1301",0.84941
"2026_1235_1301",0.78069
"2026_1104_1301",0.6336
"2026_1246_1301",0.53472
"2026_1208_1301",0.51304
"2026_1275_1301",0.2014
"2026_1103_1301",0.2914
"2026_1220_1301",0.2364
"2026_1224_1301",0.06733
"2026_1112_1301",0.84733
"2026_1211_1301",0.6714
"2026_1116_1301",0.62079
"2026_1140_1301",0.58137
"2026_1274_1301",0.50115
"2026_1281_1301",0.38503
"2026_1219_1301",0.20655
"2026_1218_1301",0.17475
"2026_1244_1301",0.10394
"2026_1254_1301",0.05954
"2026_1181_1400",0.86262
"2026_1163_1400",0.68248
"2026_1277_1400",0.69165
"2026_1242_1400",0.60152
"2026_1385_1400",0.61206
"2026_1257_1400",0.63809
"2026_1326_1400",0.54826
"2026_1395_1400",0.42235
"2026_1378_1400",0.38698
"2026_1320_1400",0.29886
"2026_1295_1400",0.16282
"2026_1202_1400",0.08136
"2026_1373_1400",0.07168
"2026_1196_1400",0.79863
"2026_1222_1400",0.7943
"2026_1228_1400",0.78716
"2026_1304_1400",0.65386
"2026_1314_1400",0.51251
"2026_1388_1400",0.55909
"2026_1155_1400",0.46917
"2026_1234_1400",0.57706
"2026_1270_1400",0.29352
"2026_1335_1400",0.10964
"2026_1225_1400",0.12412
"2026_1250_1400",0.0249
"2026_1341_1400",0.02619
"2026_1276_1400",0.85278
"2026_1235_1400",0.7855
"2026_1104_1400",0.63602
"2026_1397_1400",0.65703
"2026_1246_1400",0.53682
"2026_1208_1400",0.51883
"2026_1387_1400",0.4555
"2026_1365_1400",0.47173
"2026_1275_1400",0.2033
"2026_1374_1400",0.47597
"2026_1103_1400",0.29628
"2026_1220_1400",0.24161
"2026_1398_1400",0.07599
"2026_1224_1400",0.06813
"2026_1112_1400",0.85237
"2026_1345_1400",0.75042
"2026_1211_1400",0.67766
"2026_1116_1400",0.6241
"2026_1140_1400",0.58838
"2026_1274_1400",0.50417
"2026_1281_1400",0.38924
"2026_1301_1400",0.50556
"2026_1219_1400",0.20976
"2026_1218_1400",0.18006
"2026_1244_1400",0.10461
"2026_1254_1400",0.06071
"2026_1181_1219",0.97083
"2026_1163_1219",0.89912
"2026_1202_1219",0.2726
"2026_1196_1219",0.94885
"2026_1155_1219",0.7656
"2026_1104_1219",0.87623
"2026_1208_1219",0.80358
"2026_1103_1219",0.60624
"2026_1112_1219",0.96748
"2026_1211_1219",0.89526
"2026_1116_1219",0.86706
"2026_1140_1219",0.84856
"2026_1218_1219",0.45474
"2026_1181_1218",0.97913
"2026_1163_1218",0.91854
"2026_1202_1218",0.31407
"2026_1196_1218",0.96111
"2026_1155_1218",0.79922
"2026_1104_1218",0.8977
"2026_1208_1218",0.83224
"2026_1103_1218",0.64789
"2026_1112_1218",0.97466
"2026_1211_1218",0.91548
"2026_1116_1218",0.89136
"2026_1140_1218",0.87376
"2026_1181_1244",0.99026
"2026_1163_1244",0.95693
"2026_1242_1244",0.9349
"2026_1202_1244",0.4402
"2026_1196_1244",0.98136
"2026_1222_1244",0.98091
"2026_1228_1244",0.98068
"2026_1155_1244",0.88037
"2026_1234_1244",0.92659
"2026_1225_1244",0.53864
"2026_1235_1244",0.97937
"2026_1104_1244",0.94533
"2026_1208_1244",0.90352
"2026_1103_1244",0.76741
"2026_1220_1244",0.70697
"2026_1224_1244",0.41164
"2026_1112_1244",0.98862
"2026_1211_1244",0.95692
"2026_1116_1244",0.94244
"2026_1140_1244",0.93104
"2026_1219_1244",0.67447
"2026_1218_1244",0.63154
"2026_1181_1474",0.99351
"2026_1163_1474",0.9686
"2026_1277_1474",0.97055
"2026_1242_1474",0.95099
"2026_1385_1474",0.95298
"2026_1257_1474",0.95949
"2026_1417_1474",0.92709
"2026_1326_1474",0.93497
"2026_1395_1474",0.88285
"2026_1416_1474",0.86005
"2026_1378_1474",0.86344
"2026_1320_1474",0.80196
"2026_1465_1474",0.67167
"2026_1295_1474",0.65477
"2026_1202_1474",0.49127
"2026_1373_1474",0.47024
"2026_1196_1474",0.98669
"2026_1222_1474",0.98634
"2026_1228_1474",0.98536
"2026_1304_1474",0.96252
"2026_1435_1474",0.96731
"2026_1314_1474",0.92138
"2026_1388_1474",0.93508
"2026_1155_1474",0.90236
"2026_1234_1474",0.94313
"2026_1401_1474",0.90611
"2026_1433_1474",0.86555
"2026_1270_1474",0.80111
"2026_1407_1474",0.57909
"2026_1335_1474",0.55882
"2026_1225_1474",0.58719
"2026_1250_1474",0.28169
"2026_1341_1474",0.28705
"2026_1276_1474",0.99261
"2026_1235_1474",0.98459
"2026_1438_1474",0.95973
"2026_1104_1474",0.95953
"2026_1403_1474",0.95754
"2026_1397_1474",0.96282
"2026_1246_1474",0.93
"2026_1208_1474",0.92493
"2026_1387_1474",0.89727
"2026_1365_1474",0.9047
"2026_1275_1474",0.70977
"2026_1374_1474",0.90671
"2026_1103_1474",0.80345
"2026_1220_1474",0.7494
"2026_1460_1474",0.58342
"2026_1398_1474",0.47933
"2026_1224_1474",0.46216
"2026_1420_1474",0.48378
"2026_1112_1474",0.99278
"2026_1345_1474",0.98049
"2026_1211_1474",0.96689
"2026_1116_1474",0.95675
"2026_1458_1474",0.94037
"2026_1140_1474",0.9452
"2026_1274_1474",0.91987
"2026_1437_1474",0.91426
"2026_1429_1474",0.91599
"2026_1281_1474",0.86557
"2026_1301_1474",0.91694
"2026_1400_1474",0.9171
"2026_1219_1474",0.7176
"2026_1218_1474",0.67901
"2026_1244_1474",0.55089
"2026_1254_1474",0.43686
"2026_1181_1254",0.99602
"2026_1163_1254",0.97753
"2026_1242_1254",0.96409
"2026_1202_1254",0.55781
"2026_1196_1254",0.99165
"2026_1222_1254",0.99152
"2026_1228_1254",0.99016
"2026_1155_1254",0.92709
"2026_1234_1254",0.95882
"2026_1225_1254",0.64743
"2026_1250_1254",0.33656
"2026_1235_1254",0.98976
"2026_1104_1254",0.97169
"2026_1246_1254",0.95008
"2026_1208_1254",0.94357
"2026_1103_1254",0.84352
"2026_1220_1254",0.80028
"2026_1224_1254",0.52825
"2026_1112_1254",0.99505
"2026_1211_1254",0.97673
"2026_1116_1254",0.96896
"2026_1140_1254",0.96206
"2026_1219_1254",0.76774
"2026_1218_1254",0.73449
"2026_1244_1254",0.61277
"2026_3160_3163",0.01284
"2026_3155_3163",0.00476
"2026_3113_3163",0.00556
"2026_3161_3163",0.00144
"2026_3104_3163",0.02032
"2026_3124_3163",0.01348
"2026_3158_3163",0.00038
"2026_3163_3435",0.90002
"2026_3326_3435",0.42496
"2026_3314_3435",0.34774
"2026_3268_3435",0.40658
"2026_3323_3435",0.29662
"2026_3228_3435",0.23612
"2026_3235_3435",0.22436
"2026_3393_3435",0.14436
"2026_3160_3435",0.16874
"2026_3193_3435",0.07874
"2026_3293_3435",0.03332
"2026_3224_3435",0.00656
"2026_3219_3435",0.00804
"2026_3427_3435",0.01376
"2026_3376_3435",0.79604
"2026_3234_3435",0.43864
"2026_3395_3435",0.38136
"2026_3328_3435",0.39704
"2026_3277_3435",0.31622
"2026_3208_3435",0.20756
"2026_3155_3435",0.09384
"2026_3425_3435",0.26804
"2026_3113_3435",0.09992
"2026_3355_3435",0.1059
"2026_3161_3435",0.05318
"2026_3225_3435",0.037
"2026_3192_3435",0.01318
"2026_3359_3435",9e-04
"2026_3380_3435",0.0021
"2026_3400_3435",0.7998
"2026_3276_3435",0.54834
"2026_3257_3435",0.4424
"2026_3246_3435",0.3649
"2026_3104_3435",0.21956
"2026_3301_3435",0.26276
"2026_3332_3435",0.22404
"2026_3397_3435",0.27514
"2026_3348_3435",0.07582
"2026_3241_3435",0.12856
"2026_3275_3435",0.0503
"2026_3221_3435",0.00824
"2026_3283_3435",0.01358
"2026_3372_3435",0.00588
"2026_3417_3435",0.87802
"2026_3261_3435",0.73716
"2026_3181_3435",0.47816
"2026_3278_3435",0.427
"2026_3279_3435",0.3
"2026_3124_3435",0.17832
"2026_3403_3435",0.2068
"2026_3329_3435",0.21458
"2026_3343_3435",0.11216
"2026_3304_3435",0.25186
"2026_3350_3435",0.12172
"2026_3211_3435",0.07238
"2026_3158_3435",0.0151
"2026_3239_3435",0.0109
"2026_3163_3326",0.93004
"2026_3314_3326",0.42184
"2026_3268_3326",0.4794
"2026_3323_3326",0.36412
"2026_3228_3326",0.29692
"2026_3235_3326",0.28334
"2026_3160_3326",0.22358
"2026_3193_3326",0.10692
"2026_3293_3326",0.04798
"2026_3224_3326",0.01034
"2026_3219_3326",0.0127
"2026_3234_3326",0.50862
"2026_3277_3326",0.38456
"2026_3208_3326",0.26526
"2026_3155_3326",0.12698
"2026_3113_3326",0.13796
"2026_3161_3326",0.0753
"2026_3225_3326",0.05324
"2026_3192_3326",0.02048
"2026_3276_3326",0.6177
"2026_3257_3326",0.51464
"2026_3246_3326",0.4393
"2026_3104_3326",0.2795
"2026_3301_3326",0.3236
"2026_3241_3326",0.16814
"2026_3275_3326",0.07072
"2026_3221_3326",0.01294
"2026_3283_3326",0.01974
"2026_3261_3326",0.79336
"2026_3181_3326",0.54798
"2026_3278_3326",0.5065
"2026_3279_3326",0.36674
"2026_3124_3326",0.22894
"2026_3304_3326",0.31206
"2026_3211_3326",0.1027
"2026_3158_3326",0.02446
"2026_3239_3326",0.01782
"2026_3163_3314",0.9512
"2026_3268_3314",0.56334
"2026_3228_3314",0.37122
"2026_3235_3314",0.35904
"2026_3160_3314",0.28428
"2026_3193_3314",0.14918
"2026_3293_3314",0.07268
"2026_3224_3314",0.01712
"2026_3219_3314",0.02022
"2026_3234_3314",0.5912
"2026_3277_3314",0.46226
"2026_3208_3314",0.33544
"2026_3155_3314",0.17292
"2026_3113_3314",0.1832
"2026_3161_3314",0.10518
"2026_3225_3314",0.07978
"2026_3192_3314",0.03236
"2026_3276_3314",0.6921
"2026_3257_3314",0.59194
"2026_3246_3314",0.51482
"2026_3104_3314",0.34682
"2026_3301_3314",0.39368
"2026_3241_3314",0.22424
"2026_3275_3314",0.09906
"2026_3221_3314",0.0219
"2026_3283_3314",0.03304
"2026_3261_3314",0.8439
"2026_3181_3314",0.62656
"2026_3278_3314",0.5834
"2026_3279_3314",0.44118
"2026_3124_3314",0.29532
"2026_3304_3314",0.38348
"2026_3211_3314",0.1444
"2026_3158_3314",0.03826
"2026_3239_3314",0.03066
"2026_3163_3268",0.9345
"2026_3228_3268",0.31256
"2026_3235_3268",0.30162
"2026_3160_3268",0.2325
"2026_3193_3268",0.1183
"2026_3224_3268",0.01122
"2026_3219_3268",0.01386
"2026_3234_3268",0.53264
"2026_3208_3268",0.28662
"2026_3155_3268",0.13748
"2026_3113_3268",0.14768
"2026_3161_3268",0.0855
"2026_3225_3268",0.06044
"2026_3192_3268",0.02304
"2026_3257_3268",0.5354
"2026_3246_3268",0.45878
"2026_3104_3268",0.29804
"2026_3241_3268",0.18412
"2026_3221_3268",0.01474
"2026_3261_3268",0.80678
"2026_3181_3268",0.56986
"2026_3124_3268",0.24412
"2026_3211_3268",0.11308
"2026_3158_3268",0.02866
"2026_3239_3268",0.01984
"2026_3163_3323",0.96586
"2026_3314_3323",0.5579
"2026_3268_3323",0.61598
"2026_3228_3323",0.4284
"2026_3235_3323",0.4119
"2026_3160_3323",0.33626
"2026_3193_3323",0.19004
"2026_3293_3323",0.09572
"2026_3224_3323",0.0243
"2026_3219_3323",0.02872
"2026_3234_3323",0.6484
"2026_3277_3323",0.52118
"2026_3208_3323",0.39524
"2026_3155_3323",0.21664
"2026_3113_3323",0.22952
"2026_3161_3323",0.14002
"2026_3225_3323",0.10668
"2026_3192_3323",0.046
"2026_3276_3323",0.74152
"2026_3257_3323",0.65046
"2026_3246_3323",0.57452
"2026_3104_3323",0.40378
"2026_3301_3323",0.45694
"2026_3241_3323",0.27098
"2026_3275_3323",0.13092
"2026_3221_3323",0.03194
"2026_3283_3323",0.04636
"2026_3261_3323",0.8794
"2026_3181_3323",0.68184
"2026_3278_3323",0.6397
"2026_3279_3323",0.50224
"2026_3124_3323",0.34816
"2026_3304_3323",0.45014
"2026_3211_3323",0.17716
"2026_3158_3323",0.0529
"2026_3239_3323",0.0399
"2026_3163_3228",0.9779
"2026_3160_3228",0.40848
"2026_3193_3228",0.24458
"2026_3224_3228",0.03614
"2026_3219_3228",0.04172
"2026_3208_3228",0.46746
"2026_3155_3228",0.27366
"2026_3113_3228",0.2866
"2026_3161_3228",0.1824
"2026_3225_3228",0.14386
"2026_3192_3228",0.06302
"2026_3104_3228",0.47672
"2026_3221_3228",0.0468
"2026_3181_3228",0.74406
"2026_3124_3228",0.41828
"2026_3211_3228",0.23208
"2026_3158_3228",0.07754
"2026_3163_3235",0.97958
"2026_3228_3235",0.51516
"2026_3160_3235",0.42184
"2026_3193_3235",0.2535
"2026_3224_3235",0.03898
"2026_3219_3235",0.04724
"2026_3234_3235",0.72548
"2026_3208_3235",0.4779
"2026_3155_3235",0.28442
"2026_3113_3235",0.29936
"2026_3161_3235",0.19336
"2026_3225_3235",0.15436
"2026_3192_3235",0.06888
"2026_3104_3235",0.49062
"2026_3221_3235",0.05042
"2026_3181_3235",0.75572
"2026_3124_3235",0.43264
"2026_3211_3235",0.24494
"2026_3158_3235",0.08392
"2026_3163_3393",0.991
"2026_3326_3393",0.8077
"2026_3314_3393",0.74602
"2026_3268_3393",0.79384
"2026_3323_3393",0.70066
"2026_3228_3393",0.63058
"2026_3235_3393",0.61752
"2026_3160_3393",0.54238
"2026_3193_3393",0.35552
"2026_3293_3393",0.21404
"2026_3224_3393",0.0736
"2026_3219_3393",0.083
"2026_3376_3393",0.97016
"2026_3234_3393",0.81606
"2026_3328_3393",0.7894
"2026_3277_3393",0.71672
"2026_3208_3393",0.60352
"2026_3155_3393",0.3987
"2026_3113_3393",0.40886
"2026_3355_3393",0.42144
"2026_3161_3393",0.28394
"2026_3225_3393",0.23312
"2026_3192_3393",0.11658
"2026_3359_3393",0.01686
"2026_3380_3393",0.03714
"2026_3276_3393",0.88154
"2026_3257_3393",0.81594
"2026_3246_3393",0.7615
"2026_3104_3393",0.6081
"2026_3301_3393",0.65886
"2026_3332_3393",0.6192
"2026_3348_3393",0.35684
"2026_3241_3393",0.46776
"2026_3275_3393",0.27184
"2026_3221_3393",0.0893
"2026_3283_3393",0.12186
"2026_3372_3393",0.07342
"2026_3261_3393",0.95462
"2026_3181_3393",0.84076
"2026_3278_3393",0.8112
"2026_3279_3393",0.7004
"2026_3124_3393",0.5538
"2026_3329_3393",0.60384
"2026_3343_3393",0.43504
"2026_3304_3393",0.64484
"2026_3350_3393",0.46276
"2026_3211_3393",0.34424
"2026_3158_3393",0.138
"2026_3239_3393",0.11138
"2026_3155_3160",0.35776
"2026_3113_3160",0.36664
"2026_3104_3160",0.57138
"2026_3124_3160",0.51148
"2026_3158_3160",0.1142
"2026_3163_3193",0.99582
"2026_3160_3193",0.67826
"2026_3155_3193",0.53682
"2026_3113_3193",0.55634
"2026_3161_3193",0.42276
"2026_3192_3193",0.20344
"2026_3104_3193",0.74
"2026_3181_3193",0.91354
"2026_3124_3193",0.689
"2026_3158_3193",0.23052
"2026_3163_3293",0.99904
"2026_3268_3293",0.94738
"2026_3228_3293",0.86716
"2026_3235_3293",0.8646
"2026_3160_3293",0.81498
"2026_3193_3293",0.66702
"2026_3224_3293",0.2577
"2026_3219_3293",0.27702
"2026_3234_3293",0.95502
"2026_3277_3293",0.91556
"2026_3208_3293",0.852
"2026_3155_3293",0.70084
"2026_3113_3293",0.71166
"2026_3161_3293",0.58856
"2026_3225_3293",0.52238
"2026_3192_3293",0.34604
"2026_3276_3293",0.97578
"2026_3257_3293",0.95402
"2026_3246_3293",0.93376
"2026_3104_3293",0.85568
"2026_3241_3293",0.76012
"2026_3275_3293",0.57324
"2026_3221_3293",0.29234
"2026_3283_3293",0.35758
"2026_3261_3293",0.993
"2026_3181_3293",0.9638
"2026_3278_3293",0.9523
"2026_3279_3293",0.90678
"2026_3124_3293",0.82584
"2026_3211_3293",0.65448
"2026_3158_3293",0.38354
"2026_3239_3293",0.33268
"2026_3163_3442",0.99956
"2026_3435_3442",0.97702
"2026_3326_3442",0.9648
"2026_3314_3442",0.94706
"2026_3268_3442",0.96026
"2026_3323_3442",0.9291
"2026_3228_3442",0.8998
"2026_3235_3442",0.89128
"2026_3393_3442",0.82886
"2026_3160_3442",0.85312
"2026_3193_3442",0.72232
"2026_3293_3442",0.55764
"2026_3224_3442",0.30164
"2026_3219_3442",0.32984
"2026_3427_3442",0.42068
"2026_3376_3442",0.99754
"2026_3234_3442",0.96654
"2026_3395_3442",0.9558
"2026_3328_3442",0.9597
"2026_3277_3442",0.93606
"2026_3208_3442",0.88314
"2026_3155_3442",0.7473
"2026_3425_3442",0.91448
"2026_3113_3442",0.7638
"2026_3438_3442",0.8124
"2026_3355_3442",0.77152
"2026_3161_3442",0.65086
"2026_3225_3442",0.58674
"2026_3192_3442",0.40324
"2026_3359_3442",0.11906
"2026_3380_3442",0.19768
"2026_3400_3442",0.99736
"2026_3276_3442",0.9829
"2026_3257_3442",0.9671
"2026_3246_3442",0.95038
"2026_3104_3442",0.8926
"2026_3301_3442",0.91184
"2026_3332_3442",0.89566
"2026_3439_3442",0.84648
"2026_3397_3442",0.9212
"2026_3348_3442",0.71382
"2026_3241_3442",0.80418
"2026_3275_3442",0.6344
"2026_3436_3442",0.5306
"2026_3221_3442",0.3433
"2026_3283_3442",0.41254
"2026_3372_3442",0.29824
"2026_3417_3442",0.99916
"2026_3261_3442",0.99574
"2026_3181_3442",0.97386
"2026_3278_3442",0.96782
"2026_3279_3442",0.9281
"2026_3124_3442",0.85822
"2026_3403_3442",0.88048
"2026_3329_3442",0.88748
"2026_3343_3442",0.78274
"2026_3437_3442",0.90408
"2026_3304_3442",0.90716
"2026_3350_3442",0.79884
"2026_3211_3442",0.7077
"2026_3158_3442",0.4386
"2026_3239_3442",0.38826
"2026_3163_3224",0.99994
"2026_3160_3224",0.9407
"2026_3193_3224",0.86194
"2026_3219_3224",0.52594
"2026_3208_3224",0.95626
"2026_3155_3224",0.88228
"2026_3113_3224",0.89246
"2026_3161_3224",0.8144
"2026_3192_3224",0.60584
"2026_3104_3224",0.95836
"2026_3221_3224",0.54352
"2026_3181_3224",0.99262
"2026_3124_3224",0.94354
"2026_3211_3224",0.85382
"2026_3158_3224",0.64152
"2026_3163_3219",0.99982
"2026_3160_3219",0.92934
"2026_3193_3219",0.84542
"2026_3208_3219",0.94978
"2026_3155_3219",0.86478
"2026_3113_3219",0.8729
"2026_3161_3219",0.79412
"2026_3192_3219",0.5814
"2026_3104_3219",0.95338
"2026_3181_3219",0.9918
"2026_3124_3219",0.93422
"2026_3211_3219",0.83896
"2026_3158_3219",0.60996
"2026_3163_3427",0.99976
"2026_3326_3427",0.97678
"2026_3314_3427",0.96438
"2026_3268_3427",0.97406
"2026_3323_3427",0.95078
"2026_3228_3427",0.92944
"2026_3235_3427",0.92544
"2026_3393_3427",0.87208
"2026_3160_3427",0.89268
"2026_3193_3427",0.77822
"2026_3293_3427",0.63236
"2026_3224_3427",0.37108
"2026_3219_3427",0.40472
"2026_3376_3427",0.99858
"2026_3234_3427",0.97784
"2026_3395_3427",0.97054
"2026_3328_3427",0.97338
"2026_3277_3427",0.95602
"2026_3208_3427",0.91572
"2026_3155_3427",0.80842
"2026_3425_3427",0.94104
"2026_3113_3427",0.81494
"2026_3355_3427",0.82734
"2026_3161_3427",0.7165
"2026_3225_3427",0.65822
"2026_3192_3427",0.4772
"2026_3359_3427",0.1597
"2026_3380_3427",0.25588
"2026_3400_3427",0.99844
"2026_3276_3427",0.99016
"2026_3257_3427",0.97816
"2026_3246_3427",0.96864
"2026_3104_3427",0.92034
"2026_3301_3427",0.9393
"2026_3332_3427",0.92396
"2026_3397_3427",0.945
"2026_3348_3427",0.77662
"2026_3241_3427",0.85442
"2026_3275_3427",0.70314
"2026_3221_3427",0.41816
"2026_3283_3427",0.4884
"2026_3372_3427",0.36246
"2026_3417_3427",0.99968
"2026_3261_3427",0.99734
"2026_3181_3427",0.9843
"2026_3278_3427",0.97732
"2026_3279_3427",0.95002
"2026_3124_3427",0.89574
"2026_3403_3427",0.9157
"2026_3329_3427",0.9186
"2026_3343_3427",0.8376
"2026_3304_3427",0.93508
"2026_3350_3427",0.85062
"2026_3211_3427",0.7699
"2026_3158_3427",0.51298
"2026_3239_3427",0.46562
"2026_3163_3376",0.67696
"2026_3326_3376",0.15468
"2026_3314_3376",0.1145
"2026_3268_3376",0.14022
"2026_3323_3376",0.08772
"2026_3228_3376",0.06214
"2026_3235_3376",0.059
"2026_3160_3376",0.0382
"2026_3193_3376",0.0122
"2026_3293_3376",0.00392
"2026_3224_3376",0.00044
"2026_3219_3376",0.00064
"2026_3234_3376",0.16476
"2026_3328_3376",0.14008
"2026_3277_3376",0.0948
"2026_3208_3376",0.05074
"2026_3155_3376",0.01608
"2026_3113_3376",0.01822
"2026_3355_3376",0.0184
"2026_3161_3376",0.00698
"2026_3225_3376",0.00446
"2026_3192_3376",0.00096
"2026_3359_3376",4e-05
"2026_3276_3376",0.23974
"2026_3257_3376",0.16386
"2026_3246_3376",0.12108
"2026_3104_3376",0.05464
"2026_3301_3376",0.06894
"2026_3332_3376",0.05628
"2026_3348_3376",0.01162
"2026_3241_3376",0.0246
"2026_3275_3376",0.00616
"2026_3221_3376",0.00058
"2026_3283_3376",0.00126
"2026_3372_3376",0.00052
"2026_3261_3376",0.42428
"2026_3181_3376",0.18982
"2026_3278_3376",0.15948
"2026_3279_3376",0.08874
"2026_3124_3376",0.03982
"2026_3329_3376",0.0533
"2026_3343_3376",0.02058
"2026_3304_3376",0.06566
"2026_3350_3376",0.02576
"2026_3211_3376",0.0118
"2026_3158_3376",0.00146
"2026_3239_3376",0.00118
"2026_3163_3234",0.92704
"2026_3228_3234",0.28662
"2026_3160_3234",0.21224
"2026_3193_3234",0.10366
"2026_3224_3234",0.00946
"2026_3219_3234",0.01132
"2026_3208_3234",0.25798
"2026_3155_3234",0.12194
"2026_3113_3234",0.1318
"2026_3161_3234",0.07236
"2026_3225_3234",0.05208
"2026_3192_3234",0.01806
"2026_3104_3234",0.26338
"2026_3221_3234",0.01246
"2026_3181_3234",0.53762
"2026_3124_3234",0.22122
"2026_3211_3234",0.09788
"2026_3158_3234",0.02292
"2026_3163_3395",0.94088
"2026_3326_3395",0.53778
"2026_3314_3395",0.46392
"2026_3268_3395",0.52462
"2026_3323_3395",0.4047
"2026_3228_3395",0.33618
"2026_3235_3395",0.32212
"2026_3393_3395",0.22734
"2026_3160_3395",0.2526
"2026_3193_3395",0.12814
"2026_3293_3395",0.05938
"2026_3224_3395",0.01374
"2026_3219_3395",0.01586
"2026_3376_3395",0.86772
"2026_3234_3395",0.55856
"2026_3328_3395",0.51648
"2026_3277_3395",0.43058
"2026_3208_3395",0.29938
"2026_3155_3395",0.15174
"2026_3113_3395",0.16092
"2026_3355_3395",0.17098
"2026_3161_3395",0.08938
"2026_3225_3395",0.06772
"2026_3192_3395",0.026
"2026_3359_3395",0.00228
"2026_3380_3395",0.00468
"2026_3276_3395",0.6622
"2026_3257_3395",0.55748
"2026_3246_3395",0.47806
"2026_3104_3395",0.3128
"2026_3301_3395",0.36224
"2026_3332_3395",0.32262
"2026_3348_3395",0.12826
"2026_3241_3395",0.1989
"2026_3275_3395",0.08518
"2026_3221_3395",0.01666
"2026_3283_3395",0.02558
"2026_3372_3395",0.01358
"2026_3261_3395",0.82442
"2026_3181_3395",0.58908
"2026_3278_3395",0.5444
"2026_3279_3395",0.40676
"2026_3124_3395",0.26334
"2026_3329_3395",0.31142
"2026_3343_3395",0.1799
"2026_3304_3395",0.35474
"2026_3350_3395",0.1945
"2026_3211_3395",0.12332
"2026_3158_3395",0.03218
"2026_3239_3395",0.02378
"2026_3163_3328",0.93744
"2026_3326_3328",0.5253
"2026_3314_3328",0.44852
"2026_3268_3328",0.50756
"2026_3323_3328",0.3876
"2026_3228_3328",0.32152
"2026_3235_3328",0.30888
"2026_3160_3328",0.23526
"2026_3193_3328",0.12462
"2026_3293_3328",0.05518
"2026_3224_3328",0.01284
"2026_3219_3328",0.01392
"2026_3234_3328",0.53902
"2026_3277_3328",0.40748
"2026_3208_3328",0.28858
"2026_3155_3328",0.1392
"2026_3113_3328",0.15084
"2026_3161_3328",0.0859
"2026_3225_3328",0.06224
"2026_3192_3328",0.02414
"2026_3276_3328",0.64448
"2026_3257_3328",0.5413
"2026_3246_3328",0.46488
"2026_3104_3328",0.301
"2026_3301_3328",0.34836
"2026_3241_3328",0.18686
"2026_3275_3328",0.08202
"2026_3221_3328",0.01738
"2026_3283_3328",0.0247
"2026_3261_3328",0.81512
"2026_3181_3328",0.5765
"2026_3278_3328",0.53362
"2026_3279_3328",0.39262
"2026_3124_3328",0.24868
"2026_3304_3328",0.3365
"2026_3211_3328",0.11644
"2026_3158_3328",0.02834
"2026_3239_3328",0.02144
"2026_3163_3277",0.96194
"2026_3268_3277",0.59286
"2026_3228_3277",0.40462
"2026_3235_3277",0.39114
"2026_3160_3277",0.31666
"2026_3193_3277",0.17368
"2026_3224_3277",0.02034
"2026_3219_3277",0.02468
"2026_3234_3277",0.62462
"2026_3208_3277",0.3711
"2026_3155_3277",0.19856
"2026_3113_3277",0.20978
"2026_3161_3277",0.12808
"2026_3225_3277",0.09558
"2026_3192_3277",0.03938
"2026_3276_3277",0.72514
"2026_3257_3277",0.62494
"2026_3246_3277",0.55644
"2026_3104_3277",0.38384
"2026_3241_3277",0.25458
"2026_3275_3277",0.12388
"2026_3221_3277",0.02654
"2026_3261_3277",0.86606
"2026_3181_3277",0.6637
"2026_3124_3277",0.3322
"2026_3211_3277",0.16432
"2026_3158_3277",0.04636
"2026_3239_3277",0.03394
"2026_3163_3449",0.96194
"2026_3435_3449",0.7005
"2026_3326_3449",0.63092
"2026_3314_3449",0.5522
"2026_3268_3449",0.61218
"2026_3323_3449",0.49534
"2026_3228_3449",0.41646
"2026_3235_3449",0.41164
"2026_3393_3449",0.2952
"2026_3160_3449",0.33152
"2026_3193_3449",0.1831
"2026_3293_3449",0.09194
"2026_3442_3449",0.06842
"2026_3224_3449",0.02348
"2026_3219_3449",0.02896
"2026_3427_3449",0.0472
"2026_3376_3449",0.90874
"2026_3234_3449",0.64134
"2026_3395_3449",0.5888
"2026_3328_3449",0.60694
"2026_3277_3449",0.51704
"2026_3208_3449",0.38612
"2026_3155_3449",0.21338
"2026_3425_3449",0.46082
"2026_3113_3449",0.22456
"2026_3438_3449",0.27534
"2026_3355_3449",0.23118
"2026_3161_3449",0.1364
"2026_3225_3449",0.1022
"2026_3192_3449",0.04064
"2026_3359_3449",0.00414
"2026_3380_3449",0.00954
"2026_3400_3449",0.91048
"2026_3276_3449",0.73922
"2026_3257_3449",0.6427
"2026_3246_3449",0.57122
"2026_3104_3449",0.3987
"2026_3301_3449",0.45504
"2026_3332_3449",0.40114
"2026_3439_3449",0.32536
"2026_3397_3449",0.47202
"2026_3348_3449",0.1799
"2026_3241_3449",0.26854
"2026_3275_3449",0.12984
"2026_3436_3449",0.08256
"2026_3221_3449",0.02876
"2026_3283_3449",0.04656
"2026_3372_3449",0.02276
"2026_3417_3449",0.95314
"2026_3261_3449",0.8745
"2026_3181_3449",0.67592
"2026_3278_3449",0.63078
"2026_3279_3449",0.49816
"2026_3124_3449",0.34196
"2026_3403_3449",0.37996
"2026_3329_3449",0.39502
"2026_3343_3449",0.24318
"2026_3437_3449",0.43064
"2026_3304_3449",0.44186
"2026_3350_3449",0.26584
"2026_3211_3449",0.1747
"2026_3158_3449",0.0526
"2026_3239_3449",0.03934
"2026_3163_3208",0.98154
"2026_3160_3208",0.43588
"2026_3193_3208",0.27064
"2026_3155_3208",0.30054
"2026_3113_3208",0.3224
"2026_3161_3208",0.21064
"2026_3192_3208",0.0762
"2026_3104_3208",0.5175
"2026_3181_3208",0.77028
"2026_3124_3208",0.45296
"2026_3158_3208",0.09012
"2026_3113_3155",0.5171
"2026_3104_3155",0.70586
"2026_3124_3155",0.65526
"2026_3163_3425",0.97188
"2026_3326_3425",0.6702
"2026_3314_3425",0.5928
"2026_3268_3425",0.65054
"2026_3323_3425",0.53474
"2026_3228_3425",0.456
"2026_3235_3425",0.44426
"2026_3393_3425",0.33368
"2026_3160_3425",0.37008
"2026_3193_3425",0.21244
"2026_3293_3425",0.10844
"2026_3224_3425",0.02894
"2026_3219_3425",0.03526
"2026_3376_3425",0.92814
"2026_3234_3425",0.67838
"2026_3395_3425",0.6298
"2026_3328_3425",0.64176
"2026_3277_3425",0.55986
"2026_3208_3425",0.42558
"2026_3155_3425",0.24028
"2026_3113_3425",0.25436
"2026_3355_3425",0.26638
"2026_3161_3425",0.15962
"2026_3225_3425",0.12022
"2026_3192_3425",0.05184
"2026_3359_3425",0.00502
"2026_3380_3425",0.01402
"2026_3400_3425",0.9275
"2026_3276_3425",0.77238
"2026_3257_3425",0.68046
"2026_3246_3425",0.6087
"2026_3104_3425",0.43976
"2026_3301_3425",0.49282
"2026_3332_3425",0.45308
"2026_3397_3425",0.5118
"2026_3348_3425",0.20928
"2026_3241_3425",0.30594
"2026_3275_3425",0.14922
"2026_3221_3425",0.0366
"2026_3283_3425",0.05604
"2026_3372_3425",0.02898
"2026_3417_3425",0.96254
"2026_3261_3425",0.89438
"2026_3181_3425",0.71394
"2026_3278_3425",0.67228
"2026_3279_3425",0.53766
"2026_3124_3425",0.38308
"2026_3403_3425",0.42496
"2026_3329_3425",0.431
"2026_3343_3425",0.27552
"2026_3304_3425",0.4763
"2026_3350_3425",0.30056
"2026_3211_3425",0.20424
"2026_3158_3425",0.06366
"2026_3239_3425",0.04788
"2026_3104_3113",0.69356
"2026_3163_3438",0.99152
"2026_3435_3438",0.86726
"2026_3326_3438",0.82398
"2026_3314_3438",0.76532
"2026_3268_3438",0.81064
"2026_3323_3438",0.71552
"2026_3228_3438",0.65404
"2026_3235_3438",0.64068
"2026_3393_3438",0.52122
"2026_3160_3438",0.5612
"2026_3193_3438",0.38082
"2026_3293_3438",0.23054
"2026_3224_3438",0.08014
"2026_3219_3438",0.09216
"2026_3427_3438",0.14096
"2026_3376_3438",0.97132
"2026_3234_3438",0.83114
"2026_3395_3438",0.79134
"2026_3328_3438",0.8042
"2026_3277_3438",0.7357
"2026_3208_3438",0.61826
"2026_3155_3438",0.41656
"2026_3425_3438",0.69024
"2026_3113_3438",0.42978
"2026_3355_3438",0.44844
"2026_3161_3438",0.304
"2026_3225_3438",0.25124
"2026_3192_3438",0.12798
"2026_3359_3438",0.01922
"2026_3380_3438",0.04046
"2026_3400_3438",0.9742
"2026_3276_3438",0.89134
"2026_3257_3438",0.83266
"2026_3246_3438",0.77998
"2026_3104_3438",0.63458
"2026_3301_3438",0.6832
"2026_3332_3438",0.64128
"2026_3397_3438",0.69856
"2026_3348_3438",0.3726
"2026_3241_3438",0.48772
"2026_3275_3438",0.29076
"2026_3436_3438",0.20854
"2026_3221_3438",0.0979
"2026_3283_3438",0.13464
"2026_3372_3438",0.0779
"2026_3417_3438",0.98926
"2026_3261_3438",0.95898
"2026_3181_3438",0.8522
"2026_3278_3438",0.82596
"2026_3279_3438",0.7204
"2026_3124_3438",0.57702
"2026_3403_3438",0.6193
"2026_3329_3438",0.62654
"2026_3343_3438",0.45956
"2026_3437_3438",0.66106
"2026_3304_3438",0.67206
"2026_3350_3438",0.484
"2026_3211_3438",0.36328
"2026_3158_3438",0.15256
"2026_3239_3438",0.12102
"2026_3163_3355",0.99462
"2026_3326_3355",0.85506
"2026_3314_3355",0.8065
"2026_3268_3355",0.84554
"2026_3323_3355",0.76096
"2026_3228_3355",0.70234
"2026_3235_3355",0.69182
"2026_3160_3355",0.61442
"2026_3193_3355",0.43426
"2026_3293_3355",0.27208
"2026_3224_3355",0.10168
"2026_3219_3355",0.11572
"2026_3234_3355",0.86258
"2026_3328_3355",0.84034
"2026_3277_3355",0.776
"2026_3208_3355",0.6722
"2026_3155_3355",0.47106
"2026_3113_3355",0.48686
"2026_3161_3355",0.35838
"2026_3225_3355",0.29672
"2026_3192_3355",0.15936
"2026_3276_3355",0.91374
"2026_3257_3355",0.86458
"2026_3246_3355",0.8184
"2026_3104_3355",0.68196
"2026_3301_3355",0.72674
"2026_3332_3355",0.68808
"2026_3348_3355",0.42904
"2026_3241_3355",0.5415
"2026_3275_3355",0.33878
"2026_3221_3355",0.12544
"2026_3283_3355",0.16836
"2026_3261_3355",0.96958
"2026_3181_3355",0.88178
"2026_3278_3355",0.85756
"2026_3279_3355",0.76714
"2026_3124_3355",0.62866
"2026_3329_3355",0.67354
"2026_3343_3355",0.51272
"2026_3304_3355",0.71756
"2026_3350_3355",0.5411
"2026_3211_3355",0.41644
"2026_3158_3355",0.18552
"2026_3239_3355",0.15218
"2026_3160_3161",0.74554
"2026_3155_3161",0.61874
"2026_3113_3161",0.63258
"2026_3104_3161",0.80168
"2026_3124_3161",0.75702
"2026_3158_3161",0.29978
"2026_3163_3225",0.99888
"2026_3160_3225",0.79386
"2026_3193_3225",0.6421
"2026_3224_3225",0.23858
"2026_3219_3225",0.25884
"2026_3208_3225",0.83612
"2026_3155_3225",0.67918
"2026_3113_3225",0.69336
"2026_3161_3225",0.5667
"2026_3192_3225",0.32692
"2026_3104_3225",0.84324
"2026_3221_3225",0.26318
"2026_3181_3225",0.95814
"2026_3124_3225",0.80566
"2026_3211_3225",0.6314
"2026_3158_3225",0.35608
"2026_3163_3471",0.99946
"2026_3435_3471",0.97942
"2026_3326_3471",0.97004
"2026_3314_3471",0.95398
"2026_3268_3471",0.96564
"2026_3323_3471",0.93898
"2026_3228_3471",0.91442
"2026_3235_3471",0.90594
"2026_3393_3471",0.84534
"2026_3160_3471",0.86854
"2026_3193_3471",0.74332
"2026_3293_3471",0.58814
"2026_3442_3471",0.53426
"2026_3224_3471",0.3279
"2026_3219_3471",0.35706
"2026_3427_3471",0.45474
"2026_3376_3471",0.998
"2026_3234_3471",0.97188
"2026_3395_3471",0.96198
"2026_3328_3471",0.96562
"2026_3277_3471",0.94268
"2026_3449_3471",0.9386
"2026_3208_3471",0.89838
"2026_3155_3471",0.77254
"2026_3425_3471",0.92578
"2026_3113_3471",0.78518
"2026_3438_3471",0.83164
"2026_3355_3471",0.79672
"2026_3161_3471",0.67022
"2026_3225_3471",0.6092
"2026_3192_3471",0.4326
"2026_3359_3471",0.1318
"2026_3380_3471",0.21988
"2026_3400_3471",0.99826
"2026_3276_3471",0.98582
"2026_3257_3471",0.97342
"2026_3452_3471",0.96138
"2026_3246_3471",0.95696
"2026_3104_3471",0.89988
"2026_3301_3471",0.9213
"2026_3332_3471",0.90826
"2026_3439_3471",0.86308
"2026_3397_3471",0.92862
"2026_3348_3471",0.74372
"2026_3241_3471",0.8241
"2026_3275_3471",0.66054
"2026_3436_3471",0.56094
"2026_3221_3471",0.37494
"2026_3283_3471",0.44192
"2026_3372_3471",0.32726
"2026_3417_3471",0.99948
"2026_3261_3471",0.99654
"2026_3181_3471",0.97818
"2026_3278_3471",0.97128
"2026_3279_3471",0.93788
"2026_3124_3471",0.8768
"2026_3403_3471",0.89614
"2026_3329_3471",0.89864
"2026_3343_3471",0.80988
"2026_3437_3471",0.91558
"2026_3304_3471",0.91802
"2026_3350_3471",0.82314
"2026_3211_3471",0.73446
"2026_3453_3471",0.58488
"2026_3158_3471",0.4678
"2026_3239_3471",0.42148
"2026_3465_3471",0.4953
"2026_3163_3192",0.99978
"2026_3160_3192",0.9027
"2026_3155_3192",0.82206
"2026_3113_3192",0.83252
"2026_3161_3192",0.73214
"2026_3104_3192",0.92868
"2026_3181_3192",0.98592
"2026_3124_3192",0.90604
"2026_3158_3192",0.53136
"2026_3163_3359",1
"2026_3326_3359",0.99858
"2026_3314_3359",0.99744
"2026_3268_3359",0.99842
"2026_3323_3359",0.99574
"2026_3228_3359",0.99352
"2026_3235_3359",0.99336
"2026_3160_3359",0.98748
"2026_3193_3359",0.96112
"2026_3293_3359",0.90928
"2026_3224_3359",0.75234
"2026_3219_3359",0.77486
"2026_3234_3359",0.99874
"2026_3328_3359",0.99828
"2026_3277_3359",0.99668
"2026_3208_3359",0.99138
"2026_3155_3359",0.96832
"2026_3113_3359",0.97188
"2026_3355_3359",0.97338
"2026_3161_3359",0.94008
"2026_3225_3359",0.9202
"2026_3192_3359",0.82974
"2026_3276_3359",0.9996
"2026_3257_3359",0.99888
"2026_3246_3359",0.998
"2026_3104_3359",0.99236
"2026_3301_3359",0.99438
"2026_3332_3359",0.99276
"2026_3348_3359",0.96184
"2026_3241_3359",0.97872
"2026_3275_3359",0.93596
"2026_3221_3359",0.78304
"2026_3283_3359",0.83482
"2026_3261_3359",0.99994
"2026_3181_3359",0.99898
"2026_3278_3359",0.99874
"2026_3279_3359",0.9962
"2026_3124_3359",0.9887
"2026_3329_3359",0.992
"2026_3343_3359",0.97448
"2026_3304_3359",0.99426
"2026_3350_3359",0.9803
"2026_3211_3359",0.95764
"2026_3158_3359",0.85194
"2026_3239_3359",0.81992
"2026_3163_3380",0.99996
"2026_3326_3380",0.99604
"2026_3314_3380",0.99352
"2026_3268_3380",0.9962
"2026_3323_3380",0.98984
"2026_3228_3380",0.9832
"2026_3235_3380",0.98228
"2026_3160_3380",0.97046
"2026_3193_3380",0.9216
"2026_3293_3380",0.84194
"2026_3224_3380",0.63178
"2026_3219_3380",0.65768
"2026_3376_3380",0.99988
"2026_3234_3380",0.99634
"2026_3328_3380",0.99546
"2026_3277_3380",0.99162
"2026_3208_3380",0.97908
"2026_3155_3380",0.9365
"2026_3113_3380",0.94134
"2026_3355_3380",0.9452
"2026_3161_3380",0.89076
"2026_3225_3380",0.85564
"2026_3192_3380",0.72554
"2026_3359_3380",0.3636
"2026_3276_3380",0.99876
"2026_3257_3380",0.99626
"2026_3246_3380",0.9938
"2026_3104_3380",0.98134
"2026_3301_3380",0.98598
"2026_3332_3380",0.98212
"2026_3348_3380",0.9233
"2026_3241_3380",0.9543
"2026_3275_3380",0.88322
"2026_3221_3380",0.67872
"2026_3283_3380",0.73692
"2026_3372_3380",0.62978
"2026_3261_3380",0.9997
"2026_3181_3380",0.9974
"2026_3278_3380",0.99588
"2026_3279_3380",0.98944
"2026_3124_3380",0.97326
"2026_3329_3380",0.98042
"2026_3343_3380",0.94788
"2026_3304_3380",0.9863
"2026_3350_3380",0.9554
"2026_3211_3380",0.91692
"2026_3158_3380",0.75736
"2026_3239_3380",0.7135
"2026_3163_3400",0.67438
"2026_3326_3400",0.15202
"2026_3314_3400",0.11324
"2026_3268_3400",0.13998
"2026_3323_3400",0.08638
"2026_3228_3400",0.05682
"2026_3235_3400",0.058
"2026_3393_3400",0.0282
"2026_3160_3400",0.03492
"2026_3193_3400",0.01206
"2026_3293_3400",0.00334
"2026_3224_3400",0.00036
"2026_3219_3400",0.00042
"2026_3376_3400",0.49622
"2026_3234_3400",0.1584
"2026_3395_3400",0.13106
"2026_3328_3400",0.13886
"2026_3277_3400",0.09198
"2026_3208_3400",0.05062
"2026_3155_3400",0.01574
"2026_3113_3400",0.01706
"2026_3355_3400",0.01834
"2026_3161_3400",0.00618
"2026_3225_3400",0.00386
"2026_3192_3400",9e-04
"2026_3359_3400",4e-05
"2026_3380_3400",0.00012
"2026_3276_3400",0.2364
"2026_3257_3400",0.16214
"2026_3246_3400",0.12032
"2026_3104_3400",0.05328
"2026_3301_3400",0.07052
"2026_3332_3400",0.05822
"2026_3397_3400",0.07746
"2026_3348_3400",0.01132
"2026_3241_3400",0.02416
"2026_3275_3400",0.00676
"2026_3221_3400",0.00066
"2026_3283_3400",0.0013
"2026_3372_3400",0.00036
"2026_3261_3400",0.41952
"2026_3181_3400",0.18548
"2026_3278_3400",0.15762
"2026_3279_3400",0.08464
"2026_3124_3400",0.03918
"2026_3329_3400",0.05216
"2026_3343_3400",0.01982
"2026_3304_3400",0.06488
"2026_3350_3400",0.02248
"2026_3211_3400",0.01004
"2026_3158_3400",0.0013
"2026_3239_3400",8e-04
"2026_3163_3276",0.87528
"2026_3268_3276",0.36174
"2026_3228_3276",0.20186
"2026_3235_3276",0.18894
"2026_3160_3276",0.14034
"2026_3193_3276",0.0619
"2026_3224_3276",0.00402
"2026_3219_3276",0.00516
"2026_3234_3276",0.39312
"2026_3208_3276",0.17886
"2026_3155_3276",0.07344
"2026_3113_3276",0.08046
"2026_3161_3276",0.041
"2026_3225_3276",0.02922
"2026_3192_3276",0.0099
"2026_3257_3276",0.39398
"2026_3246_3276",0.31994
"2026_3104_3276",0.18522
"2026_3241_3276",0.10202
"2026_3275_3276",0.03802
"2026_3221_3276",0.00582
"2026_3261_3276",0.69462
"2026_3181_3276",0.43032
"2026_3124_3276",0.15002
"2026_3211_3276",0.05624
"2026_3158_3276",0.01176
"2026_3239_3276",0.00796
"2026_3163_3257",0.9216
"2026_3228_3257",0.2874
"2026_3235_3257",0.27096
"2026_3160_3257",0.2105
"2026_3193_3257",0.10186
"2026_3224_3257",0.00858
"2026_3219_3257",0.01082
"2026_3234_3257",0.49548
"2026_3208_3257",0.2557
"2026_3155_3257",0.12094
"2026_3113_3257",0.12912
"2026_3161_3257",0.07138
"2026_3225_3257",0.05258
"2026_3192_3257",0.01772
"2026_3246_3257",0.42394
"2026_3104_3257",0.26498
"2026_3241_3257",0.15974
"2026_3221_3257",0.0124
"2026_3181_3257",0.53538
"2026_3124_3257",0.2205
"2026_3211_3257",0.09472
"2026_3158_3257",0.0228
"2026_3239_3257",0.01752
"2026_3163_3452",0.94462
"2026_3435_3452",0.6261
"2026_3326_3452",0.55294
"2026_3314_3452",0.47114
"2026_3268_3452",0.52822
"2026_3323_3452",0.41182
"2026_3228_3452",0.33938
"2026_3235_3452",0.33012
"2026_3393_3452",0.22854
"2026_3160_3452",0.26148
"2026_3193_3452",0.13386
"2026_3293_3452",0.06272
"2026_3442_3452",0.04646
"2026_3224_3452",0.01392
"2026_3219_3452",0.01724
"2026_3427_3452",0.0311
"2026_3376_3452",0.87004
"2026_3234_3452",0.55896
"2026_3395_3452",0.5088
"2026_3328_3452",0.52352
"2026_3277_3452",0.43852
"2026_3449_3452",0.41286
"2026_3208_3452",0.3073
"2026_3155_3452",0.15826
"2026_3425_3452",0.3807
"2026_3113_3452",0.16606
"2026_3438_3452",0.21254
"2026_3355_3452",0.17542
"2026_3161_3452",0.0968
"2026_3225_3452",0.06898
"2026_3192_3452",0.02676
"2026_3359_3452",0.0018
"2026_3380_3452",0.00602
"2026_3400_3452",0.87878
"2026_3276_3452",0.66894
"2026_3257_3452",0.56712
"2026_3246_3452",0.48988
"2026_3104_3452",0.32162
"2026_3301_3452",0.37036
"2026_3332_3452",0.33028
"2026_3439_3452",0.25418
"2026_3397_3452",0.39206
"2026_3348_3452",0.1318
"2026_3241_3452",0.2026
"2026_3275_3452",0.08748
"2026_3436_3452",0.05404
"2026_3221_3452",0.01888
"2026_3283_3452",0.02768
"2026_3372_3452",0.01382
"2026_3417_3452",0.9322
"2026_3261_3452",0.82784
"2026_3181_3452",0.59826
"2026_3278_3452",0.55372
"2026_3279_3452",0.41472
"2026_3124_3452",0.27056
"2026_3403_3452",0.30856
"2026_3329_3452",0.31854
"2026_3343_3452",0.18322
"2026_3437_3452",0.35078
"2026_3304_3452",0.35822
"2026_3350_3452",0.20244
"2026_3211_3452",0.12824
"2026_3158_3452",0.03166
"2026_3239_3452",0.02512
"2026_3163_3246",0.94956
"2026_3228_3246",0.35418
"2026_3235_3246",0.34036
"2026_3160_3246",0.26856
"2026_3193_3246",0.13864
"2026_3224_3246",0.01576
"2026_3219_3246",0.01834
"2026_3234_3246",0.5715
"2026_3208_3246",0.3195
"2026_3155_3246",0.16334
"2026_3113_3246",0.17504
"2026_3161_3246",0.10042
"2026_3225_3246",0.0746
"2026_3192_3246",0.02908
"2026_3104_3246",0.33504
"2026_3241_3246",0.2146
"2026_3221_3246",0.02092
"2026_3181_3246",0.61048
"2026_3124_3246",0.2788
"2026_3211_3246",0.13248
"2026_3158_3246",0.03632
"2026_3239_3246",0.02694
"2026_3163_3301",0.9725
"2026_3268_3301",0.65816
"2026_3228_3301",0.46774
"2026_3235_3301",0.45572
"2026_3160_3301",0.3781
"2026_3193_3301",0.22112
"2026_3293_3301",0.11232
"2026_3224_3301",0.03198
"2026_3219_3301",0.03666
"2026_3234_3301",0.68564
"2026_3277_3301",0.56746
"2026_3208_3301",0.43052
"2026_3155_3301",0.24934
"2026_3113_3301",0.26364
"2026_3161_3301",0.1655
"2026_3225_3301",0.12578
"2026_3192_3301",0.05462
"2026_3276_3301",0.7769
"2026_3257_3301",0.68878
"2026_3246_3301",0.61678
"2026_3104_3301",0.44894
"2026_3241_3301",0.3098
"2026_3275_3301",0.1533
"2026_3221_3301",0.0408
"2026_3283_3301",0.05776
"2026_3261_3301",0.89802
"2026_3181_3301",0.72028
"2026_3278_3301",0.67978
"2026_3279_3301",0.5449
"2026_3124_3301",0.38722
"2026_3211_3301",0.20786
"2026_3158_3301",0.06642
"2026_3239_3301",0.05126
"2026_3163_3332",0.9793
"2026_3326_3332",0.71274
"2026_3314_3332",0.64142
"2026_3268_3332",0.69802
"2026_3323_3332",0.58152
"2026_3228_3332",0.51026
"2026_3235_3332",0.50132
"2026_3160_3332",0.41814
"2026_3193_3332",0.25206
"2026_3293_3332",0.13486
"2026_3224_3332",0.03914
"2026_3219_3332",0.04502
"2026_3234_3332",0.72466
"2026_3328_3332",0.69348
"2026_3277_3332",0.60666
"2026_3208_3332",0.47738
"2026_3155_3332",0.28502
"2026_3113_3332",0.29678
"2026_3161_3332",0.19658
"2026_3225_3332",0.149
"2026_3192_3332",0.06858
"2026_3276_3332",0.80716
"2026_3257_3332",0.7269
"2026_3246_3332",0.65722
"2026_3104_3332",0.48952
"2026_3301_3332",0.54158
"2026_3241_3332",0.34558
"2026_3275_3332",0.18264
"2026_3221_3332",0.0498
"2026_3283_3332",0.07314
"2026_3261_3332",0.9177
"2026_3181_3332",0.7543
"2026_3278_3332",0.71524
"2026_3279_3332",0.59314
"2026_3124_3332",0.43106
"2026_3329_3332",0.48584
"2026_3304_3332",0.53642
"2026_3211_3332",0.24084
"2026_3158_3332",0.08186
"2026_3239_3332",0.06296
"2026_3163_3439",0.9875
"2026_3435_3439",0.83312
"2026_3326_3439",0.78708
"2026_3314_3439",0.71954
"2026_3268_3439",0.77086
"2026_3323_3439",0.66846
"2026_3228_3439",0.59496
"2026_3235_3439",0.58746
"2026_3393_3439",0.46884
"2026_3160_3439",0.50928
"2026_3193_3439",0.32602
"2026_3293_3439",0.18498
"2026_3224_3439",0.06294
"2026_3219_3439",0.07122
"2026_3427_3439",0.11064
"2026_3376_3439",0.96248
"2026_3234_3439",0.7892
"2026_3395_3439",0.75076
"2026_3328_3439",0.7611
"2026_3277_3439",0.69626
"2026_3208_3439",0.56066
"2026_3155_3439",0.36174
"2026_3425_3439",0.63698
"2026_3113_3439",0.37628
"2026_3438_3439",0.44502
"2026_3355_3439",0.39208
"2026_3161_3439",0.25752
"2026_3225_3439",0.20864
"2026_3192_3439",0.10358
"2026_3359_3439",0.01324
"2026_3380_3439",0.02954
"2026_3400_3439",0.96458
"2026_3276_3439",0.86204
"2026_3257_3439",0.7925
"2026_3246_3439",0.7375
"2026_3104_3439",0.5786
"2026_3301_3439",0.62718
"2026_3332_3439",0.5847
"2026_3397_3439",0.64912
"2026_3348_3439",0.31846
"2026_3241_3439",0.43218
"2026_3275_3439",0.24466
"2026_3436_3439",0.17018
"2026_3221_3439",0.07644
"2026_3283_3439",0.10616
"2026_3372_3439",0.06038
"2026_3417_3439",0.98328
"2026_3261_3439",0.94438
"2026_3181_3439",0.81664
"2026_3278_3439",0.78262
"2026_3279_3439",0.67082
"2026_3124_3439",0.52482
"2026_3403_3439",0.564
"2026_3329_3439",0.5712
"2026_3343_3439",0.4055
"2026_3437_3439",0.60732
"2026_3304_3439",0.61824
"2026_3350_3439",0.43068
"2026_3211_3439",0.31142
"2026_3158_3439",0.11712
"2026_3239_3439",0.09728
"2026_3163_3397",0.9693
"2026_3326_3397",0.6602
"2026_3314_3397",0.57828
"2026_3268_3397",0.64226
"2026_3323_3397",0.52106
"2026_3228_3397",0.44774
"2026_3235_3397",0.4326
"2026_3393_3397",0.31788
"2026_3160_3397",0.35562
"2026_3193_3397",0.20344
"2026_3293_3397",0.10376
"2026_3224_3397",0.0281
"2026_3219_3397",0.03274
"2026_3376_3397",0.92328
"2026_3234_3397",0.6695
"2026_3395_3397",0.61936
"2026_3328_3397",0.6311
"2026_3277_3397",0.54312
"2026_3208_3397",0.41652
"2026_3155_3397",0.23266
"2026_3113_3397",0.24472
"2026_3355_3397",0.25872
"2026_3161_3397",0.15258
"2026_3225_3397",0.11472
"2026_3192_3397",0.04814
"2026_3359_3397",0.00462
"2026_3380_3397",0.01208
"2026_3276_3397",0.7604
"2026_3257_3397",0.66886
"2026_3246_3397",0.59938
"2026_3104_3397",0.429
"2026_3301_3397",0.48128
"2026_3332_3397",0.4399
"2026_3348_3397",0.19966
"2026_3241_3397",0.28822
"2026_3275_3397",0.14004
"2026_3221_3397",0.03536
"2026_3283_3397",0.05132
"2026_3372_3397",0.0268
"2026_3261_3397",0.89082
"2026_3181_3397",0.70054
"2026_3278_3397",0.66236
"2026_3279_3397",0.52342
"2026_3124_3397",0.36972
"2026_3329_3397",0.42058
"2026_3343_3397",0.26674
"2026_3304_3397",0.46842
"2026_3350_3397",0.28712
"2026_3211_3397",0.19398
"2026_3158_3397",0.05766
"2026_3239_3397",0.0459
"2026_3163_3348",0.99628
"2026_3326_3348",0.8906
"2026_3314_3348",0.8531
"2026_3268_3348",0.88432
"2026_3323_3348",0.81634
"2026_3228_3348",0.76364
"2026_3235_3348",0.74588
"2026_3160_3348",0.67988
"2026_3193_3348",0.50448
"2026_3293_3348",0.33532
"2026_3224_3348",0.14038
"2026_3219_3348",0.15334
"2026_3234_3348",0.89864
"2026_3328_3348",0.88192
"2026_3277_3348",0.82722
"2026_3208_3348",0.73008
"2026_3155_3348",0.54212
"2026_3113_3348",0.55494
"2026_3161_3348",0.42628
"2026_3225_3348",0.3604
"2026_3192_3348",0.20822
"2026_3276_3348",0.94058
"2026_3257_3348",0.89844
"2026_3246_3348",0.859
"2026_3104_3348",0.74006
"2026_3301_3348",0.78618
"2026_3332_3348",0.74918
"2026_3241_3348",0.61968
"2026_3275_3348",0.4098
"2026_3221_3348",0.1679
"2026_3283_3348",0.2131
"2026_3261_3348",0.97962
"2026_3181_3348",0.91528
"2026_3278_3348",0.89428
"2026_3279_3348",0.8155
"2026_3124_3348",0.69506
"2026_3329_3348",0.73576
"2026_3343_3348",0.58186
"2026_3304_3348",0.77658
"2026_3211_3348",0.49544
"2026_3158_3348",0.23638
"2026_3239_3348",0.19872
"2026_3163_3241",0.99236
"2026_3228_3241",0.66464
"2026_3235_3241",0.65398
"2026_3160_3241",0.57242
"2026_3193_3241",0.39266
"2026_3224_3241",0.08454
"2026_3219_3241",0.09676
"2026_3234_3241",0.84004
"2026_3208_3241",0.62968
"2026_3155_3241",0.42878
"2026_3113_3241",0.44588
"2026_3161_3241",0.3157
"2026_3225_3241",0.25994
"2026_3192_3241",0.13624
"2026_3104_3241",0.64458
"2026_3221_3241",0.10436
"2026_3181_3241",0.85794
"2026_3124_3241",0.58572
"2026_3211_3241",0.37638
"2026_3158_3241",0.15884
"2026_3239_3241",0.12662
"2026_3163_3275",0.9983
"2026_3268_3275",0.9215
"2026_3228_3275",0.82776
"2026_3235_3275",0.82006
"2026_3160_3275",0.75714
"2026_3193_3275",0.59446
"2026_3224_3275",0.1948
"2026_3219_3275",0.21766
"2026_3234_3275",0.93488
"2026_3208_3275",0.80034
"2026_3155_3275",0.63154
"2026_3113_3275",0.64338
"2026_3161_3275",0.51682
"2026_3225_3275",0.44938
"2026_3192_3275",0.27652
"2026_3257_3275",0.93638
"2026_3246_3275",0.9061
"2026_3104_3275",0.80936
"2026_3241_3275",0.69858
"2026_3221_3275",0.22864
"2026_3261_3275",0.9883
"2026_3181_3275",0.9429
"2026_3124_3275",0.76984
"2026_3211_3275",0.57932
"2026_3158_3275",0.31064
"2026_3239_3275",0.26608
"2026_3163_3436",0.99938
"2026_3435_3436",0.97284
"2026_3326_3436",0.95714
"2026_3314_3436",0.93788
"2026_3268_3436",0.95354
"2026_3323_3436",0.9157
"2026_3228_3436",0.88378
"2026_3235_3436",0.87768
"2026_3393_3436",0.80374
"2026_3160_3436",0.83276
"2026_3193_3436",0.69088
"2026_3293_3436",0.52136
"2026_3224_3436",0.27578
"2026_3219_3436",0.30026
"2026_3427_3436",0.39272
"2026_3376_3436",0.99668
"2026_3234_3436",0.95918
"2026_3395_3436",0.94662
"2026_3328_3436",0.95086
"2026_3277_3436",0.92526
"2026_3208_3436",0.86488
"2026_3155_3436",0.72334
"2026_3425_3436",0.90094
"2026_3113_3436",0.74312
"2026_3355_3436",0.74576
"2026_3161_3436",0.61718
"2026_3225_3436",0.55332
"2026_3192_3436",0.36974
"2026_3359_3436",0.0992
"2026_3380_3436",0.1765
"2026_3400_3436",0.99718
"2026_3276_3436",0.98036
"2026_3257_3436",0.95974
"2026_3246_3436",0.9399
"2026_3104_3436",0.8725
"2026_3301_3436",0.89648
"2026_3332_3436",0.8758
"2026_3397_3436",0.90852
"2026_3348_3436",0.68356
"2026_3241_3436",0.7808
"2026_3275_3436",0.60246
"2026_3221_3436",0.31298
"2026_3283_3436",0.37776
"2026_3372_3436",0.26998
"2026_3417_3436",0.999
"2026_3261_3436",0.9951
"2026_3181_3436",0.96782
"2026_3278_3436",0.96058
"2026_3279_3436",0.91582
"2026_3124_3436",0.83884
"2026_3403_3436",0.8637
"2026_3329_3436",0.86888
"2026_3343_3436",0.76042
"2026_3304_3436",0.8911
"2026_3350_3436",0.77674
"2026_3211_3436",0.67574
"2026_3158_3436",0.40812
"2026_3239_3436",0.35658
"2026_3163_3221",0.99978
"2026_3160_3221",0.92564
"2026_3193_3221",0.83494
"2026_3219_3221",0.48602
"2026_3208_3221",0.9429
"2026_3155_3221",0.85976
"2026_3113_3221",0.86904
"2026_3161_3221",0.78366
"2026_3192_3221",0.56114
"2026_3104_3221",0.94694
"2026_3181_3221",0.98964
"2026_3124_3221",0.9306
"2026_3211_3221",0.82882
"2026_3158_3221",0.6027
"2026_3163_3283",0.9997
"2026_3268_3283",0.97578
"2026_3228_3283",0.93438
"2026_3235_3283",0.92644
"2026_3160_3283",0.8955
"2026_3193_3283",0.78716
"2026_3224_3283",0.3863
"2026_3219_3283",0.41498
"2026_3234_3283",0.98156
"2026_3277_3283",0.9588
"2026_3208_3283",0.92158
"2026_3155_3283",0.81424
"2026_3113_3283",0.8264
"2026_3161_3283",0.72904
"2026_3225_3283",0.66968
"2026_3192_3283",0.49042
"2026_3276_3283",0.99006
"2026_3257_3283",0.98024
"2026_3246_3283",0.97018
"2026_3104_3283",0.9252
"2026_3241_3283",0.85832
"2026_3275_3283",0.71304
"2026_3221_3283",0.42796
"2026_3261_3283",0.99774
"2026_3181_3283",0.9857
"2026_3278_3283",0.98062
"2026_3279_3283",0.95286
"2026_3124_3283",0.9022
"2026_3211_3283",0.77966
"2026_3158_3283",0.52752
"2026_3239_3283",0.47396
"2026_3163_3372",0.99996
"2026_3326_3372",0.98958
"2026_3314_3372",0.9834
"2026_3268_3372",0.98914
"2026_3323_3372",0.97552
"2026_3228_3372",0.96632
"2026_3235_3372",0.96098
"2026_3160_3372",0.93896
"2026_3193_3372",0.86766
"2026_3293_3372",0.7526
"2026_3224_3372",0.5046
"2026_3219_3372",0.5337
"2026_3234_3372",0.99128
"2026_3328_3372",0.98786
"2026_3277_3372",0.97942
"2026_3208_3372",0.957
"2026_3155_3372",0.88268
"2026_3113_3372",0.88998
"2026_3355_3372",0.89964
"2026_3161_3372",0.81428
"2026_3225_3372",0.7685
"2026_3192_3372",0.61006
"2026_3359_3372",0.25206
"2026_3276_3372",0.99556
"2026_3257_3372",0.9908
"2026_3246_3372",0.98486
"2026_3104_3372",0.95988
"2026_3301_3372",0.97072
"2026_3332_3372",0.96236
"2026_3348_3372",0.86118
"2026_3241_3372",0.91594
"2026_3275_3372",0.80658
"2026_3221_3372",0.54722
"2026_3283_3372",0.61864
"2026_3261_3372",0.99932
"2026_3181_3372",0.9934
"2026_3278_3372",0.99088
"2026_3279_3372",0.9782
"2026_3124_3372",0.94386
"2026_3329_3372",0.95788
"2026_3343_3372",0.90528
"2026_3304_3372",0.96916
"2026_3350_3372",0.91358
"2026_3211_3372",0.85822
"2026_3158_3372",0.64404
"2026_3239_3372",0.59636
"2026_3163_3417",0.54718
"2026_3326_3417",0.08916
"2026_3314_3417",0.0617
"2026_3268_3417",0.08052
"2026_3323_3417",0.0461
"2026_3228_3417",0.0301
"2026_3235_3417",0.02758
"2026_3393_3417",0.01384
"2026_3160_3417",0.0173
"2026_3193_3417",0.00488
"2026_3293_3417",0.00148
"2026_3224_3417",1e-04
"2026_3219_3417",0.00014
"2026_3376_3417",0.36564
"2026_3234_3417",0.09374
"2026_3395_3417",0.0742
"2026_3328_3417",0.0808
"2026_3277_3417",0.04884
"2026_3208_3417",0.02438
"2026_3155_3417",0.00684
"2026_3113_3417",0.00778
"2026_3355_3417",0.00778
"2026_3161_3417",0.00266
"2026_3225_3417",0.00158
"2026_3192_3417",0.00036
"2026_3359_3417",0
"2026_3380_3417",2e-05
"2026_3400_3417",0.36984
"2026_3276_3417",0.15178
"2026_3257_3417",0.09444
"2026_3246_3417",0.06676
"2026_3104_3417",0.02752
"2026_3301_3417",0.035
"2026_3332_3417",0.02774
"2026_3397_3417",0.0399
"2026_3348_3417",0.00474
"2026_3241_3417",0.01082
"2026_3275_3417",0.00204
"2026_3221_3417",0.00022
"2026_3283_3417",0.00032
"2026_3372_3417",1e-04
"2026_3261_3417",0.30006
"2026_3181_3417",0.11042
"2026_3278_3417",0.08866
"2026_3279_3417",0.04434
"2026_3124_3417",0.01828
"2026_3403_3417",0.02498
"2026_3329_3417",0.02482
"2026_3343_3417",0.00914
"2026_3304_3417",0.0328
"2026_3350_3417",0.01062
"2026_3211_3417",0.0047
"2026_3158_3417",0.00046
"2026_3239_3417",0.00024
"2026_3163_3261",0.74198
"2026_3228_3261",0.08698
"2026_3235_3261",0.08418
"2026_3160_3261",0.05476
"2026_3193_3261",0.02
"2026_3224_3261",0.00076
"2026_3219_3261",0.00112
"2026_3234_3261",0.21516
"2026_3208_3261",0.07496
"2026_3155_3261",0.02492
"2026_3113_3261",0.02656
"2026_3161_3261",0.01188
"2026_3225_3261",0.0079
"2026_3192_3261",0.00188
"2026_3257_3261",0.21846
"2026_3246_3261",0.16288
"2026_3104_3261",0.07926
"2026_3241_3261",0.03782
"2026_3221_3261",0.00104
"2026_3181_3261",0.24632
"2026_3124_3261",0.05998
"2026_3211_3261",0.01914
"2026_3158_3261",0.0027
"2026_3239_3261",0.00198
"2026_3163_3181",0.9105
"2026_3160_3181",0.18756
"2026_3155_3181",0.10336
"2026_3113_3181",0.1112
"2026_3161_3181",0.05894
"2026_3104_3181",0.23742
"2026_3124_3181",0.19344
"2026_3158_3181",0.01826
"2026_3163_3278",0.92556
"2026_3268_3278",0.47492
"2026_3228_3278",0.29052
"2026_3235_3278",0.28394
"2026_3160_3278",0.2147
"2026_3193_3278",0.10884
"2026_3224_3278",0.00958
"2026_3219_3278",0.01212
"2026_3234_3278",0.50988
"2026_3277_3278",0.37984
"2026_3208_3278",0.26408
"2026_3155_3278",0.12314
"2026_3113_3278",0.13488
"2026_3161_3278",0.07384
"2026_3225_3278",0.05448
"2026_3192_3278",0.01916
"2026_3276_3278",0.61862
"2026_3257_3278",0.51122
"2026_3246_3278",0.43352
"2026_3104_3278",0.27074
"2026_3241_3278",0.16744
"2026_3275_3278",0.06924
"2026_3221_3278",0.0135
"2026_3261_3278",0.78828
"2026_3181_3278",0.55194
"2026_3124_3278",0.2267
"2026_3211_3278",0.1038
"2026_3158_3278",0.02428
"2026_3239_3278",0.01664
"2026_3163_3279",0.96362
"2026_3268_3279",0.61134
"2026_3228_3279",0.42402
"2026_3235_3279",0.41056
"2026_3160_3279",0.33596
"2026_3193_3279",0.18446
"2026_3224_3279",0.02206
"2026_3219_3279",0.02684
"2026_3234_3279",0.64248
"2026_3277_3279",0.51996
"2026_3208_3279",0.38714
"2026_3155_3279",0.2098
"2026_3113_3279",0.2261
"2026_3161_3279",0.13726
"2026_3225_3279",0.10282
"2026_3192_3279",0.0431
"2026_3276_3279",0.73994
"2026_3257_3279",0.64536
"2026_3246_3279",0.57482
"2026_3104_3279",0.40548
"2026_3241_3279",0.27098
"2026_3275_3279",0.1282
"2026_3221_3279",0.03062
"2026_3261_3279",0.8754
"2026_3181_3279",0.67772
"2026_3278_3279",0.63932
"2026_3124_3279",0.34642
"2026_3211_3279",0.17406
"2026_3158_3279",0.05362
"2026_3239_3279",0.0388
"2026_3113_3124",0.36242
"2026_3104_3124",0.56026
"2026_3163_3403",0.98168
"2026_3326_3403",0.73676
"2026_3314_3403",0.6662
"2026_3268_3403",0.72114
"2026_3323_3403",0.61058
"2026_3228_3403",0.54242
"2026_3235_3403",0.5269
"2026_3393_3403",0.40618
"2026_3160_3403",0.44592
"2026_3193_3403",0.27004
"2026_3293_3403",0.15232
"2026_3224_3403",0.04482
"2026_3219_3403",0.05154
"2026_3376_3403",0.94914
"2026_3234_3403",0.7464
"2026_3395_3403",0.70114
"2026_3328_3403",0.71486
"2026_3277_3403",0.63598
"2026_3208_3403",0.50352
"2026_3155_3403",0.3069
"2026_3113_3403",0.32332
"2026_3355_3403",0.33168
"2026_3161_3403",0.21196
"2026_3225_3403",0.16718
"2026_3192_3403",0.078
"2026_3359_3403",0.00912
"2026_3380_3403",0.02164
"2026_3400_3403",0.95154
"2026_3276_3403",0.82656
"2026_3257_3403",0.74746
"2026_3246_3403",0.68538
"2026_3104_3403",0.5146
"2026_3301_3403",0.57216
"2026_3332_3403",0.5268
"2026_3397_3403",0.58868
"2026_3348_3403",0.27012
"2026_3241_3403",0.37238
"2026_3275_3403",0.19938
"2026_3221_3403",0.05706
"2026_3283_3403",0.08082
"2026_3372_3403",0.04382
"2026_3261_3403",0.92728
"2026_3181_3403",0.77238
"2026_3278_3403",0.74024
"2026_3279_3403",0.61512
"2026_3124_3403",0.46048
"2026_3329_3403",0.51042
"2026_3343_3403",0.35136
"2026_3304_3403",0.55894
"2026_3350_3403",0.36454
"2026_3211_3403",0.2626
"2026_3158_3403",0.09252
"2026_3239_3403",0.07462
"2026_3163_3329",0.9813
"2026_3326_3329",0.72454
"2026_3314_3329",0.65468
"2026_3268_3329",0.70876
"2026_3323_3329",0.59842
"2026_3228_3329",0.53032
"2026_3235_3329",0.51198
"2026_3160_3329",0.43414
"2026_3193_3329",0.26288
"2026_3293_3329",0.14264
"2026_3224_3329",0.0439
"2026_3219_3329",0.04838
"2026_3234_3329",0.73474
"2026_3328_3329",0.70486
"2026_3277_3329",0.61988
"2026_3208_3329",0.49376
"2026_3155_3329",0.29278
"2026_3113_3329",0.3133
"2026_3161_3329",0.2015
"2026_3225_3329",0.16054
"2026_3192_3329",0.07474
"2026_3276_3329",0.8172
"2026_3257_3329",0.73554
"2026_3246_3329",0.6734
"2026_3104_3329",0.50734
"2026_3301_3329",0.56208
"2026_3241_3329",0.35816
"2026_3275_3329",0.1946
"2026_3221_3329",0.05406
"2026_3283_3329",0.0761
"2026_3261_3329",0.9226
"2026_3181_3329",0.76546
"2026_3278_3329",0.73178
"2026_3279_3329",0.60434
"2026_3124_3329",0.44988
"2026_3304_3329",0.54962
"2026_3211_3329",0.25468
"2026_3158_3329",0.08414
"2026_3239_3329",0.06826
"2026_3163_3343",0.99344
"2026_3326_3343",0.8488
"2026_3314_3343",0.79806
"2026_3268_3343",0.835
"2026_3323_3343",0.7531
"2026_3228_3343",0.68846
"2026_3235_3343",0.67694
"2026_3160_3343",0.60568
"2026_3193_3343",0.41954
"2026_3293_3343",0.26086
"2026_3224_3343",0.09878
"2026_3219_3343",0.10916
"2026_3234_3343",0.85596
"2026_3328_3343",0.83232
"2026_3277_3343",0.7658
"2026_3208_3343",0.65622
"2026_3155_3343",0.45544
"2026_3113_3343",0.47076
"2026_3161_3343",0.34322
"2026_3225_3343",0.28544
"2026_3192_3343",0.15118
"2026_3276_3343",0.908
"2026_3257_3343",0.85416
"2026_3246_3343",0.81002
"2026_3104_3343",0.67222
"2026_3301_3343",0.71494
"2026_3332_3343",0.67996
"2026_3241_3343",0.5262
"2026_3275_3343",0.32934
"2026_3221_3343",0.1186
"2026_3283_3343",0.1559
"2026_3261_3343",0.96904
"2026_3181_3343",0.87596
"2026_3278_3343",0.85262
"2026_3279_3343",0.75498
"2026_3124_3343",0.61664
"2026_3329_3343",0.66384
"2026_3304_3343",0.70638
"2026_3211_3343",0.40562
"2026_3158_3343",0.17214
"2026_3239_3343",0.14472
"2026_3163_3437",0.97628
"2026_3435_3437",0.7571
"2026_3326_3437",0.69366
"2026_3314_3437",0.62
"2026_3268_3437",0.67992
"2026_3323_3437",0.56174
"2026_3228_3437",0.49014
"2026_3235_3437",0.47566
"2026_3393_3437",0.3602
"2026_3160_3437",0.39298
"2026_3193_3437",0.23164
"2026_3293_3437",0.12442
"2026_3224_3437",0.03482
"2026_3219_3437",0.0392
"2026_3427_3437",0.06598
"2026_3376_3437",0.9383
"2026_3234_3437",0.70632
"2026_3395_3437",0.65812
"2026_3328_3437",0.67026
"2026_3277_3437",0.58794
"2026_3208_3437",0.45358
"2026_3155_3437",0.26304
"2026_3425_3437",0.53312
"2026_3113_3437",0.27724
"2026_3355_3437",0.29072
"2026_3161_3437",0.1799
"2026_3225_3437",0.13744
"2026_3192_3437",0.06094
"2026_3359_3437",0.00678
"2026_3380_3437",0.01574
"2026_3400_3437",0.93762
"2026_3276_3437",0.79184
"2026_3257_3437",0.70716
"2026_3246_3437",0.63446
"2026_3104_3437",0.4672
"2026_3301_3437",0.51978
"2026_3332_3437",0.47658
"2026_3397_3437",0.53802
"2026_3348_3437",0.23018
"2026_3241_3437",0.33002
"2026_3275_3437",0.16452
"2026_3436_3437",0.11152
"2026_3221_3437",0.04342
"2026_3283_3437",0.06312
"2026_3372_3437",0.03248
"2026_3417_3437",0.96798
"2026_3261_3437",0.90918
"2026_3181_3437",0.7397
"2026_3278_3437",0.6974
"2026_3279_3437",0.56538
"2026_3124_3437",0.41138
"2026_3403_3437",0.4533
"2026_3329_3437",0.45844
"2026_3343_3437",0.3
"2026_3304_3437",0.51116
"2026_3350_3437",0.32144
"2026_3211_3437",0.22418
"2026_3158_3437",0.07314
"2026_3239_3437",0.05678
"2026_3163_3304",0.9746
"2026_3268_3304",0.66698
"2026_3228_3304",0.48434
"2026_3235_3304",0.46956
"2026_3160_3304",0.39322
"2026_3193_3304",0.2288
"2026_3293_3304",0.11948
"2026_3224_3304",0.03424
"2026_3219_3304",0.0394
"2026_3234_3304",0.69702
"2026_3277_3304",0.57552
"2026_3208_3304",0.4447
"2026_3155_3304",0.25858
"2026_3113_3304",0.26958
"2026_3161_3304",0.1718
"2026_3225_3304",0.13016
"2026_3192_3304",0.05734
"2026_3276_3304",0.78742
"2026_3257_3304",0.70074
"2026_3246_3304",0.62898
"2026_3104_3304",0.46402
"2026_3301_3304",0.51118
"2026_3241_3304",0.31962
"2026_3275_3304",0.16328
"2026_3221_3304",0.04178
"2026_3283_3304",0.0635
"2026_3261_3304",0.90196
"2026_3181_3304",0.73168
"2026_3278_3304",0.69046
"2026_3279_3304",0.55676
"2026_3124_3304",0.40202
"2026_3211_3304",0.2203
"2026_3158_3304",0.06972
"2026_3239_3304",0.05478
"2026_3163_3350",0.99342
"2026_3326_3350",0.8309
"2026_3314_3350",0.77836
"2026_3268_3350",0.82142
"2026_3323_3350",0.73148
"2026_3228_3350",0.66658
"2026_3235_3350",0.65572
"2026_3160_3350",0.57414
"2026_3193_3350",0.3961
"2026_3293_3350",0.2439
"2026_3224_3350",0.08768
"2026_3219_3350",0.10174
"2026_3234_3350",0.8418
"2026_3328_3350",0.81358
"2026_3277_3350",0.75006
"2026_3208_3350",0.6341
"2026_3155_3350",0.43188
"2026_3113_3350",0.4509
"2026_3161_3350",0.31936
"2026_3225_3350",0.26774
"2026_3192_3350",0.13686
"2026_3276_3350",0.9008
"2026_3257_3350",0.84184
"2026_3246_3350",0.79112
"2026_3104_3350",0.64402
"2026_3301_3350",0.69046
"2026_3332_3350",0.65588
"2026_3348_3350",0.38664
"2026_3241_3350",0.5047
"2026_3275_3350",0.30426
"2026_3221_3350",0.10518
"2026_3283_3350",0.14204
"2026_3261_3350",0.96324
"2026_3181_3350",0.86048
"2026_3278_3350",0.83692
"2026_3279_3350",0.73278
"2026_3124_3350",0.59084
"2026_3329_3350",0.64146
"2026_3343_3350",0.47324
"2026_3304_3350",0.68322
"2026_3211_3350",0.3813
"2026_3158_3350",0.15878
"2026_3239_3350",0.12968
"2026_3163_3211",0.99668
"2026_3160_3211",0.69
"2026_3193_3211",0.51826
"2026_3208_3211",0.7421
"2026_3155_3211",0.555
"2026_3113_3211",0.568
"2026_3161_3211",0.43336
"2026_3192_3211",0.2139
"2026_3104_3211",0.75072
"2026_3181_3211",0.91824
"2026_3124_3211",0.70148
"2026_3158_3211",0.2438
"2026_3163_3453",0.99916
"2026_3435_3453",0.96758
"2026_3326_3453",0.95136
"2026_3314_3453",0.92826
"2026_3268_3453",0.94796
"2026_3323_3453",0.9081
"2026_3228_3453",0.87126
"2026_3235_3453",0.86524
"2026_3393_3453",0.78986
"2026_3160_3453",0.81774
"2026_3193_3453",0.67704
"2026_3293_3453",0.50706
"2026_3442_3453",0.44618
"2026_3224_3453",0.25922
"2026_3219_3453",0.28066
"2026_3427_3453",0.37288
"2026_3376_3453",0.99676
"2026_3234_3453",0.95502
"2026_3395_3453",0.94244
"2026_3328_3453",0.94566
"2026_3277_3453",0.91694
"2026_3449_3453",0.91032
"2026_3208_3453",0.85428
"2026_3155_3453",0.70268
"2026_3425_3453",0.89182
"2026_3113_3453",0.71998
"2026_3438_3453",0.77652
"2026_3355_3453",0.73136
"2026_3161_3453",0.59684
"2026_3225_3453",0.5306
"2026_3192_3453",0.35446
"2026_3359_3453",0.09
"2026_3380_3453",0.16204
"2026_3400_3453",0.99678
"2026_3276_3453",0.97566
"2026_3257_3453",0.95606
"2026_3452_3453",0.93878
"2026_3246_3453",0.93408
"2026_3104_3453",0.862
"2026_3301_3453",0.89108
"2026_3332_3453",0.8661
"2026_3439_3453",0.81382
"2026_3397_3453",0.89854
"2026_3348_3453",0.66646
"2026_3241_3453",0.76174
"2026_3275_3453",0.578
"2026_3436_3453",0.48042
"2026_3221_3453",0.29518
"2026_3283_3453",0.35926
"2026_3372_3453",0.2565
"2026_3417_3453",0.99884
"2026_3261_3453",0.99404
"2026_3181_3453",0.96326
"2026_3278_3453",0.95348
"2026_3279_3453",0.90732
"2026_3124_3453",0.82522
"2026_3403_3453",0.8518
"2026_3329_3453",0.85728
"2026_3343_3453",0.74538
"2026_3437_3453",0.87924
"2026_3304_3453",0.88318
"2026_3350_3453",0.76318
"2026_3211_3453",0.65474
"2026_3158_3453",0.38492
"2026_3239_3453",0.33882
"2026_3155_3158",0.7989
"2026_3113_3158",0.80618
"2026_3104_3158",0.91426
"2026_3124_3158",0.89014
"2026_3163_3239",0.9998
"2026_3228_3239",0.94038
"2026_3235_3239",0.93436
"2026_3160_3239",0.90682
"2026_3193_3239",0.80146
"2026_3224_3239",0.40564
"2026_3219_3239",0.43272
"2026_3234_3239",0.98238
"2026_3208_3239",0.92962
"2026_3155_3239",0.82764
"2026_3113_3239",0.84064
"2026_3161_3239",0.7467
"2026_3225_3239",0.68872
"2026_3192_3239",0.51376
"2026_3104_3239",0.93294
"2026_3221_3239",0.44946
"2026_3181_3239",0.98646
"2026_3124_3239",0.91102
"2026_3211_3239",0.78836
"2026_3158_3239",0.55078
"2026_3163_3465",0.99956
"2026_3435_3465",0.98136
"2026_3326_3465",0.97042
"2026_3314_3465",0.95436
"2026_3268_3465",0.9674
"2026_3323_3465",0.94078
"2026_3228_3465",0.9112
"2026_3235_3465",0.9065
"2026_3393_3465",0.84654
"2026_3160_3465",0.86878
"2026_3193_3465",0.745
"2026_3293_3465",0.59064
"2026_3442_3465",0.53272
"2026_3224_3465",0.33158
"2026_3219_3465",0.35948
"2026_3427_3465",0.45844
"2026_3376_3465",0.99834
"2026_3234_3465",0.97272
"2026_3395_3465",0.96228
"2026_3328_3465",0.96582
"2026_3277_3465",0.94618
"2026_3449_3465",0.94018
"2026_3208_3465",0.8973
"2026_3155_3465",0.77502
"2026_3425_3465",0.92576
"2026_3113_3465",0.7868
"2026_3438_3465",0.8316
"2026_3355_3465",0.79738
"2026_3161_3465",0.67628
"2026_3225_3465",0.61872
"2026_3192_3465",0.42802
"2026_3359_3465",0.1361
"2026_3380_3465",0.2218
"2026_3400_3465",0.99838
"2026_3276_3465",0.98528
"2026_3257_3465",0.97278
"2026_3452_3465",0.96024
"2026_3246_3465",0.95746
"2026_3104_3465",0.90476
"2026_3301_3465",0.9244
"2026_3332_3465",0.9093
"2026_3439_3465",0.8637
"2026_3397_3465",0.93152
"2026_3348_3465",0.73778
"2026_3241_3465",0.8246
"2026_3275_3465",0.66076
"2026_3436_3465",0.56432
"2026_3221_3465",0.36782
"2026_3283_3465",0.44522
"2026_3372_3465",0.32936
"2026_3417_3465",0.99938
"2026_3261_3465",0.99668
"2026_3181_3465",0.97778
"2026_3278_3465",0.97132
"2026_3279_3465",0.93848
"2026_3124_3465",0.87394
"2026_3403_3465",0.89718
"2026_3329_3465",0.90044
"2026_3343_3465",0.80902
"2026_3437_3465",0.91514
"2026_3304_3465",0.91824
"2026_3350_3465",0.82124
"2026_3211_3465",0.73432
"2026_3453_3465",0.58764
"2026_3158_3465",0.46838
"2026_3239_3465",0.42496
